Workbook

Sheet Population Definitions
A1: Abbreviation | B1: Full Name | C1: Population type
A2: 0-4M_aus | B2: 0-4M_aus | C2: default
A3: 5-14M_aus | B3: 5-14M_aus | C3: default
A4: 15-29M_aus | B4: 15-29M_aus | C4: default
A5: 30-49M_aus | B5: 30-49M_aus | C5: default
A6: 50-64M_aus | B6: 50-64M_aus | C6: default
A7: 65+M_aus | B7: 65+M_aus | C7: default
A8: 0-4F_aus | B8: 0-4F_aus | C8: default
A9: 5-14F_aus | B9: 5-14F_aus | C9: default
A10: 15-29F_aus | B10: 15-29F_aus | C10: default
A11: 30-49F_aus | B11: 30-49F_aus | C11: default
A12: 50-64F_aus | B12: 50-64F_aus | C12: default
... A37: 65+F_fns | B37: 65+F_fns | C37: default

Sheet Demographics
A1: Total Population Size | B1: Provenance | C1: Units | D1: Uncertainty | E1: 1980 | F1: 1981 | G1: 1982 | H1: 1983 | I1: 1984 | J1: 1985 | K1: 1986 | L1: 1987 | M1: 1988 | N1: 1989 | O1: 1990 | P1: 1991 | Q1: 1992 | R1: 1993 | S1: 1994 | T1: 1995 | U1: 1996 | V1: 1997 | W1: 1998 | X1: 1999 | Y1: 2000 | Z1: 2001 | AA1: 2002 | AB1: 2003 | AC1: 2004 | AD1: 2005 | AE1: 2006 | AF1: 2007 | AG1: 2008 | AH1: 2009 | AI1: 2010 | AJ1: 2011 | AK1: 2012 | AL1: 2013 | AM1: 2014 | AN1: 2015 | AO1: 2016 | AP1: 2017 | AQ1: 2018 | AR1: 2019 | AS1: 2020 | AT1: 2021 | AU1: 2022 | AV1: 2023 | AW1: 2024 | AX1: 2025 | AY1: 2026 | AZ1: 2027 | BA1: 2028 | BB1: 2029 | BC1: 2030 | BD1: 2031 | BE1: 2032 | BF1: 2033 | BG1: 2034 | BH1: 2035 | BI1: 2036 | BJ1: 2037 | BK1: 2038 | BL1: 2039 | BM1: 2040 | BN1: 2041 | BO1: 2042 | BP1: 2043 | BQ1: 2044 | BR1: 2045 | BS1: 2046 | BT1: 2047 | BU1: 2048 | BV1: 2049 | BW1: 2050 | BX1: 2051 | BY1: 2052 | BZ1: 2053 | CA1: 2054 | CB1: 2055 | CC1: 2056 | CD1: 2057 | CE1: 2058 | CF1: 2059 | CG1: 2060 | CH1: 2061 | CI1: 2062 | CJ1: 2063 | CK1: 2064 | CL1: 2065 | CM1: 2066 | CN1: 2067 | CO1: 2068 | CP1: 2069 | CQ1: 2070 | CR1: 2071
A2: ='Population Definitions'!$B$2 -> 0-4M_aus | C2: Number | E2: 540734.46 | F2: 543109.4 | G2: 550721.62 | H2: 558266.28 | I2: 564096.7 | J2: 570466.22 | K2: 574329.34 | L2: 578330.41 | M2: 582405.91 | N2: 588817.7 | O2: 595804.87 | P2: 601601.66 | Q2: 606305.97 | R2: 609183.85 | S2: 610671.28 | T2: 609701.77 | U2: 606231.4 | V2: 605219.59 | W2: 601092.05 | X2: 596698.27 | Y2: 592192.92 | Z2: 590682.02 | AA2: 586772.07 | AB2: 585299.2 | AC2: 584713.18 | AD2: 587596.19 | AE2: 587943.37 | AF2: 606563.81 | AG2: 626851.4 | AH2: 645855.47 | AI2: 660004.92 | AJ2: 658843.13 | AK2: 675981.91 | AL2: 690684 | AM2: 699959.09 | AN2: 706836.08 | AO2: 717383.87 | AP2: 718705 | AQ2: 715073.17 | AR2: 712652.92 | AS2: 706458.96 | AT2: 697536.03 | AU2: 698848.25 | AV2: 700286.56 | AW2: 699100.88
A3: ='Population Definitions'!$B$3 -> 5-14M_aus | C3: Number | E3: 1201766.2 | F3: 1202532 | G3: 1202742 | H3: 1196337.8 | I3: 1179882.8 | J3: 1165385.2 | K3: 1146021.7 | L3: 1131694.2 | M3: 1129167.2 | N3: 1131018.9 | O3: 1135194.1 | P3: 1140497.2 | Q3: 1142860.6 | R3: 1145926.6 | S3: 1150577.4 | T3: 1159563.1 | U3: 1167765.7 | V3: 1171793 | W3: 1176812 | X3: 1184582 | Y3: 1192683.5 | Z3: 1198335.7 | AA3: 1199557 | AB3: 1198390.5 | AC3: 1196428.2 | AD3: 1191963.3 | AE3: 1184050.9 | AF3: 1175571.7 | AG3: 1168350.8 | AH3: 1165021.8 | AI3: 1164995.1 | AJ3: 1171724.2 | AK3: 1180048.5 | AL3: 1194472.2 | AM3: 1211761.3 | AN3: 1233073.9 | AO3: 1260998.3 | AP3: 1285761.6 | AQ3: 1313416.7 | AR3: 1337534.3 | AS3: 1360140.9 | AT3: 1378115.9 | AU3: 1385603.8 | AV3: 1393140.9 | AW3: 1395096.6
A4: ='Population Definitions'!$B$4 -> 15-29M_aus | C4: Number | E4: 1621065 | F4: 1635422 | G4: 1653941.1 | H4: 1660584.3 | I4: 1671148.5 | J4: 1690412.5 | K4: 1713891.3 | L4: 1731662.8 | M4: 1743209.1 | N4: 1749606.5 | O4: 1744005.6 | P4: 1719567 | Q4: 1690797.7 | R4: 1668459 | S4: 1649499.6 | T4: 1639948.7 | U4: 1635692.8 | V4: 1623717.3 | W4: 1611463.7 | X4: 1600280.2 | Y4: 1592713.5 | Z4: 1579646.7 | AA4: 1578067.1 | AB4: 1582584.1 | AC4: 1592794.7 | AD4: 1609654.1 | AE4: 1623468.9 | AF4: 1638096.8 | AG4: 1652751.7 | AH4: 1669306.6 | AI4: 1684195.5 | AJ4: 1725746.3 | AK4: 1734479.3 | AL4: 1738364.5 | AM4: 1739499.5 | AN4: 1738550.8 | AO4: 1756702.5 | AP4: 1753488.5 | AQ4: 1750062 | AR4: 1747078.6 | AS4: 1749089.8 | AT4: 1751996 | AU4: 1765457.5 | AV4: 1726319.2 | AW4: 1712254.4
A5: ='Population Definitions'!$B$5 -> 30-49M_aus | C5: Number | E5: 1318576.9 | F5: 1355379.8 | G5: 1411056.8 | H5: 1460100.5 | I5: 1503202.8 | J5: 1551980.6 | K5: 1602239.8 | L5: 1646097.6 | M5: 1695281 | N5: 1745369.3 | O5: 1792915.3 | P5: 1831613.6 | Q5: 1859987 | R5: 1901663.1 | S5: 1931241.8 | T5: 1952975.7 | U5: 1969766.4 | V5: 1965942.8 | W5: 1972169.2 | X5: 1986373.9 | Y5: 2001229.8 | Z5: 2019344.2 | AA5: 2035380.3 | AB5: 2037519.3 | AC5: 2039342.4 | AD5: 2031440.5 | AE5: 2032617.2 | AF5: 2034282.7 | AG5: 2033723.7 | AH5: 2033135.4 | AI5: 2032133.9 | AJ5: 2017246 | AK5: 2017575 | AL5: 2022313 | AM5: 2027038 | AN5: 2036473 | AO5: 2033866 | AP5: 2047628.7 | AQ5: 2059172.3 | AR5: 2068539.4 | AS5: 2084032.5 | AT5: 2066543.5 | AU5: 2065196.1 | AV5: 2046356.6 | AW5: 2034222.7
A6: ='Population Definitions'!$B$6 -> 50-64M_aus | C6: Number | E6: 646849.78 | F6: 649632.49 | G6: 655694.14 | H6: 661265.14 | I6: 667562.59 | J6: 668427.04 | K6: 668503.87 | L6: 662318.87 | M6: 658259.44 | N6: 655173.34 | O6: 654439.75 | P6: 651868.3 | Q6: 646561.95 | R6: 656913.85 | S6: 676487.19 | T6: 698999.74 | U6: 720633.09 | V6: 776378.47 | W6: 830818.57 | X6: 880763.38 | Y6: 932302.98 | Z6: 974915 | AA6: 1007600.6 | AB6: 1038421.7 | AC6: 1067592.4 | AD6: 1093494.4 | AE6: 1129159 | AF6: 1163305.6 | AG6: 1199073.6 | AH6: 1231698.5 | AI6: 1262130.3 | AJ6: 1293946 | AK6: 1311454 | AL6: 1331214 | AM6: 1349600.3 | AN6: 1359737.7 | AO6: 1358519.7 | AP6: 1368020 | AQ6: 1378680.4 | AR6: 1395425.3 | AS6: 1415092.3 | AT6: 1444303 | AU6: 1462242.6 | AV6: 1480756.1 | AW6: 1489712.4
A7: ='Population Definitions'!$B$7 -> 65+M_aus | C7: Number | E7: 322766.11 | F7: 333305.08 | G7: 346370.64 | H7: 355442.18 | I7: 366085.91 | J7: 383081.77 | K7: 405239.81 | L7: 423106.18 | M7: 437206.87 | N7: 453377.84 | O7: 466355.63 | P7: 483456.76 | Q7: 495102.86 | R7: 517787.21 | S7: 537278.49 | T7: 553084.92 | U7: 569097.84 | V7: 587203.9 | W7: 605730.67 | X7: 624929.62 | Y7: 643115.77 | Z7: 664520.07 | AA7: 681398.78 | AB7: 695365.21 | AC7: 712384.57 | AD7: 728491.17 | AE7: 742491.81 | AF7: 764003.14 | AG7: 783951.29 | AH7: 809966.08 | AI7: 840327.38 | AJ7: 857710.23 | AK7: 895588.16 | AL7: 929066 | AM7: 961822.17 | AN7: 997066.29 | AO7: 1029069.6 | AP7: 1066144.1 | AQ7: 1104418.8 | AR7: 1141708.5 | AS7: 1181517.5 | AT7: 1232353 | AU7: 1270889.3 | AV7: 1319509.2 | AW7: 1367153.5
A8: ='Population Definitions'!$B$8 -> 0-4F_aus | C8: Number | E8: 514618.56 | F8: 517814.32 | G8: 524132.48 | H8: 529757.29 | I8: 535733.04 | J8: 543338.41 | K8: 546474.35 | L8: 550444.99 | M8: 554927.5 | N8: 560435.58 | O8: 565372.25 | P8: 570625.62 | Q8: 575400.78 | R8: 577855.92 | S8: 579056.79 | T8: 578068.31 | U8: 574353.45 | V8: 572978.54 | W8: 568724.42 | X8: 565518.5 | Y8: 561808.26 | Z8: 560642.43 | AA8: 557124.16 | AB8: 555697.44 | AC8: 554436.23 | AD8: 555662.95 | AE8: 556881.82 | AF8: 573853.87 | AG8: 593164.84 | AH8: 611258.72 | AI8: 625204 | AJ8: 624011.13 | AK8: 640547.09 | AL8: 654612.23 | AM8: 664311.87 | AN8: 670952.04 | AO8: 680614.87 | AP8: 680797.91 | AQ8: 676574.04 | AR8: 672866.12 | AS8: 667049.18 | AT8: 659217.94 | AU8: 661649.33 | AV8: 663562.44 | AW8: 663837.88
A9: ='Population Definitions'!$B$9 -> 5-14F_aus | C9: Number | E9: 1151314 | F9: 1152079.3 | G9: 1151038.2 | H9: 1143629.2 | I9: 1126531 | J9: 1110724 | K9: 1089843.8 | L9: 1074818.6 | M9: 1070840.7 | N9: 1072982.9 | O9: 1077163.5 | P9: 1080839.5 | Q9: 1084308.6 | R9: 1088545.2 | S9: 1093986.1 | T9: 1103627.4 | U9: 1112155.5 | V9: 1116880.2 | W9: 1121953.4 | X9: 1128549.1 | Y9: 1134942.3 | Z9: 1139376.8 | AA9: 1139608.6 | AB9: 1137117.9 | AC9: 1134865.3 | AD9: 1131372.9 | AE9: 1124181.6 | AF9: 1116529.5 | AG9: 1109814.4 | AH9: 1106224.4 | AI9: 1105800.3 | AJ9: 1113086.9 | AK9: 1120186 | AL9: 1133621.8 | AM9: 1149064.5 | AN9: 1168722.1 | AO9: 1194620.6 | AP9: 1216632.6 | AQ9: 1240881.3 | AR9: 1263676.1 | AS9: 1285051.6 | AT9: 1301423 | AU9: 1309547.5 | AV9: 1317889.8 | AW9: 1319980.1
A10: ='Population Definitions'!$B$10 -> 15-29F_aus | C10: Number | E10: 1571071.4 | F10: 1584036.9 | G10: 1601351.2 | H10: 1606265.5 | I10: 1614646.8 | J10: 1629113.5 | K10: 1651162.5 | L10: 1673640.2 | M10: 1687982 | N10: 1695498.6 | O10: 1690914.8 | P10: 1670125.5 | Q10: 1642367 | R10: 1619753.8 | S10: 1600708.9 | T10: 1590727.3 | U10: 1588631.7 | V10: 1581753.7 | W10: 1571872 | X10: 1562650.7 | Y10: 1558501.7 | Z10: 1546119.8 | AA10: 1536454.2 | AB10: 1537835.9 | AC10: 1541364.7 | AD10: 1552803 | AE10: 1561094.9 | AF10: 1573699.6 | AG10: 1586162.2 | AH10: 1601049.5 | AI10: 1614375.5 | AJ10: 1644220.2 | AK10: 1654953.7 | AL10: 1660997.5 | AM10: 1664251.3 | AN10: 1665162.6 | AO10: 1681989 | AP10: 1675774.4 | AQ10: 1669121.6 | AR10: 1663106.7 | AS10: 1663221.7 | AT10: 1668072.8 | AU10: 1676297.4 | AV10: 1635632.5 | AW10: 1615402.7
A11: ='Population Definitions'!$B$11 -> 30-49F_aus | C11: Number | E11: 1214984.2 | F11: 1252203.6 | G11: 1305769.4 | H11: 1355526.4 | I11: 1402091.2 | J11: 1454231.6 | K11: 1504018.1 | L11: 1551265.4 | M11: 1602997.5 | N11: 1656036.2 | O11: 1708989.4 | P11: 1755990.4 | Q11: 1790482.5 | R11: 1839641.6 | S11: 1875187.8 | T11: 1902147.3 | U11: 1926720.6 | V11: 1936404.9 | W11: 1953699.7 | X11: 1976283.1 | Y11: 1996564.2 | Z11: 2020914.7 | AA11: 2036579.6 | AB11: 2040762.6 | AC11: 2041086.1 | AD11: 2030876 | AE11: 2029558.9 | AF11: 2031648.5 | AG11: 2030600.6 | AH11: 2029105.7 | AI11: 2026907.6 | AJ11: 2015329.6 | AK11: 2015967.7 | AL11: 2019758.1 | AM11: 2025192.4 | AN11: 2034298.2 | AO11: 2040515.9 | AP11: 2049057.4 | AQ11: 2055742.7 | AR11: 2058614.5 | AS11: 2067506.1 | AT11: 2052036 | AU11: 2049375.4 | AV11: 2037997.9 | AW11: 2029635.5
A12: ='Population Definitions'!$B$12 -> 50-64F_aus | C12: Number | E12: 669340.44 | F12: 672872.15 | G12: 672633.98 | H12: 672281.45 | I12: 673098.05 | J12: 670102.38 | K12: 664273.06 | L12: 656643.18 | M12: 650405.9 | N12: 645991.87 | O12: 642315.94 | P12: 638535.98 | Q12: 632553.17 | R12: 641906.92 | S12: 661502.39 | T12: 684327.9 | U12: 704900.58 | V12: 758293.57 | W12: 810310.99 | X12: 861453.55 | Y12: 914575.32 | Z12: 962163.13 | AA12: 1000597.8 | AB12: 1037547.5 | AC12: 1074010.5 | AD12: 1108249.4 | AE12: 1142144.3 | AF12: 1175438.4 | AG12: 1210660 | AH12: 1242121 | AI12: 1271692.1 | AJ12: 1304245.3 | AK12: 1324701 | AL12: 1349057.3 | AM12: 1370709.6 | AN12: 1384338.3 | AO12: 1388946.5 | AP12: 1399972.7 | AQ12: 1410456.2 | AR12: 1426214.7 | AS12: 1442748.2 | AT12: 1476019.1 | AU12: 1495059.5 | AV12: 1514282.7 | AW12: 1523540.6
A13: ='Population Definitions'!$B$13 -> 65+F_aus | C13: Number | E13: 524982.81 | F13: 541788.99 | G13: 562265.18 | H13: 579079.56 | I13: 596163.44 | J13: 618057.66 | K13: 644861.89 | L13: 665369.91 | M13: 683382.29 | N13: 701474.58 | O13: 715496.63 | P13: 733686.08 | Q13: 745385.44 | R13: 769682.2 | S13: 789706.85 | T13: 805149.78 | U13: 821577.73 | V13: 839278.19 | W13: 857271.23 | X13: 875427.39 | Y13: 893669.97 | Z13: 912601.56 | AA13: 925239.87 | AB13: 935826.05 | AC13: 949235.96 | AD13: 961080.91 | AE13: 971713.32 | AF13: 989932.38 | AG13: 1006994.5 | AH13: 1029583.6 | AI13: 1056552 | AJ13: 1070542.8 | AK13: 1103995.9 | AL13: 1132871.7 | AM13: 1161676.6 | AN13: 1192532.1 | AO13: 1219491.8 | AP13: 1254563.4 | AQ13: 1291969.8 | AR13: 1329917.6 | AS13: 1370518.9 | AT13: 1429110.4 | AU13: 1470023.2 | AV13: 1520874.1 | AW13: 1571721.8
A14: ='Population Definitions'!$B$14 -> 0-4M_oth | C14: Number | E14: 11027.418 | F14: 11308.226 | G14: 11505.991 | H14: 11721.157 | I14: 11920.031 | J14: 12079.879 | K14: 12314.808 | L14: 12683.042 | M14: 13074.7 | N14: 13483.475 | O14: 13872.84 | P14: 14305.111 | Q14: 14851.936 | R14: 14919.77 | S14: 15064.156 | T14: 15299.098 | U14: 15620.016 | V14: 15789.948 | W14: 15879.672 | X14: 15985.146 | Y14: 16099.146 | Z14: 16378.088 | AA14: 16708.882 | AB14: 17119.801 | AC14: 17450.47 | AD14: 17940.082 | AE14: 24809.851 | AF14: 26760.039 | AG14: 29220.082 | AH14: 30649.958 | AI14: 29540.079 | AJ14: 32889.868 | AK14: 34570.09 | AL14: 35580 | AM14: 34849.912 | AN14: 33739.915 | AO14: 34300.127 | AP14: 34570 | AQ14: 33219.835 | AR14: 31950.08 | AS14: 28510.036 | AT14: 22759.971 | AU14: 21509.751 | AV14: 25141.441 | AW14: 28503.119
A15: ='Population Definitions'!$B$15 -> 5-14M_oth | C15: Number | E15: 69372.788 | F15: 71139.335 | G15: 72383.462 | H15: 73737.058 | I15: 74988.158 | J15: 75993.756 | K15: 77471.674 | L15: 79788.212 | M15: 82252.108 | N15: 84823.689 | O15: 87273.159 | P15: 89992.549 | Q15: 93432.585 | R15: 93859.329 | S15: 94767.648 | T15: 96245.655 | U15: 98264.529 | V15: 99333.564 | W15: 99898.012 | X15: 100561.54 | Y15: 101278.71 | Z15: 103033.51 | AA15: 105114.52 | AB15: 107699.58 | AC15: 109779.8 | AD15: 112859.92 | AE15: 119659.66 | AF15: 127010.37 | AG15: 135949.71 | AH15: 144769.07 | AI15: 148959.89 | AJ15: 155289.78 | AK15: 162220.45 | AL15: 168139.77 | AM15: 172069.65 | AN15: 174240.12 | AO15: 170829.67 | AP15: 177099.44 | AQ15: 180380.34 | AR15: 183380.67 | AS15: 183730.11 | AT15: 175760.11 | AU15: 173720.21 | AV15: 180370.14 | AW15: 187257.39
A16: ='Population Definitions'!$B$16 -> 15-29M_oth | C16: Number | E16: 248570.99 | F16: 254900.74 | G16: 259358.6 | H16: 264208.69 | I16: 268691.53 | J16: 272294.71 | K16: 277590.26 | L16: 285890.7 | M16: 294719.13 | N16: 303933.41 | O16: 312710.16 | P16: 322454.06 | Q16: 334780.12 | R16: 336309.19 | S16: 339563.81 | T16: 344859.68 | U16: 352093.55 | V16: 355924.03 | W16: 357946.52 | X16: 360324.02 | Y16: 362893.72 | Z16: 369181.39 | AA16: 376637.89 | AB16: 385900.47 | AC16: 393354.15 | AD16: 404390.58 | AE16: 429159 | AF16: 474788.5 | AG16: 534437.9 | AH16: 595572.01 | AI16: 611659.49 | AJ16: 578590.72 | AK16: 596550.73 | AL16: 615541.5 | AM16: 629920.51 | AN16: 647149.22 | AO16: 649698.46 | AP16: 680530.53 | AQ16: 709160 | AR16: 736409.44 | AS16: 708949.18 | AT16: 628560 | AU16: 655195.51 | AV16: 759641.77 | AW16: 819366.63
A17: ='Population Definitions'!$B$17 -> 30-49M_oth | C17: Number | E17: 513995.29 | F17: 527083.94 | G17: 536301.91 | H17: 546330.94 | I17: 555600.56 | J17: 563051.21 | K17: 574001.37 | L17: 591165.01 | M17: 609420.45 | N17: 628473.75 | O17: 646622.31 | P17: 666770.75 | Q17: 692258.59 | R17: 695420.41 | S17: 702150.31 | T17: 713101.12 | U17: 728059.32 | V17: 735979.99 | W17: 740162.09 | X17: 745078.28 | Y17: 750391.91 | Z17: 763393.56 | AA17: 778812.12 | AB17: 797965.3 | AC17: 813378.01 | AD17: 836199.15 | AE17: 848779.14 | AF17: 869881.74 | AG17: 898467.92 | AH17: 928968.48 | AI17: 949598.15 | AJ17: 988540 | AK17: 1026732 | AL17: 1061868 | AM17: 1084580 | AN17: 1108778 | AO17: 1150059 | AP17: 1192829.3 | AQ17: 1231616.7 | AR17: 1268292.6 | AS17: 1299298.5 | AT17: 1323298.5 | AU17: 1352863.9 | AV17: 1427201.4 | AW17: 1492140.3
A18: ='Population Definitions'!$B$18 -> 50-64M_oth | C18: Number | E18: 377812.49 | F18: 387433.31 | G18: 394208.98 | H18: 401580.82 | I18: 408394.46 | J18: 413871.06 | K18: 421919.98 | L18: 434536.13 | M18: 447954.8 | N18: 461959.93 | O18: 475300.04 | P18: 490110.16 | Q18: 508845.01 | R18: 511169.11 | S18: 516115.92 | T18: 524165.33 | U18: 535160.36 | V18: 540982.45 | W18: 544056.5 | X18: 547670.15 | Y18: 551575.94 | Z18: 561132.8 | AA18: 572466.22 | AB18: 586544.78 | AC18: 597873.9 | AD18: 614648.59 | AE18: 624061.05 | AF18: 635379.31 | AG18: 646998.63 | AH18: 656746.93 | AI18: 667089.66 | AJ18: 676687.98 | AK18: 681519 | AL18: 687789 | AM18: 693580.66 | AN18: 699538.34 | AO18: 714887.31 | AP18: 725310 | AQ18: 735097.63 | AR18: 746680.68 | AS18: 764772.73 | AT18: 764787.98 | AU18: 770958.41 | AV18: 784795.87 | AW18: 797115.59
A19: ='Population Definitions'!$B$19 -> 65+M_oth | C19: Number | E19: 265854.32 | F19: 272624.18 | G19: 277391.99 | H19: 282579.32 | I19: 287373.85 | J19: 291227.56 | K19: 296891.32 | L19: 305768.89 | M19: 315211.17 | N19: 325066.13 | O19: 334453.13 | P19: 344874.53 | Q19: 358057.63 | R19: 359693.02 | S19: 363173.93 | T19: 368838.03 | U19: 376574.88 | V19: 380671.69 | W19: 382834.8 | X19: 385377.61 | Y19: 388125.99 | Z19: 394850.84 | AA19: 402825.8 | AB19: 412732.42 | AC19: 420704.35 | AD19: 432508.15 | AE19: 446288.88 | AF19: 462367.76 | AG19: 477748.5 | AH19: 495481.13 | AI19: 514249.62 | AJ19: 548510.77 | AK19: 574118.84 | AL19: 599510 | AM19: 622318.83 | AN19: 642412.71 | AO19: 667728.44 | AP19: 685716.9 | AQ19: 703299.23 | AR19: 722518.47 | AS19: 753688.46 | AT19: 760660 | AU19: 774748.7 | AV19: 797668.83 | AW19: 821524.47
A20: ='Population Definitions'!$B$20 -> 0-4F_oth | C20: Number | E20: 10695.371 | F20: 10967.724 | G20: 11159.534 | H20: 11368.221 | I20: 11561.107 | J20: 11716.142 | K20: 11943.996 | L20: 12301.143 | M20: 12681.007 | N20: 13077.474 | O20: 13455.115 | P20: 13874.37 | Q20: 14404.729 | R20: 14470.521 | S20: 14610.559 | T20: 14838.427 | U20: 15149.681 | V20: 15314.497 | W20: 15401.519 | X20: 15503.817 | Y20: 15614.385 | Z20: 15884.927 | AA20: 16205.761 | AB20: 16604.306 | AC20: 16925.019 | AD20: 17399.888 | AE20: 23620.075 | AF20: 25619.921 | AG20: 27720.041 | AH20: 29269.789 | AI20: 28040 | AJ20: 31169.868 | AK20: 32869.91 | AL20: 33479.774 | AM20: 32930.132 | AN20: 31929.958 | AO20: 33000.129 | AP20: 32960.086 | AQ20: 31519.959 | AR20: 30219.88 | AS20: 27189.818 | AT20: 21600.059 | AU20: 20389.667 | AV20: 23814.556 | AW20: 27054.123
A21: ='Population Definitions'!$B$21 -> 5-14F_oth | C21: Number | E21: 65512.794 | F21: 67181.047 | G21: 68355.95 | H21: 69634.23 | I21: 70815.717 | J21: 71765.362 | K21: 73161.047 | L21: 75348.69 | M21: 77675.491 | N21: 80103.986 | O21: 82417.164 | P21: 84985.244 | Q21: 88233.872 | R21: 88636.871 | S21: 89494.65 | T21: 90890.419 | U21: 92796.96 | V21: 93806.512 | W21: 94339.554 | X21: 94966.163 | Y21: 95643.427 | Z21: 97300.59 | AA21: 99265.808 | AB21: 101707.03 | AC21: 103671.51 | AD21: 106580.24 | AE21: 113019.4 | AF21: 120379.82 | AG21: 128750.58 | AH21: 137260.52 | AI21: 141609.68 | AJ21: 146660.11 | AK21: 152850 | AL21: 158419.2 | AM21: 161880.46 | AN21: 163709.89 | AO21: 161380.44 | AP21: 167130.45 | AQ21: 170020.67 | AR21: 173219.89 | AS21: 173339.45 | AT21: 165340 | AU21: 164168.54 | AV21: 170612.17 | AW21: 177312.86
A22: ='Population Definitions'!$B$22 -> 15-29F_oth | C22: Number | E22: 244077.32 | F22: 250292.64 | G22: 254669.91 | H22: 259432.32 | I22: 263834.12 | J22: 267372.16 | K22: 272571.99 | L22: 280722.37 | M22: 289391.2 | N22: 298438.9 | O22: 307056.98 | P22: 316624.73 | Q22: 328727.96 | R22: 330229.39 | S22: 333425.17 | T22: 338625.31 | U22: 345728.4 | V22: 349489.63 | W22: 351475.56 | X22: 353810.08 | Y22: 356333.32 | Z22: 362507.32 | AA22: 369829.02 | AB22: 378924.16 | AC22: 386243.09 | AD22: 397080 | AE22: 421847.97 | AF22: 456729.36 | AG22: 504527.92 | AH22: 554448.77 | AI22: 576627.48 | AJ22: 563569.76 | AK22: 585239.25 | AL22: 606950.51 | AM22: 627058.7 | AN22: 647788.4 | AO22: 656030 | AP22: 685890.55 | AQ22: 709809.43 | AR22: 725218.27 | AS22: 693380.28 | AT22: 606979.24 | AU22: 626608.55 | AV22: 723520.54 | AW22: 781503.33
A23: ='Population Definitions'!$B$23 -> 30-49F_oth | C23: Number | E23: 537597.21 | F23: 551286.88 | G23: 560928.11 | H23: 571417.66 | I23: 581112.93 | J23: 588905.71 | K23: 600358.68 | L23: 618310.45 | M23: 637404.16 | N23: 657332.35 | O23: 676314.27 | P23: 697387.9 | Q23: 724046.1 | R23: 727353.11 | S23: 734392.03 | T23: 745845.69 | U23: 761490.75 | V23: 769775.12 | W23: 774149.26 | X23: 779291.2 | Y23: 784848.82 | Z23: 798447.48 | AA23: 814574.04 | AB23: 834606.71 | AC23: 850727.15 | AD23: 874596.2 | AE23: 887517.35 | AF23: 908131.5 | AG23: 935098.78 | AH23: 964268.44 | AI23: 985798.42 | AJ23: 1020057.4 | AK23: 1054380.3 | AL23: 1089566.9 | AM23: 1120967.6 | AN23: 1154591.8 | AO23: 1197992.1 | AP23: 1247059.6 | AQ23: 1293359.3 | AR23: 1339488.5 | AS23: 1379421.9 | AT23: 1402090 | AU23: 1438358.6 | AV23: 1513684.1 | AW23: 1579986.5
A24: ='Population Definitions'!$B$24 -> 50-64F_oth | C24: Number | E24: 367152.9 | F24: 376502.28 | G24: 383086.78 | H24: 390250.63 | I24: 396872.03 | J24: 402194.12 | K24: 410015.95 | L24: 422276.14 | M24: 435316.22 | N24: 448926.21 | O24: 461889.94 | P24: 476282.21 | Q24: 494488.48 | R24: 496747 | S24: 501554.25 | T24: 509376.54 | U24: 520061.36 | V24: 525719.19 | W24: 528706.51 | X24: 532218.21 | Y24: 536013.79 | Z24: 545301.02 | AA24: 556314.68 | AB24: 569996.03 | AC24: 581005.51 | AD24: 597306.92 | AE24: 614069.66 | AF24: 631287.26 | AG24: 648459.66 | AH24: 663507.61 | AI24: 679846.93 | AJ24: 694410.68 | AK24: 704217.96 | AL24: 716551.69 | AM24: 729791.36 | AN24: 742179.66 | AO24: 761546.55 | AP24: 776058.26 | AQ24: 788403.84 | AR24: 804129.3 | AS24: 832102.85 | AT24: 819037.92 | AU24: 825459.48 | AV24: 842000.33 | AW24: 856702.36
A25: ='Population Definitions'!$B$25 -> 65+F_oth | C25: Number | E25: 286183.73 | F25: 293471.27 | G25: 298603.67 | H25: 304187.66 | I25: 309348.83 | J25: 313497.22 | K25: 319594.08 | L25: 329150.5 | M25: 339314.82 | N25: 349923.37 | O25: 360028.17 | P25: 371246.48 | Q25: 385437.67 | R25: 387198.11 | S25: 390945.21 | T25: 397042.43 | U25: 405370.9 | V25: 409780.99 | W25: 412109.51 | X25: 414846.76 | Y25: 417805.3 | Z25: 425044.39 | AA25: 433629.18 | AB25: 444293.34 | AC25: 452874.88 | AD25: 465581.29 | AE25: 478779.02 | AF25: 494928.68 | AG25: 510493.67 | AH25: 528941.01 | AI25: 548322.03 | AJ25: 581816.16 | AK25: 608722.11 | AL25: 635339.29 | AM25: 660290.36 | AN25: 683678.92 | AO25: 714658.17 | AP25: 737679.63 | AQ25: 761388.17 | AR25: 788860.37 | AS25: 828728.14 | AT25: 835629.64 | AU25: 857933.83 | AV25: 890348.93 | AW25: 922455.24
A26: ='Population Definitions'!$B$26 -> 0-4M_fns | C26: Number | E26: 27483.295 | F26: 28134.126 | G26: 28800.37 | H26: 29482.391 | I26: 30180.563 | J26: 30895.268 | K26: 31626.898 | L26: 32375.854 | M26: 33142.546 | N26: 33927.394 | O26: 34730.828 | P26: 35553.288 | Q26: 36395.225 | R26: 37257.099 | S26: 38139.384 | T26: 39042.562 | U26: 39967.128 | V26: 40913.588 | W26: 41882.462 | X26: 42874.28 | Y26: 43889.585 | Z26: 44928.933 | AA26: 45992.894 | AB26: 47082.051 | AC26: 48197 | AD26: 49338.352 | AE26: 50506.733 | AF26: 51702.781 | AG26: 52927.154 | AH26: 54180.521 | AI26: 55463.568 | AJ26: 56777 | AK26: 56794 | AL26: 56670 | AM26: 56576 | AN26: 56399 | AO26: 56462 | AP26: 56209 | AQ26: 55735 | AR26: 55483 | AS26: 55049 | AT26: 54602 | AU26: 55603 | AV26: 56883 | AW26: 58194 | AX26: 60002 | AY26: 62014 | AZ26: 62989 | BA26: 63955 | BB26: 64927 | BC26: 65887 | BD26: 66808 | BE26: 67533.161 | BF26: 68310.795 | BG26: 69195.246 | BH26: 70156.822 | BI26: 71187.072 | BJ26: 72260.788 | BK26: 73361.774 | BL26: 74506.235 | BM26: 75670.625 | BN26: 76853.425 | BO26: 78043.612 | BP26: 79231.406 | BQ26: 80422.534 | BR26: 81620.935 | BS26: 82829.485 | BT26: 84041.091 | BU26: 85263.528 | BV26: 86500.094 | BW26: 87764.268 | BX26: 89064.977 | BY26: 90389.823 | BZ26: 91733.871 | CA26: 93115.095 | CB26: 94536.228 | CC26: 95992.367 | CD26: 97485.986 | CE26: 99013.777 | CF26: 100564.61 | CG26: 102135.23 | CH26: 103732.32 | CI26: 105346.68 | CJ26: 106988.55 | CK26: 108654.48 | CL26: 110342.71 | CM26: 112052.51 | CN26: 113796.03 | CO26: 115553.31 | CP26: 117330.22 | CQ26: 119131.96 | CR26: 120953.07
A27: ='Population Definitions'!$B$27 -> 5-14M_fns | C27: Number | E27: 45488.757 | F27: 46565.976 | G27: 47668.703 | H27: 48797.545 | I27: 49953.119 | J27: 51136.057 | K27: 52347.009 | L27: 53586.638 | M27: 54855.622 | N27: 56154.656 | O27: 57484.454 | P27: 58845.742 | Q27: 60239.267 | R27: 61665.791 | S27: 63126.098 | T27: 64620.985 | U27: 66151.274 | V27: 67717.8 | W27: 69321.424 | X27: 70963.023 | Y27: 72643.497 | Z27: 74363.766 | AA27: 76124.773 | AB27: 77927.482 | AC27: 79772.881 | AD27: 81661.981 | AE27: 83595.817 | AF27: 85575.447 | AG27: 87601.958 | AH27: 89676.458 | AI27: 91800.084 | AJ27: 93974 | AK27: 96734 | AL27: 99395 | AM27: 101836 | AN27: 104106 | AO27: 105957 | AP27: 107839 | AQ27: 109854 | AR27: 111546 | AS27: 112481 | AT27: 113060 | AU27: 112825 | AV27: 112228 | AW27: 111883 | AX27: 111275 | AY27: 110892 | AZ27: 111640 | BA27: 112447 | BB27: 113506 | BC27: 114881 | BD27: 116445 | BE27: 118416 | BF27: 120341.57 | BG27: 122236.2 | BH27: 124123.55 | BI27: 126019.3 | BJ27: 127935.99 | BK27: 129880.09 | BL27: 131854.29 | BM27: 133864.2 | BN27: 135910.32 | BO27: 137992.79 | BP27: 140109.62 | BQ27: 142257.1 | BR27: 144432.97 | BS27: 146635.97 | BT27: 148865.5 | BU27: 151119.66 | BV27: 153398.2 | BW27: 155701.59 | BX27: 158032.82 | BY27: 160396.36 | BZ27: 162793.86 | CA27: 165225.82 | CB27: 167696.22 | CC27: 170209.17 | CD27: 172767.44 | CE27: 175374.04 | CF27: 178031.04 | CG27: 180738.15 | CH27: 183494.47 | CI27: 186300.49 | CJ27: 189154.88 | CK27: 192058.4 | CL27: 195011.09 | CM27: 198012.62 | CN27: 201062.58 | CO27: 204162.93 | CP27: 207311.59 | CQ27: 210507.8 | CR27: 213751.89
A28: ='Population Definitions'!$B$28 -> 15-29M_fns | C28: Number | E28: 50294.958 | F28: 51485.991 | G28: 52705.23 | H28: 53953.342 | I28: 55231.01 | J28: 56538.934 | K28: 57877.831 | L28: 59248.435 | M28: 60651.496 | N28: 62087.782 | O28: 63558.082 | P28: 65063.2 | Q28: 66603.96 | R28: 68181.207 | S28: 69795.804 | T28: 71448.637 | U28: 73140.611 | V28: 74872.652 | W28: 76645.71 | X28: 78460.755 | Y28: 80318.783 | Z28: 82220.81 | AA28: 84167.879 | AB28: 86161.057 | AC28: 88201.435 | AD28: 90290.132 | AE28: 92428.29 | AF28: 94617.083 | AG28: 96857.708 | AH28: 99151.393 | AI28: 101499.4 | AJ28: 103903 | AK28: 106816 | AL28: 109773 | AM28: 112680 | AN28: 115772 | AO28: 118837 | AP28: 121883 | AQ28: 124763 | AR28: 127468 | AS28: 130440 | AT28: 133338 | AU28: 136924 | AV28: 140434 | AW28: 143810 | AX28: 146744 | AY28: 149403 | AZ28: 152157 | BA28: 154674 | BB28: 157005 | BC28: 159081 | BD28: 160984 | BE28: 162591 | BF28: 164290.33 | BG28: 166072.32 | BH28: 167929.25 | BI28: 169856.05 | BJ28: 171849.44 | BK28: 173907.54 | BL28: 176029.14 | BM28: 178213.39 | BN28: 180460.01 | BO28: 182768.79 | BP28: 185139.52 | BQ28: 187571.85 | BR28: 190065.07 | BS28: 192618.32 | BT28: 195230.65 | BU28: 197901.14 | BV28: 200628.71 | BW28: 203412.34 | BX28: 206251.11 | BY28: 209144.43 | BZ28: 212092.17 | CA28: 215094.37 | CB28: 218151.1 | CC28: 221262.81 | CD28: 224430.32 | CE28: 227654.65 | CF28: 230937.04 | CG28: 234278.88 | CH28: 237681.42 | CI28: 241145.78 | CJ28: 244673.03 | CK28: 248264.08 | CL28: 251919.85 | CM28: 255641.2 | CN28: 259428.92 | CO28: 263283.72 | CP28: 267206.44 | CQ28: 271197.68 | CR28: 275257.93
A29: ='Population Definitions'!$B$29 -> 30-49M_fns | C29: Number | E29: 46262.28 | F29: 47357.816 | G29: 48479.296 | H29: 49627.333 | I29: 50802.557 | J29: 52005.611 | K29: 53237.155 | L29: 54497.863 | M29: 55788.425 | N29: 57109.55 | O29: 58461.96 | P29: 59846.396 | Q29: 61263.617 | R29: 62714.4 | S29: 64199.538 | T29: 65719.846 | U29: 67276.156 | V29: 68869.322 | W29: 70500.214 | X29: 72169.729 | Y29: 73878.778 | Z29: 75628.3 | AA29: 77419.252 | AB29: 79252.616 | AC29: 81129.395 | AD29: 83050.619 | AE29: 85017.339 | AF29: 87030.633 | AG29: 89091.603 | AH29: 91201.379 | AI29: 93361.117 | AJ29: 95572 | AK29: 96524 | AL29: 97789 | AM29: 99133 | AN29: 100402 | AO29: 101863 | AP29: 103312 | AQ29: 104810 | AR29: 106662 | AS29: 108455 | AT29: 110255 | AU29: 112094 | AV29: 114493 | AW29: 117182 | AX29: 120399 | AY29: 123582 | AZ29: 126928 | BA29: 130778 | BB29: 134598 | BC29: 138498 | BD29: 142180 | BE29: 145839 | BF29: 149447.52 | BG29: 153012.8 | BH29: 156541.22 | BI29: 160038.49 | BJ29: 163509.81 | BK29: 166959.98 | BL29: 170393.51 | BM29: 173814.68 | BN29: 177227.53 | BO29: 180635.96 | BP29: 184043.66 | BQ29: 187454.21 | BR29: 190871.02 | BS29: 194297.3 | BT29: 197736.11 | BU29: 201190.34 | BV29: 204662.71 | BW29: 208155.77 | BX29: 211671.9 | BY29: 215213.37 | BZ29: 218782.29 | CA29: 222380.71 | CB29: 226010.58 | CC29: 229673.8 | CD29: 233372.19 | CE29: 237107.59 | CF29: 240881.79 | CG29: 244696.6 | CH29: 248553.83 | CI29: 252455.3 | CJ29: 256402.8 | CK29: 260398.15 | CL29: 264443.12 | CM29: 268539.48 | CN29: 272688.97 | CO29: 276893.31 | CP29: 281154.19 | CQ29: 285473.3 | CR29: 289852.28
A30: ='Population Definitions'!$B$30 -> 50-64M_fns | C30: Number | E30: 19531.209 | F30: 19993.728 | G30: 20467.199 | H30: 20951.882 | I30: 21448.043 | J30: 21955.954 | K30: 22475.892 | L30: 23008.143 | M30: 23552.998 | N30: 24110.757 | O30: 24681.723 | P30: 25266.21 | Q30: 25864.539 | R30: 26477.036 | S30: 27104.038 | T30: 27745.889 | U30: 28402.938 | V30: 29075.548 | W30: 29764.085 | X30: 30468.928 | Y30: 31190.462 | Z30: 31929.083 | AA30: 32685.195 | AB30: 33459.212 | AC30: 34251.559 | AD30: 35062.669 | AE30: 35892.988 | AF30: 36742.969 | AG30: 37613.078 | AH30: 38503.793 | AI30: 39415.6 | AJ30: 40349 | AK30: 42260 | AL30: 44044 | AM30: 45944 | AN30: 47611 | AO30: 49129 | AP30: 50705 | AQ30: 52290 | AR30: 53845 | AS30: 55526 | AT30: 57503 | AU30: 59193 | AV30: 60665 | AW30: 61721 | AX30: 62499 | AY30: 63086 | AZ30: 63495 | BA30: 63752 | BB30: 64072 | BC30: 64418 | BD30: 65134 | BE30: 65828.917 | BF30: 66606.653 | BG30: 67459.951 | BH30: 68382.288 | BI30: 69367.799 | BJ30: 70411.206 | BK30: 71507.766 | BL30: 72653.215 | BM30: 73843.734 | BN30: 75075.905 | BO30: 76346.679 | BP30: 77653.345 | BQ30: 78993.504 | BR30: 80365.038 | BS30: 81766.093 | BT30: 83195.047 | BU30: 84650.496 | BV30: 86131.23 | BW30: 87636.214 | BX30: 89164.572 | BY30: 90715.568 | BZ30: 92288.598 | CA30: 93883.168 | CB30: 95498.893 | CC30: 97135.479 | CD30: 98792.721 | CE30: 100470.49 | CF30: 102168.73 | CG30: 103887.45 | CH30: 105626.72 | CI30: 107386.69 | CJ30: 109167.53 | CK30: 110969.49 | CL30: 112792.86 | CM30: 114637.96 | CN30: 116505.16 | CO30: 118394.87 | CP30: 120307.54 | CQ30: 122243.63 | CR30: 124203.65
A31: ='Population Definitions'!$B$31 -> 65+M_fns | C31: Number | E31: 5988.7512 | F31: 6130.5707 | G31: 6275.7486 | H31: 6424.3645 | I31: 6576.4997 | J31: 6732.2377 | K31: 6891.6636 | L31: 7054.865 | M31: 7221.9311 | N31: 7392.9535 | O31: 7568.0258 | P31: 7747.2441 | Q31: 7930.7064 | R31: 8118.5133 | S31: 8310.7677 | T31: 8507.5748 | U31: 8709.0425 | V31: 8915.2811 | W31: 9126.4037 | X31: 9342.5259 | Y31: 9563.766 | Z31: 9790.2454 | AA31: 10022.088 | AB31: 10259.421 | AC31: 10502.374 | AD31: 10751.08 | AE31: 11005.677 | AF31: 11266.302 | AG31: 11533.099 | AH31: 11806.214 | AI31: 12085.797 | AJ31: 12372 | AK31: 13381 | AL31: 14470 | AM31: 15454 | AN31: 16596 | AO31: 17808 | AP31: 19048 | AQ31: 20331 | AR31: 21620 | AS31: 23099 | AT31: 24600 | AU31: 26097 | AV31: 27565 | AW31: 29127 | AX31: 30761 | AY31: 32582 | AZ31: 34355 | BA31: 36088 | BB31: 37822 | BC31: 39487 | BD31: 41087 | BE31: 42708.593 | BF31: 44291.721 | BG31: 45842.723 | BH31: 47367.238 | BI31: 48870.287 | BJ31: 50356.333 | BK31: 51829.339 | BL31: 53292.824 | BM31: 54749.907 | BN31: 56203.352 | BO31: 57655.604 | BP31: 59108.83 | BQ31: 60564.945 | BR31: 62025.64 | BS31: 63492.415 | BT31: 64966.596 | BU31: 66449.357 | BV31: 67941.741 | BW31: 69444.677 | BX31: 70958.991 | BY31: 72485.424 | BZ31: 74024.642 | CA31: 75577.245 | CB31: 77143.78 | CC31: 78724.745 | CD31: 80320.601 | CE31: 81931.772 | CF31: 83558.66 | CG31: 85201.641 | CH31: 86861.075 | CI31: 88537.312 | CJ31: 90230.687 | CK31: 91941.535 | CL31: 93670.185 | CM31: 95416.968 | CN31: 97182.216 | CO31: 98966.266 | CP31: 100769.46 | CQ31: 102592.16 | CR31: 104434.71
A32: ='Population Definitions'!$B$32 -> 0-4F_fns | C32: Number | E32: 26354.959 | F32: 26979.07 | G32: 27617.961 | H32: 28271.981 | I32: 28941.489 | J32: 29626.852 | K32: 30328.445 | L32: 31046.652 | M32: 31781.867 | N32: 32534.493 | O32: 33304.941 | P32: 34093.635 | Q32: 34901.006 | R32: 35727.496 | S32: 36573.558 | T32: 37439.655 | U32: 38326.263 | V32: 39233.866 | W32: 40162.963 | X32: 41114.061 | Y32: 42087.682 | Z32: 43084.36 | AA32: 44104.64 | AB32: 45149.081 | AC32: 46218.255 | AD32: 47312.748 | AE32: 48433.161 | AF32: 49580.105 | AG32: 50754.211 | AH32: 51956.12 | AI32: 53186.492 | AJ32: 54446 | AK32: 54406 | AL32: 54051 | AM32: 53443 | AN32: 52981 | AO32: 52647 | AP32: 52118 | AQ32: 51664 | AR32: 51545 | AS32: 51291 | AT32: 51196 | AU32: 52284 | AV32: 53769 | AW32: 55318 | AX32: 57042 | AY32: 58854 | AZ32: 59777 | BA32: 60692 | BB32: 61612 | BC32: 62520 | BD32: 63392 | BE32: 64127.196 | BF32: 64903.668 | BG32: 65774.865 | BH32: 66713.873 | BI32: 67713.741 | BJ32: 68751.346 | BK32: 69811.977 | BL32: 70911.64 | BM32: 72028.372 | BN32: 73161.099 | BO32: 74299.621 | BP32: 75434.867 | BQ32: 76572.485 | BR32: 77716.383 | BS32: 78869.426 | BT32: 80024.959 | BU32: 81190.471 | BV32: 82369.167 | BW32: 83573.936 | BX32: 84813.323 | BY32: 86075.556 | BZ32: 87355.96 | CA32: 88671.676 | CB32: 90025.326 | CC32: 91412.251 | CD32: 92834.822 | CE32: 94289.897 | CF32: 95766.878 | CG32: 97262.685 | CH32: 98783.675 | CI32: 100321.1 | CJ32: 101884.7 | CK32: 103471.2 | CL32: 105078.94 | CM32: 106707.2 | CN32: 108367.58 | CO32: 110041.04 | CP32: 111733.2 | CQ32: 113449 | CR32: 115183.25
A33: ='Population Definitions'!$B$33 -> 5-14F_fns | C33: Number | E33: 43249.026 | F33: 44273.206 | G33: 45321.638 | H33: 46394.899 | I33: 47493.576 | J33: 48618.27 | K33: 49769.598 | L33: 50948.191 | M33: 52154.694 | N33: 53389.768 | O33: 54654.09 | P33: 55948.353 | Q33: 57273.264 | R33: 58629.551 | S33: 60017.956 | T33: 61439.24 | U33: 62894.182 | V33: 64383.578 | W33: 65908.244 | X33: 67469.015 | Y33: 69066.748 | Z33: 70702.316 | AA33: 72376.616 | AB33: 74090.565 | AC33: 75845.102 | AD33: 77641.188 | AE33: 79479.808 | AF33: 81361.967 | AG33: 83288.698 | AH33: 85261.056 | AI33: 87280.121 | AJ33: 89347 | AK33: 92004 | AL33: 94604 | AM33: 97062 | AN33: 99409 | AO33: 101247 | AP33: 103303 | AQ33: 104911 | AR33: 106134 | AS33: 106913 | AT33: 106984 | AU33: 106417 | AV33: 105610 | AW33: 104885 | AX33: 104171 | AY33: 103746 | AZ33: 104304 | BA33: 105334 | BB33: 106764 | BC33: 108234 | BD33: 109951 | BE33: 111958 | BF33: 113919.65 | BG33: 115848.23 | BH33: 117765.24 | BI33: 119684.95 | BJ33: 121618.91 | BK33: 123573.14 | BL33: 125550.2 | BM33: 127555.53 | BN33: 129589.81 | BO33: 131653.43 | BP33: 133744.75 | BQ33: 135860.55 | BR33: 137998.99 | BS33: 140159.17 | BT33: 142340.83 | BU33: 144542.43 | BV33: 146764.05 | BW33: 149006.37 | BX33: 151272.51 | BY33: 153566.98 | BZ33: 155891.54 | CA33: 158246.91 | CB33: 160637.06 | CC33: 163066.11 | CD33: 165536.86 | CE33: 168052.34 | CF33: 170614.66 | CG33: 173223.69 | CH33: 175878.71 | CI33: 178580.3 | CJ33: 181327.28 | CK33: 184120.49 | CL33: 186960.03 | CM33: 189845.7 | CN33: 192777.15 | CO33: 195756.33 | CP33: 198781.3 | CQ33: 201851.42 | CR33: 204967.03
A34: ='Population Definitions'!$B$34 -> 15-29F_fns | C34: Number | E34: 49178.723 | F34: 50343.323 | G34: 51535.502 | H34: 52755.913 | I34: 54005.225 | J34: 55284.121 | K34: 56593.303 | L34: 57933.488 | M34: 59305.41 | N34: 60709.82 | O34: 62147.488 | P34: 63619.201 | Q34: 65125.766 | R34: 66668.008 | S34: 68246.772 | T34: 69862.922 | U34: 71517.345 | V34: 73210.945 | W34: 74944.652 | X34: 76719.415 | Y34: 78536.206 | Z34: 80396.02 | AA34: 82299.876 | AB34: 84248.818 | AC34: 86243.912 | AD34: 88286.253 | AE34: 90376.957 | AF34: 92517.172 | AG34: 94708.069 | AH34: 96950.849 | AI34: 99246.74 | AJ34: 101597 | AK34: 104349 | AL34: 106854 | AM34: 109514 | AN34: 112025 | AO34: 114673 | AP34: 117221 | AQ34: 119817 | AR34: 122257 | AS34: 124939 | AT34: 127779 | AU34: 131085 | AV34: 134285 | AW34: 137428 | AX34: 140375 | AY34: 143108 | AZ34: 145718 | BA34: 147957 | BB34: 149801 | BC34: 151679 | BD34: 153181 | BE34: 154697 | BF34: 156314.05 | BG34: 158022.12 | BH34: 159812.89 | BI34: 161680.53 | BJ34: 163620.89 | BK34: 165631.14 | BL34: 167709.17 | BM34: 169853.23 | BN34: 172062.18 | BO34: 174335.02 | BP34: 176670.83 | BQ34: 179068.6 | BR34: 181527.06 | BS34: 184044.85 | BT34: 186620.62 | BU34: 189253.05 | BV34: 191940.76 | BW34: 194682.46 | BX34: 197476.98 | BY34: 200323.53 | BZ34: 203221.79 | CA34: 206171.6 | CB34: 209172.9 | CC34: 212226 | CD34: 215331.55 | CE34: 218490.47 | CF34: 221703.89 | CG34: 224973.06 | CH34: 228299.17 | CI34: 231683.25 | CJ34: 235126.35 | CK34: 238629.33 | CL34: 242193.1 | CM34: 245818.49 | CN34: 249506.31 | CO34: 253257.26 | CP34: 257072.2 | CQ34: 260951.73 | CR34: 264896.39
A35: ='Population Definitions'!$B$35 -> 30-49F_fns | C35: Number | E35: 48714.996 | F35: 49868.615 | G35: 51049.553 | H35: 52258.456 | I35: 53495.987 | J35: 54762.825 | K35: 56059.662 | L35: 57387.21 | M35: 58746.195 | N35: 60137.362 | O35: 61561.474 | P35: 63019.31 | Q35: 64511.669 | R35: 66039.368 | S35: 67603.245 | T35: 69204.156 | U35: 70842.978 | V35: 72520.609 | W35: 74237.968 | X35: 75995.996 | Y35: 77795.655 | Z35: 79637.933 | AA35: 81523.837 | AB35: 83454.401 | AC35: 85430.683 | AD35: 87453.765 | AE35: 89524.756 | AF35: 91644.79 | AG35: 93815.028 | AH35: 96036.66 | AI35: 98310.902 | AJ35: 100639 | AK35: 101455 | AL35: 102493 | AM35: 103586 | AN35: 104863 | AO35: 106285 | AP35: 107508 | AQ35: 108582 | AR35: 109806 | AS35: 111373 | AT35: 112917 | AU35: 114624 | AV35: 116697 | AW35: 119061 | AX35: 121813 | AY35: 124612 | AZ35: 127722 | BA35: 130815 | BB35: 133936 | BC35: 137222 | BD35: 140522 | BE35: 143752 | BF35: 146942.47 | BG35: 150100.7 | BH35: 153233.08 | BI35: 156345.32 | BJ35: 159442.57 | BK35: 162529.54 | BL35: 165610.58 | BM35: 168689.78 | BN35: 171770.95 | BO35: 174857.71 | BP35: 177953.45 | BQ35: 181061.4 | BR35: 184184.61 | BS35: 187325.92 | BT35: 190488 | BU35: 193673.33 | BV35: 196884.22 | BW35: 200122.82 | BX35: 203391.1 | BY35: 206690.92 | BZ35: 210024 | CA35: 213391.99 | CB35: 216796.44 | CC35: 220238.87 | CD35: 223720.73 | CE35: 227243.48 | CF35: 230808.55 | CG35: 234417.39 | CH35: 238071.45 | CI35: 241772.22 | CJ35: 245521.17 | CK35: 249319.77 | CL35: 253169.5 | CM35: 257071.8 | CN35: 261028.15 | CO35: 265039.97 | CP35: 269108.7 | CQ35: 273235.75 | CR35: 277422.52
A36: ='Population Definitions'!$B$36 -> 50-64F_fns | C36: Number | E36: 20457.21 | F36: 20941.657 | G36: 21437.576 | H36: 21945.239 | I36: 22464.923 | J36: 22996.915 | K36: 23541.504 | L36: 24098.99 | M36: 24669.678 | N36: 25253.88 | O36: 25851.916 | P36: 26464.115 | Q36: 27090.811 | R36: 27732.348 | S36: 28389.077 | T36: 29061.358 | U36: 29749.56 | V36: 30454.058 | W36: 31175.24 | X36: 31913.5 | Y36: 32669.243 | Z36: 33442.883 | AA36: 34234.843 | AB36: 35045.558 | AC36: 35875.471 | AD36: 36725.037 | AE36: 37594.722 | AF36: 38485.002 | AG36: 39396.364 | AH36: 40329.309 | AI36: 41284.346 | AJ36: 42262 | AK36: 44506 | AL36: 46895 | AM36: 48996 | AN36: 50953 | AO36: 52801 | AP36: 54677 | AQ36: 56624 | AR36: 58601 | AS36: 60504 | AT36: 62727 | AU36: 64667 | AV36: 66276 | AW36: 67522 | AX36: 68386 | AY36: 68840 | AZ36: 69189 | BA36: 69543 | BB36: 70069 | BC36: 70473 | BD36: 71143 | BE36: 71591.636 | BF36: 72128.484 | BG36: 72746.313 | BH36: 73438.633 | BI36: 74199.611 | BJ36: 75024.007 | BK36: 75907.112 | BL36: 76844.696 | BM36: 77832.968 | BN36: 78868.533 | BO36: 79948.358 | BP36: 81069.74 | BQ36: 82230.28 | BR36: 83427.851 | BS36: 84660.579 | BT36: 85926.813 | BU36: 87225.113 | BV36: 88554.219 | BW36: 89913.04 | BX36: 91300.634 | BY36: 92716.195 | BZ36: 94159.036 | CA36: 95628.576 | CB36: 97124.335 | CC36: 98645.92 | CD36: 100193.02 | CE36: 101765.39 | CF36: 103362.88 | CG36: 104985.36 | CH36: 106632.79 | CI36: 108305.18 | CJ36: 110002.6 | CK36: 111725.16 | CL36: 113473.01 | CM36: 115246.36 | CN36: 117045.45 | CO36: 118870.55 | CP36: 120721.99 | CQ36: 122600.1 | CR36: 124505.26
A37: ='Population Definitions'!$B$37 -> 65+F_fns | C37: Number | E37: 7189.2122 | F37: 7359.4597 | G37: 7533.739 | H37: 7712.1453 | I37: 7894.7764 | J37: 8081.7324 | K37: 8273.1158 | L37: 8469.0312 | M37: 8669.5862 | N37: 8874.8905 | O37: 9085.0566 | P37: 9300.1996 | Q37: 9520.4374 | R37: 9745.8907 | S37: 9976.6829 | T37: 10212.941 | U37: 10454.793 | V37: 10702.373 | W37: 10955.815 | X37: 11215.26 | Y37: 11480.848 | Z37: 11752.726 | AA37: 12031.042 | AB37: 12315.949 | AC37: 12607.602 | AD37: 12906.163 | AE37: 13211.793 | AF37: 13524.662 | AG37: 13844.939 | AH37: 14172.8 | AI37: 14508.426 | AJ37: 14852 | AK37: 15950 | AL37: 16958 | AM37: 18137 | AN37: 19444 | AO37: 20806 | AP37: 22255 | AQ37: 23826 | AR37: 25447 | AS37: 27053 | AT37: 28748 | AU37: 30369 | AV37: 32051 | AW37: 33828 | AX37: 35718 | AY37: 37917 | AZ37: 40054 | BA37: 42224 | BB37: 44277 | BC37: 46300 | BD37: 48261 | BE37: 50284.706 | BF37: 52249.019 | BG37: 54161.453 | BH37: 56028.794 | BI37: 57857.174 | BJ37: 59652.134 | BK37: 61418.688 | BL37: 63161.368 | BM37: 64884.277 | BN37: 66591.129 | BO37: 68285.291 | BP37: 69969.812 | BQ37: 71647.464 | BR37: 73320.763 | BS37: 74991.999 | BT37: 76663.26 | BU37: 78336.451 | BV37: 80013.317 | BW37: 81695.457 | BX37: 83384.341 | BY37: 85081.322 | BZ37: 86787.654 | CA37: 88504.495 | CB37: 90232.926 | CC37: 91973.951 | CD37: 93728.512 | CE37: 95497.493 | CF37: 97281.727 | CG37: 99082.004 | CH37: 100899.07 | CI37: 102733.65 | CJ37: 104586.42 | CK37: 106458.04 | CL37: 108349.15 | CM37: 110260.38 | CN37: 112192.34 | CO37: 114145.61 | CP37: 116120.78 | CQ37: 118118.43 | CR37: 120139.15
A39: Annual Livebirths | B39: Provenance | C39: Units | D39: Uncertainty | E39: Constant | G39: 1980 | H39: 1981 | I39: 1982 | J39: 1983 | K39: 1984 | L39: 1985 | M39: 1986 | N39: 1987 | O39: 1988 | P39: 1989 | Q39: 1990 | R39: 1991 | S39: 1992 | T39: 1993 | U39: 1994 | V39: 1995 | W39: 1996 | X39: 1997 | Y39: 1998 | Z39: 1999 | AA39: 2000 | AB39: 2001 | AC39: 2002 | AD39: 2003 | AE39: 2004 | AF39: 2005 | AG39: 2006 | AH39: 2007 | AI39: 2008 | AJ39: 2009 | AK39: 2010 | AL39: 2011 | AM39: 2012 | AN39: 2013 | AO39: 2014 | AP39: 2015 | AQ39: 2016 | AR39: 2017 | AS39: 2018 | AT39: 2019 | AU39: 2020 | AV39: 2021 | AW39: 2022 | AX39: 2023 | AY39: 2024 | AZ39: 2025 | BA39: 2026 | BB39: 2027 | BC39: 2028 | BD39: 2029 | BE39: 2030 | BF39: 2031 | BG39: 2032 | BH39: 2033 | BI39: 2034 | BJ39: 2035 | BK39: 2036 | BL39: 2037 | BM39: 2038 | BN39: 2039 | BO39: 2040 | BP39: 2041 | BQ39: 2042 | BR39: 2043 | BS39: 2044 | BT39: 2045 | BU39: 2046 | BV39: 2047 | BW39: 2048 | BX39: 2049 | BY39: 2050 | BZ39: 2051 | CA39: 2052 | CB39: 2053 | CC39: 2054 | CD39: 2055 | CE39: 2056 | CF39: 2057 | CG39: 2058 | CH39: 2059 | CI39: 2060 | CJ39: 2061 | CK39: 2062 | CL39: 2063 | CM39: 2064 | CN39: 2065 | CO39: 2066 | CP39: 2067 | CQ39: 2068 | CR39: 2069 | CS39: 2070 | CT39: 2071
A40: ='Population Definitions'!$B$2 -> 0-4M_aus | C40: Number (per year) | F40: OR | G40: 109112.79 | H40: 114243.09 | I40: 116134.04 | J40: 117426.56 | K40: 112599 | L40: 119325.92 | M40: 117380.61 | N40: 117586.11 | O40: 118357.32 | P40: 120516.74 | Q40: 127096.92 | R40: 123797.44 | S40: 127255.99 | T40: 125127.88 | U40: 123999.24 | V40: 122672.43 | W40: 121606.44 | X40: 120074.18 | Y40: 118762.17 | Z40: 117920.31 | AA40: 118626.04 | AB40: 116573.02 | AC40: 118697.28 | AD40: 119084.77 | AE40: 120319.98 | AF40: 125370.17 | AG40: 128711.32 | AH40: 139106.23 | AI40: 144011.45 | AJ40: 143482.97 | AK40: 143974.42 | AL40: 143151.13 | AM40: 147078.86 | AN40: 146876.12 | AO40: 141912.36 | AP40: 145355.53 | AQ40: 148015.42 | AR40: 147785.91 | AS40: 150562.72 | AT40: 146071.37 | AU40: 139781.35 | AV40: 146514.03 | AW40: 141640.42 | AX40: 143454.74 | AY40: 144312.73 | AZ40: 144929.67 | BA40: 145338.59 | BB40: 145559.96 | BC40: 146168.52 | BD40: 146742.37 | BE40: 147331.42 | BF40: 148131.26 | BG40: 148793.23 | BH40: 149567.15 | BI40: 150543.35 | BJ40: 151682.19 | BK40: 152971.15 | BL40: 154333.37 | BM40: 155712.82 | BN40: 157073.46 | BO40: 158335.02 | BP40: 159457.26 | BQ40: 160392.41 | BR40: 161117.2 | BS40: 161655.08 | BT40: 162009.76 | BU40: 162210.2 | BV40: 162272.74 | BW40: 162233.15 | BX40: 162110.97 | BY40: 161929.37 | BZ40: 161746.36 | CA40: 161573.09 | CB40: 161417.21 | CC40: 161299.41 | CD40: 161228.66 | CE40: 161199.57 | CF40: 161208.42 | CG40: 161263.26 | CH40: 161382.92 | CI40: 161545.7 | CJ40: 161768.6 | CK40: 162029 | CL40: 162342.81 | CM40: 162706.96 | CN40: 163125.61 | CO40: 163576.89 | CP40: 164066.34 | CQ40: 164574.86 | CR40: 165092.05 | CS40: 165612.35
A41: ='Population Definitions'!$B$3 -> 5-14M_aus | C41: Number (per year) | E41: 0 | F41: OR
A42: ='Population Definitions'!$B$4 -> 15-29M_aus | C42: Number (per year) | E42: 0 | F42: OR
A43: ='Population Definitions'!$B$5 -> 30-49M_aus | C43: Number (per year) | E43: 0 | F43: OR
A44: ='Population Definitions'!$B$6 -> 50-64M_aus | C44: Number (per year) | E44: 0 | F44: OR
A45: ='Population Definitions'!$B$7 -> 65+M_aus | C45: Number (per year) | E45: 0 | F45: OR
A46: ='Population Definitions'!$B$8 -> 0-4F_aus | C46: Number (per year) | F46: OR | G46: 103405.53 | H46: 108398.86 | I46: 110180.02 | J46: 111469.58 | K46: 107574.45 | L46: 113637.34 | M46: 111537.32 | N46: 111610.06 | O46: 112709.34 | P46: 114919.42 | Q46: 119939.27 | R46: 117646.02 | S46: 120726.3 | T46: 118724.4 | U46: 117297.81 | V46: 116469.23 | W46: 114789.84 | X46: 113992.34 | Y46: 112798.56 | Z46: 112522.07 | AA46: 112272.13 | AB46: 110759.5 | AC46: 112766.45 | AD46: 112196.33 | AE46: 113688.42 | AF46: 118493.93 | AG46: 121062.77 | AH46: 131468.28 | AI46: 136158.33 | AJ46: 135271.06 | AK46: 136398.74 | AL46: 135046.07 | AM46: 139323.8 | AN46: 138337.04 | AO46: 134855.43 | AP46: 137072.33 | AQ46: 140523.69 | AR46: 139072.78 | AS46: 142166.14 | AT46: 137321.09 | AU46: 132496.2 | AV46: 139107.62 | AW46: 134059.92 | AX46: 135778.59 | AY46: 136585.77 | AZ46: 137160.09 | BA46: 137533.4 | BB46: 137726.18 | BC46: 138283.62 | BD46: 138806.47 | BE46: 139340.34 | BF46: 140024.23 | BG46: 140617.72 | BH46: 141315.25 | BI46: 142203.43 | BJ46: 143243.23 | BK46: 144422.06 | BL46: 145670.09 | BM46: 146930.92 | BN46: 148169.45 | BO46: 149311.49 | BP46: 150318.64 | BQ46: 151150.49 | BR46: 151783.11 | BS46: 152244.47 | BT46: 152530.34 | BU46: 152671.16 | BV46: 152683.47 | BW46: 152601.16 | BX46: 152440.03 | BY46: 152225.2 | BZ46: 152008.22 | CA46: 151801.15 | CB46: 151615.63 | CC46: 151467.21 | CD46: 151362.58 | CE46: 151300.24 | CF46: 151277.48 | CG46: 151297.25 | CH46: 151373.21 | CI46: 151493.1 | CJ46: 151667.18 | CK46: 151874.39 | CL46: 152129.66 | CM46: 152427.45 | CN46: 152773.17 | CO46: 153152.26 | CP46: 153567.62 | CQ46: 153995.87 | CR46: 154434.3 | CS46: 154872.69
A47: ='Population Definitions'!$B$9 -> 5-14F_aus | C47: Number (per year) | E47: 0 | F47: OR
A48: ='Population Definitions'!$B$10 -> 15-29F_aus | C48: Number (per year) | E48: 0 | F48: OR
A49: ='Population Definitions'!$B$11 -> 30-49F_aus | C49: Number (per year) | E49: 0 | F49: OR
A50: ='Population Definitions'!$B$12 -> 50-64F_aus | C50: Number (per year) | E50: 0 | F50: OR
A51: ='Population Definitions'!$B$13 -> 65+F_aus | C51: Number (per year) | E51: 0 | F51: OR
A52: ='Population Definitions'!$B$14 -> 0-4M_oth | C52: Number (per year) | E52: 0 | F52: OR
A53: ='Population Definitions'!$B$15 -> 5-14M_oth | C53: Number (per year) | E53: 0 | F53: OR
A54: ='Population Definitions'!$B$16 -> 15-29M_oth | C54: Number (per year) | E54: 0 | F54: OR
A55: ='Population Definitions'!$B$17 -> 30-49M_oth | C55: Number (per year) | E55: 0 | F55: OR
A56: ='Population Definitions'!$B$18 -> 50-64M_oth | C56: Number (per year) | E56: 0 | F56: OR
A57: ='Population Definitions'!$B$19 -> 65+M_oth | C57: Number (per year) | E57: 0 | F57: OR
A58: ='Population Definitions'!$B$20 -> 0-4F_oth | C58: Number (per year) | E58: 0 | F58: OR
A59: ='Population Definitions'!$B$21 -> 5-14F_oth | C59: Number (per year) | E59: 0 | F59: OR
A60: ='Population Definitions'!$B$22 -> 15-29F_oth | C60: Number (per year) | E60: 0 | F60: OR
A61: ='Population Definitions'!$B$23 -> 30-49F_oth | C61: Number (per year) | E61: 0 | F61: OR
A62: ='Population Definitions'!$B$24 -> 50-64F_oth | C62: Number (per year) | E62: 0 | F62: OR
A63: ='Population Definitions'!$B$25 -> 65+F_oth | C63: Number (per year) | E63: 0 | F63: OR
A64: ='Population Definitions'!$B$26 -> 0-4M_fns | C64: Number (per year) | F64: OR | G64: 6835.2126 | H64: 6926.9106 | I64: 7119.9612 | J64: 7131.4365 | K64: 7217.0019 | L64: 7487.0767 | M64: 7533.3927 | N64: 7678.8913 | O64: 7865.6839 | P64: 7993.2615 | Q64: 8097.0758 | R64: 8167.5572 | S64: 8345.0125 | T64: 8444.1218 | U64: 8625.7577 | V64: 8759.5724 | W64: 8965.563 | X64: 9104.8183 | Y64: 9253.8277 | Z64: 9436.6888 | AA64: 9563.9636 | AB64: 9724.9751 | AC64: 9925.7169 | AD64: 10108.233 | AE64: 10280.02 | AF64: 10476.831 | AG64: 10683.684 | AH64: 10922.766 | AI64: 11192.548 | AJ64: 11392.034 | AK64: 11616.582 | AL64: 11844.872 | AM64: 11909.137 | AN64: 11829.876 | AO64: 11679.642 | AP64: 11732.473 | AQ64: 11521.583 | AR64: 11435.092 | AS64: 11525.277 | AT64: 11404.632 | AU64: 11161.652 | AV64: 12402.97 | AW64: 12656.022 | AX64: 12865.098 | AY64: 13075.786 | AZ64: 13288.124 | BA64: 13498.72 | BB64: 13738.708 | BC64: 13960.036 | BD64: 14163.832 | BE64: 14349.527 | BF64: 14366.39 | BG64: 14599.627 | BH64: 14897.026 | BI64: 15184.857 | BJ64: 15478.791 | BK64: 15749.418 | BL64: 16022.114 | BM64: 16324.007 | BN64: 16611.813 | BO64: 16905.253 | BP64: 17193.208 | BQ64: 17475.596 | BR64: 17761.979 | BS64: 18052.499 | BT64: 18341.632 | BU64: 18616.381 | BV64: 18897.572 | BW64: 19178.463 | BX64: 19472.554 | BY64: 19777.999 | BZ64: 20074.761 | CA64: 20369.803 | CB64: 20687.569 | CC64: 21008.973 | CD64: 21324.517 | CE64: 21646.857 | CF64: 21977.791 | CG64: 22301.395 | CH64: 22624.072 | CI64: 22957.624 | CJ64: 23295.543 | CK64: 23651.641 | CL64: 24014.919 | CM64: 24382.006 | CN64: 24746.322 | CO64: 25129.799 | CP64: 25511.577 | CQ64: 25902.752 | CR64: 26302.748 | CS64: 26699.917
A65: ='Population Definitions'!$B$27 -> 5-14M_fns | C65: Number (per year) | E65: 0 | F65: OR
A66: ='Population Definitions'!$B$28 -> 15-29M_fns | C66: Number (per year) | E66: 0 | F66: OR
A67: ='Population Definitions'!$B$29 -> 30-49M_fns | C67: Number (per year) | E67: 0 | F67: OR
A68: ='Population Definitions'!$B$30 -> 50-64M_fns | C68: Number (per year) | E68: 0 | F68: OR
A69: ='Population Definitions'!$B$31 -> 65+M_fns | C69: Number (per year) | E69: 0 | F69: OR
A70: ='Population Definitions'!$B$32 -> 0-4F_fns | C70: Number (per year) | F70: OR | G70: 6173.4697 | H70: 6273.1418 | I70: 6468.9815 | J70: 6542.4244 | K70: 6643.5456 | L70: 6897.6582 | M70: 6956.6833 | N70: 7083.9449 | O70: 7260.6641 | P70: 7423.5842 | Q70: 7514.7268 | R70: 7635.9766 | S70: 7823.7035 | T70: 7932.5963 | U70: 8128.1934 | V70: 8288.7716 | W70: 8472.1557 | X70: 8670.6644 | Y70: 8801.4369 | Z70: 8990.9283 | AA70: 9173.866 | AB70: 9336.5048 | AC70: 9598.5466 | AD70: 9771.671 | AE70: 9957.582 | AF70: 10152.066 | AG70: 10391.23 | AH70: 10654.722 | AI70: 10909.67 | AJ70: 11106.94 | AK70: 11328.263 | AL70: 11574.934 | AM70: 11270.198 | AN70: 11021.957 | AO70: 11249.569 | AP70: 11216.673 | AQ70: 11043.314 | AR70: 10848.216 | AS70: 10892.862 | AT70: 11034.909 | AU70: 10929.802 | AV70: 11971.381 | AW70: 12192.632 | AX70: 12391.874 | AY70: 12597.655 | AZ70: 12809.379 | BA70: 13023.291 | BB70: 13267.818 | BC70: 13496.997 | BD70: 13711.259 | BE70: 13911.737 | BF70: 14001.973 | BG70: 14257.022 | BH70: 14574.959 | BI70: 14884.91 | BJ70: 15203.203 | BK70: 15502.649 | BL70: 15804.303 | BM70: 16137.169 | BN70: 16461.134 | BO70: 16793.032 | BP70: 17122.56 | BQ70: 17444.777 | BR70: 17770.609 | BS70: 18094.466 | BT70: 18418.843 | BU70: 18728.441 | BV70: 19041.944 | BW70: 19352.976 | BX70: 19677.053 | BY70: 20009.273 | BZ70: 20334.076 | CA70: 20656.565 | CB70: 20995.538 | CC70: 21336.941 | CD70: 21673.61 | CE70: 22013.916 | CF70: 22358.735 | CG70: 22697.682 | CH70: 23041.006 | CI70: 23391.573 | CJ70: 23749.066 | CK70: 24126.21 | CL70: 24512.738 | CM70: 24908.064 | CN70: 25304.493 | CO70: 25716.637 | CP70: 26127.094 | CQ70: 26551.632 | CR70: 26982.575 | CS70: 27413.817
A71: ='Population Definitions'!$B$33 -> 5-14F_fns | C71: Number (per year) | E71: 0 | F71: OR
A72: ='Population Definitions'!$B$34 -> 15-29F_fns | C72: Number (per year) | E72: 0 | F72: OR
A73: ='Population Definitions'!$B$35 -> 30-49F_fns | C73: Number (per year) | E73: 0 | F73: OR
A74: ='Population Definitions'!$B$36 -> 50-64F_fns | C74: Number (per year) | E74: 0 | F74: OR
A75: ='Population Definitions'!$B$37 -> 65+F_fns | C75: Number (per year) | E75: 0 | F75: OR
A77: Total Arrivals by broad pop group | B77: Provenance | C77: Units | D77: Uncertainty | E77: Constant | G77: 1980 | H77: 1981 | I77: 1982 | J77: 1983 | K77: 1984 | L77: 1985 | M77: 1986 | N77: 1987 | O77: 1988 | P77: 1989 | Q77: 1990 | R77: 1991 | S77: 1992 | T77: 1993 | U77: 1994 | V77: 1995 | W77: 1996 | X77: 1997 | Y77: 1998 | Z77: 1999 | AA77: 2000 | AB77: 2001 | AC77: 2002 | AD77: 2003 | AE77: 2004 | AF77: 2005 | AG77: 2006 | AH77: 2007 | AI77: 2008 | AJ77: 2009 | AK77: 2010 | AL77: 2011 | AM77: 2012 | AN77: 2013 | AO77: 2014 | AP77: 2015 | AQ77: 2016 | AR77: 2017 | AS77: 2018 | AT77: 2019 | AU77: 2020 | AV77: 2021 | AW77: 2022 | AX77: 2023 | AY77: 2024 | AZ77: 2025 | BA77: 2026 | BB77: 2027 | BC77: 2028 | BD77: 2029 | BE77: 2030 | BF77: 2031 | BG77: 2032 | BH77: 2033 | BI77: 2034 | BJ77: 2035 | BK77: 2036 | BL77: 2037 | BM77: 2038 | BN77: 2039 | BO77: 2040 | BP77: 2041 | BQ77: 2042 | BR77: 2043 | BS77: 2044 | BT77: 2045 | BU77: 2046 | BV77: 2047 | BW77: 2048 | BX77: 2049 | BY77: 2050 | BZ77: 2051 | CA77: 2052 | CB77: 2053 | CC77: 2054 | CD77: 2055 | CE77: 2056 | CF77: 2057 | CG77: 2058 | CH77: 2059 | CI77: 2060 | CJ77: 2061 | CK77: 2062 | CL77: 2063 | CM77: 2064 | CN77: 2065 | CO77: 2066 | CP77: 2067 | CQ77: 2068 | CR77: 2069 | CS77: 2070 | CT77: 2071
A78: ='Population Definitions'!$B$2 -> 0-4M_aus | C78: Number (per year) | F78: OR | G78: 714.18559 | H78: 826.04387 | I78: 771.70967 | J78: 554.98642 | K78: 478.10077 | L78: 615.6151 | M78: 694.87181 | N78: 670.56923 | O78: 773.98712 | P78: 754.28992 | Q78: 699.5074 | R78: 708.17446 | S78: 668.16973 | T78: 582.68409 | U78: 575.28634 | V78: 865.02141 | W78: 2017.3364 | X78: 646.61177 | Y78: 366.41235 | Z78: 439.58435 | AA78: 493.17137 | AB78: 563.41093 | AC78: 571.15009 | AD78: 604.1883 | AE78: 1595.9424 | AF78: 1676.5947 | AG78: 1629.1918 | AH78: 1335.2139 | AI78: 1572.1909 | AJ78: 1849.2111 | AK78: 1756.1977 | AL78: 1580.7977 | AM78: 1676.1807 | AN78: 1544.9636 | AO78: 1475.9078 | AP78: 1420.8004 | AQ78: 1393.5277 | AR78: 1451.2809 | AS78: 1277.7219 | AT78: 1615.6727 | AU78: 3735.4701 | AV78: 438.24636 | AW78: 613.04218 | AX78: 838.55145 | AY78: 762.38743 | AZ78: 752.5667 | BA78: 742.6926 | BB78: 732.76512 | BC78: 723.15789 | BD78: 713.33716 | BE78: 702.66245 | BF78: 692.8951 | BG78: 682.22039 | BH78: 682.22039 | BI78: 682.22039 | BJ78: 682.22039 | BK78: 682.22039 | BL78: 682.22039 | BM78: 682.22039 | BN78: 682.22039 | BO78: 682.22039 | BP78: 682.22039 | BQ78: 682.22039 | BR78: 682.22039 | BS78: 682.22039 | BT78: 682.22039 | BU78: 682.22039 | BV78: 682.22039 | BW78: 682.22039 | BX78: 682.22039 | BY78: 682.22039 | BZ78: 682.22039 | CA78: 682.22039 | CB78: 682.22039 | CC78: 682.22039 | CD78: 682.22039 | CE78: 682.22039 | CF78: 682.22039 | CG78: 682.22039 | CH78: 682.22039 | CI78: 682.22039 | CJ78: 682.22039 | CK78: 682.22039 | CL78: 682.22039 | CM78: 682.22039 | CN78: 682.22039 | CO78: 682.22039 | CP78: 682.22039 | CQ78: 682.22039 | CR78: 682.22039 | CS78: 682.22039 | CT78: 682.22039
A79: ='Population Definitions'!$B$3 -> 5-14M_aus | C79: Number (per year) | F79: OR | G79: 1060.5455 | H79: 1226.4128 | I79: 1145.8903 | J79: 824.15112 | K79: 709.87099 | L79: 914.08383 | M79: 1031.7831 | N79: 995.67402 | O79: 1149.3207 | P79: 1120.0213 | Q79: 1038.7531 | R79: 1051.5288 | S79: 992.07942 | T79: 865.19758 | U79: 854.22693 | V79: 1284.5382 | W79: 2995.5773 | X79: 960.18248 | Y79: 544.03506 | Z79: 652.70483 | AA79: 732.28476 | AB79: 836.57663 | AC79: 848.10531 | AD79: 897.1022 | AE79: 2735.8418 | AF79: 2937.2373 | AG79: 2846.9421 | AH79: 2175.5977 | AI79: 2444.1815 | AJ79: 2839.9978 | AK79: 2427.066 | AL79: 2212.9218 | AM79: 2263.82 | AN79: 2165.3813 | AO79: 1921.8276 | AP79: 1875.9353 | AQ79: 1934.602 | AR79: 2052.1886 | AS79: 1872.7952 | AT79: 2415.9043 | AU79: 6012.9608 | AV79: 681.9529 | AW79: 1118.9729 | AX79: 1510.4174 | AY79: 1297.6171 | AZ79: 1270.877 | BA79: 1244.3504 | BB79: 1217.7703 | BC79: 1191.3504 | BD79: 1165.3575 | BE79: 1137.3364 | BF79: 1111.4503 | BG79: 1083.696 | BH79: 1083.696 | BI79: 1083.696 | BJ79: 1083.696 | BK79: 1083.696 | BL79: 1083.696 | BM79: 1083.696 | BN79: 1083.696 | BO79: 1083.696 | BP79: 1083.696 | BQ79: 1083.696 | BR79: 1083.696 | BS79: 1083.696 | BT79: 1083.696 | BU79: 1083.696 | BV79: 1083.696 | BW79: 1083.696 | BX79: 1083.696 | BY79: 1083.696 | BZ79: 1083.696 | CA79: 1083.696 | CB79: 1083.696 | CC79: 1083.696 | CD79: 1083.696 | CE79: 1083.696 | CF79: 1083.696 | CG79: 1083.696 | CH79: 1083.696 | CI79: 1083.696 | CJ79: 1083.696 | CK79: 1083.696 | CL79: 1083.696 | CM79: 1083.696 | CN79: 1083.696 | CO79: 1083.696 | CP79: 1083.696 | CQ79: 1083.696 | CR79: 1083.696 | CS79: 1083.696 | CT79: 1083.696
A80: ='Population Definitions'!$B$4 -> 15-29M_aus | C80: Number (per year) | F80: OR | G80: 5856.1279 | H80: 6772.441 | I80: 6327.8016 | J80: 4550.6552 | K80: 3919.883 | L80: 5047.5706 | M80: 5697.3334 | N80: 5498.0829 | O80: 6346.3778 | P80: 6184.9381 | Q80: 5735.901 | R80: 5806.6547 | S80: 5478.2946 | T80: 4777.5185 | U80: 4716.8899 | V80: 7092.9839 | W80: 16541.094 | X80: 5301.8238 | Y80: 3004.1802 | Z80: 3604.1006 | AA80: 4043.7917 | AB80: 4619.6387 | AC80: 4683.2599 | AD80: 4953.9171 | AE80: 13304.321 | AF80: 12930.876 | AG80: 13247.905 | AH80: 12195.803 | AI80: 14368.449 | AJ80: 17100.751 | AK80: 12377.335 | AL80: 10804.157 | AM80: 11741.495 | AN80: 11610.802 | AO80: 11979.973 | AP80: 11631.016 | AQ80: 11391.389 | AR80: 13050.197 | AS80: 13178.912 | AT80: 15096.378 | AU80: 24461.092 | AV80: 2077.9275 | AW80: 7635.9076 | AX80: 7530.6841 | AY80: 6923.24 | AZ80: 6844.1938 | BA80: 6764.2403 | BB80: 6684.5536 | BC80: 6604.7602 | BD80: 6523.8993 | BE80: 6436.1532 | BF80: 6355.239 | BG80: 6267.1193 | BH80: 6267.1193 | BI80: 6267.1193 | BJ80: 6267.1193 | BK80: 6267.1193 | BL80: 6267.1193 | BM80: 6267.1193 | BN80: 6267.1193 | BO80: 6267.1193 | BP80: 6267.1193 | BQ80: 6267.1193 | BR80: 6267.1193 | BS80: 6267.1193 | BT80: 6267.1193 | BU80: 6267.1193 | BV80: 6267.1193 | BW80: 6267.1193 | BX80: 6267.1193 | BY80: 6267.1193 | BZ80: 6267.1193 | CA80: 6267.1193 | CB80: 6267.1193 | CC80: 6267.1193 | CD80: 6267.1193 | CE80: 6267.1193 | CF80: 6267.1193 | CG80: 6267.1193 | CH80: 6267.1193 | CI80: 6267.1193 | CJ80: 6267.1193 | CK80: 6267.1193 | CL80: 6267.1193 | CM80: 6267.1193 | CN80: 6267.1193 | CO80: 6267.1193 | CP80: 6267.1193 | CQ80: 6267.1193 | CR80: 6267.1193 | CS80: 6267.1193 | CT80: 6267.1193
A81: ='Population Definitions'!$B$5 -> 30-49M_aus | C81: Number (per year) | F81: OR | G81: 3465.2612 | H81: 4007.5515 | I81: 3744.3465 | J81: 2692.814 | K81: 2319.4407 | L81: 2986.8041 | M81: 3371.2054 | N81: 3253.4304 | O81: 3755.3412 | P81: 3659.8063 | Q81: 3394.1498 | R81: 3435.9173 | S81: 3241.6407 | T81: 2827.0234 | U81: 2791.1464 | V81: 4197.0843 | W81: 9787.733 | X81: 3137.2615 | Y81: 1777.6856 | Z81: 2132.6459 | AA81: 2392.8419 | AB81: 2733.5784 | AC81: 2771.2068 | AD81: 2931.3807 | AE81: 8742.7838 | AF81: 9492.8451 | AG81: 9152.9679 | AH81: 7282.4064 | AI81: 8217.7916 | AJ81: 9098.5023 | AK81: 8221.8907 | AL81: 7207.2114 | AM81: 7702.6227 | AN81: 6622.5399 | AO81: 6122.6569 | AP81: 6045.9442 | AQ81: 6183.5849 | AR81: 7016.5702 | AS81: 6278.4076 | AT81: 8470.9344 | AU81: 18235.139 | AV81: 2092.8166 | AW81: 4237.5117 | AX81: 3814.8193 | AY81: 3606.6626 | AZ81: 3577.9476 | BA81: 3549.8731 | BB81: 3521.2649 | BC81: 3492.2831 | BD81: 3463.7816 | BE81: 3431.4906 | BF81: 3402.4021 | BG81: 3369.8976 | BH81: 3369.8976 | BI81: 3369.8976 | BJ81: 3369.8976 | BK81: 3369.8976 | BL81: 3369.8976 | BM81: 3369.8976 | BN81: 3369.8976 | BO81: 3369.8976 | BP81: 3369.8976 | BQ81: 3369.8976 | BR81: 3369.8976 | BS81: 3369.8976 | BT81: 3369.8976 | BU81: 3369.8976 | BV81: 3369.8976 | BW81: 3369.8976 | BX81: 3369.8976 | BY81: 3369.8976 | BZ81: 3369.8976 | CA81: 3369.8976 | CB81: 3369.8976 | CC81: 3369.8976 | CD81: 3369.8976 | CE81: 3369.8976 | CF81: 3369.8976 | CG81: 3369.8976 | CH81: 3369.8976 | CI81: 3369.8976 | CJ81: 3369.8976 | CK81: 3369.8976 | CL81: 3369.8976 | CM81: 3369.8976 | CN81: 3369.8976 | CO81: 3369.8976 | CP81: 3369.8976 | CQ81: 3369.8976 | CR81: 3369.8976 | CS81: 3369.8976 | CT81: 3369.8976
A82: ='Population Definitions'!$B$6 -> 50-64M_aus | C82: Number (per year) | F82: OR | G82: 718.06327 | H82: 830.43914 | I82: 775.94386 | J82: 558.06319 | K82: 480.70859 | L82: 618.97707 | M82: 698.56466 | N82: 674.2513 | O82: 778.20791 | P82: 758.37686 | Q82: 703.3919 | R82: 712.03237 | S82: 671.74988 | T82: 585.80005 | U82: 578.40094 | V82: 869.81178 | W82: 2028.2396 | X82: 650.12952 | Y82: 368.37226 | Z82: 441.93278 | AA82: 495.84004 | AB82: 566.45322 | AC82: 574.29913 | AD82: 607.44408 | AE82: 1803.3982 | AF82: 1952.8306 | AG82: 1671.7755 | AH82: 1323.119 | AI82: 1553.9362 | AJ82: 1880.216 | AK82: 1888.1557 | AL82: 1557.8389 | AM82: 1545.2307 | AN82: 1458.6394 | AO82: 1320.5281 | AP82: 1320.6924 | AQ82: 1421.0384 | AR82: 1466.6718 | AS82: 1294.9439 | AT82: 2987.3957 | AU82: 6269.5652 | AV82: 559.8133 | AW82: 790.80163 | AX82: 1321.8487 | AY82: 1215.0483 | AZ82: 1201.0644 | BA82: 1187.3474 | BB82: 1173.6838 | BC82: 1159.6999 | BD82: 1146.0897 | BE82: 1130.8249 | BF82: 1117.0011 | BG82: 1102.0565 | BH82: 1102.0565 | BI82: 1102.0565 | BJ82: 1102.0565 | BK82: 1102.0565 | BL82: 1102.0565 | BM82: 1102.0565 | BN82: 1102.0565 | BO82: 1102.0565 | BP82: 1102.0565 | BQ82: 1102.0565 | BR82: 1102.0565 | BS82: 1102.0565 | BT82: 1102.0565 | BU82: 1102.0565 | BV82: 1102.0565 | BW82: 1102.0565 | BX82: 1102.0565 | BY82: 1102.0565 | BZ82: 1102.0565 | CA82: 1102.0565 | CB82: 1102.0565 | CC82: 1102.0565 | CD82: 1102.0565 | CE82: 1102.0565 | CF82: 1102.0565 | CG82: 1102.0565 | CH82: 1102.0565 | CI82: 1102.0565 | CJ82: 1102.0565 | CK82: 1102.0565 | CL82: 1102.0565 | CM82: 1102.0565 | CN82: 1102.0565 | CO82: 1102.0565 | CP82: 1102.0565 | CQ82: 1102.0565 | CR82: 1102.0565 | CS82: 1102.0565 | CT82: 1102.0565
A83: ='Population Definitions'!$B$7 -> 65+M_aus | C83: Number (per year) | F83: OR | G83: 280.71634 | H83: 324.58383 | I83: 303.28831 | J83: 218.13268 | K83: 187.87187 | L83: 241.93773 | M83: 273.02492 | N83: 263.48433 | O83: 304.10782 | P83: 296.45278 | Q83: 274.90253 | R83: 278.26439 | S83: 262.57601 | T83: 228.97568 | U83: 226.08387 | V83: 339.87689 | W83: 792.6337 | X83: 254.09617 | Y83: 143.98515 | Z83: 172.71673 | AA83: 193.79927 | AB83: 221.39338 | AC83: 224.43567 | AD83: 237.40544 | AE83: 695.07417 | AF83: 640.51032 | AG83: 532.53895 | AH83: 432.33983 | AI83: 589.47652 | AJ83: 701.53225 | AK83: 691.05586 | AL83: 497.72871 | AM83: 548.38597 | AN83: 734.85203 | AO83: 537.75316 | AP83: 592.23921 | AQ83: 641.31858 | AR83: 657.46707 | AS83: 626.67736 | AT83: 2145.9669 | AU83: 4538.2463 | AV83: 314.4706 | AW83: 545.58475 | AX83: 875.43255 | AY83: 782.82949 | AZ83: 770.98056 | BA83: 759.39851 | BB83: 747.60296 | BC83: 736.2344 | BD83: 724.43885 | BE83: 712.53655 | BF83: 701.16799 | BG83: 688.57184 | BH83: 688.57184 | BI83: 688.57184 | BJ83: 688.57184 | BK83: 688.57184 | BL83: 688.57184 | BM83: 688.57184 | BN83: 688.57184 | BO83: 688.57184 | BP83: 688.57184 | BQ83: 688.57184 | BR83: 688.57184 | BS83: 688.57184 | BT83: 688.57184 | BU83: 688.57184 | BV83: 688.57184 | BW83: 688.57184 | BX83: 688.57184 | BY83: 688.57184 | BZ83: 688.57184 | CA83: 688.57184 | CB83: 688.57184 | CC83: 688.57184 | CD83: 688.57184 | CE83: 688.57184 | CF83: 688.57184 | CG83: 688.57184 | CH83: 688.57184 | CI83: 688.57184 | CJ83: 688.57184 | CK83: 688.57184 | CL83: 688.57184 | CM83: 688.57184 | CN83: 688.57184 | CO83: 688.57184 | CP83: 688.57184 | CQ83: 688.57184 | CR83: 688.57184 | CS83: 688.57184 | CT83: 688.57184
A84: ='Population Definitions'!$B$8 -> 0-4F_aus | C84: Number (per year) | F84: OR | G84: 676.93216 | H84: 782.75715 | I84: 731.42447 | J84: 526.0223 | K84: 453.10914 | L84: 583.36504 | M84: 658.55876 | N84: 635.48131 | O84: 733.57307 | P84: 714.91573 | Q84: 662.95334 | R84: 671.17806 | S84: 633.21613 | T84: 552.18547 | U84: 545.23953 | V84: 819.87215 | W84: 1911.8548 | X84: 612.82499 | Y84: 347.22345 | Z84: 416.58036 | AA84: 467.39196 | AB84: 533.94874 | AC84: 541.31429 | AD84: 572.59117 | AE84: 1513.5417 | AF84: 1634.2403 | AG84: 1535.5559 | AH84: 1271.6626 | AI84: 1476.6794 | AJ84: 1772.1347 | AK84: 1620.5469 | AL84: 1504.7738 | AM84: 1565.9126 | AN84: 1475.6849 | AO84: 1386.1661 | AP84: 1359.5683 | AQ84: 1321.7362 | AR84: 1358.1799 | AS84: 1227.0638 | AT84: 1516.991 | AU84: 3484.1905 | AV84: 411.16786 | AW84: 593.89886 | AX84: 818.32288 | AY84: 743.43983 | AZ84: 733.4056 | BA84: 723.69162 | BB84: 714.08439 | BC84: 704.37041 | BD84: 694.54968 | BE84: 684.03509 | BF84: 674.69473 | BG84: 664.07339 | BH84: 664.07339 | BI84: 664.07339 | BJ84: 664.07339 | BK84: 664.07339 | BL84: 664.07339 | BM84: 664.07339 | BN84: 664.07339 | BO84: 664.07339 | BP84: 664.07339 | BQ84: 664.07339 | BR84: 664.07339 | BS84: 664.07339 | BT84: 664.07339 | BU84: 664.07339 | BV84: 664.07339 | BW84: 664.07339 | BX84: 664.07339 | BY84: 664.07339 | BZ84: 664.07339 | CA84: 664.07339 | CB84: 664.07339 | CC84: 664.07339 | CD84: 664.07339 | CE84: 664.07339 | CF84: 664.07339 | CG84: 664.07339 | CH84: 664.07339 | CI84: 664.07339 | CJ84: 664.07339 | CK84: 664.07339 | CL84: 664.07339 | CM84: 664.07339 | CN84: 664.07339 | CO84: 664.07339 | CP84: 664.07339 | CQ84: 664.07339 | CR84: 664.07339 | CS84: 664.07339 | CT84: 664.07339
A85: ='Population Definitions'!$B$9 -> 5-14F_aus | C85: Number (per year) | F85: OR | G85: 999.19508 | H85: 1155.5557 | I85: 1079.7161 | J85: 776.51416 | K85: 668.79778 | L85: 861.28836 | M85: 972.08196 | N85: 938.16881 | O85: 1082.8433 | P85: 1055.3281 | Q85: 978.69283 | R85: 990.79137 | S85: 934.79696 | T85: 815.15342 | U85: 804.85124 | V85: 1210.2875 | W85: 2822.3947 | X85: 904.63473 | Y85: 512.63089 | Z85: 614.96975 | AA85: 690.01293 | AB85: 788.27359 | AC85: 799.10841 | AD85: 845.27651 | AE85: 2561.7617 | AF85: 2766.0882 | AG85: 2674.9134 | AH85: 2066.7435 | AI85: 2308.0315 | AJ85: 2654.8401 | AK85: 2305.3249 | AL85: 2034.7748 | AM85: 2117.3586 | AN85: 2006.788 | AO85: 1827.0062 | AP85: 1793.2374 | AQ85: 1832.6618 | AR85: 1954.272 | AS85: 1790.4413 | AT85: 2301.0551 | AU85: 5625.0115 | AV85: 634.99501 | AW85: 1071.1146 | AX85: 1473.9633 | AY85: 1266.02 | AZ85: 1239.9204 | BA85: 1213.6072 | BB85: 1187.8278 | BC85: 1162.2085 | BD85: 1136.7493 | BE85: 1109.2086 | BF85: 1084.0697 | BG85: 1056.9559 | BH85: 1056.9559 | BI85: 1056.9559 | BJ85: 1056.9559 | BK85: 1056.9559 | BL85: 1056.9559 | BM85: 1056.9559 | BN85: 1056.9559 | BO85: 1056.9559 | BP85: 1056.9559 | BQ85: 1056.9559 | BR85: 1056.9559 | BS85: 1056.9559 | BT85: 1056.9559 | BU85: 1056.9559 | BV85: 1056.9559 | BW85: 1056.9559 | BX85: 1056.9559 | BY85: 1056.9559 | BZ85: 1056.9559 | CA85: 1056.9559 | CB85: 1056.9559 | CC85: 1056.9559 | CD85: 1056.9559 | CE85: 1056.9559 | CF85: 1056.9559 | CG85: 1056.9559 | CH85: 1056.9559 | CI85: 1056.9559 | CJ85: 1056.9559 | CK85: 1056.9559 | CL85: 1056.9559 | CM85: 1056.9559 | CN85: 1056.9559 | CO85: 1056.9559 | CP85: 1056.9559 | CQ85: 1056.9559 | CR85: 1056.9559 | CS85: 1056.9559 | CT85: 1056.9559
A86: ='Population Definitions'!$B$10 -> 15-29F_aus | C86: Number (per year) | F86: OR | G86: 5654.2116 | H86: 6539.0922 | I86: 6109.6808 | J86: 4393.8458 | K86: 3784.7109 | L86: 4873.6195 | M86: 5500.8736 | N86: 5308.5648 | O86: 6127.6354 | P86: 5971.7194 | Q86: 5538.1903 | R86: 5606.4388 | S86: 5289.3944 | T86: 4612.7505 | U86: 4554.2891 | V86: 6848.4354 | W86: 15970.834 | X86: 5119.0644 | Y86: 2900.6239 | Z86: 3479.8471 | AA86: 3904.3801 | AB86: 4460.3721 | AC86: 4521.805 | AD86: 4783.1218 | AE86: 12457.186 | AF86: 12282.508 | AG86: 12207.748 | AH86: 10448.513 | AI86: 12683.47 | AJ86: 15969.384 | AK86: 12718.431 | AL86: 10906.172 | AM86: 11438.443 | AN86: 11794.515 | AO86: 11806.466 | AP86: 11896.52 | AQ86: 11708.139 | AR86: 13103.924 | AS86: 12549.487 | AT86: 14632.311 | AU86: 24624.893 | AV86: 1886.7418 | AW86: 7401.174 | AX86: 7445.8736 | AY86: 6827.4345 | AZ86: 6747.6411 | BA86: 6667.1538 | BB86: 6586.8801 | BC86: 6505.9124 | BD86: 6425.0515 | BE86: 6336.7183 | BF86: 6255.4838 | BG86: 6167.2574 | BH86: 6167.2574 | BI86: 6167.2574 | BJ86: 6167.2574 | BK86: 6167.2574 | BL86: 6167.2574 | BM86: 6167.2574 | BN86: 6167.2574 | BO86: 6167.2574 | BP86: 6167.2574 | BQ86: 6167.2574 | BR86: 6167.2574 | BS86: 6167.2574 | BT86: 6167.2574 | BU86: 6167.2574 | BV86: 6167.2574 | BW86: 6167.2574 | BX86: 6167.2574 | BY86: 6167.2574 | BZ86: 6167.2574 | CA86: 6167.2574 | CB86: 6167.2574 | CC86: 6167.2574 | CD86: 6167.2574 | CE86: 6167.2574 | CF86: 6167.2574 | CG86: 6167.2574 | CH86: 6167.2574 | CI86: 6167.2574 | CJ86: 6167.2574 | CK86: 6167.2574 | CL86: 6167.2574 | CM86: 6167.2574 | CN86: 6167.2574 | CO86: 6167.2574 | CP86: 6167.2574 | CQ86: 6167.2574 | CR86: 6167.2574 | CS86: 6167.2574 | CT86: 6167.2574
A87: ='Population Definitions'!$B$11 -> 30-49F_aus | C87: Number (per year) | F87: OR | G87: 3145.768 | H87: 3637.9494 | I87: 3399.0793 | J87: 2444.5502 | K87: 2105.5993 | L87: 2711.4956 | M87: 3060.3902 | N87: 2953.4503 | O87: 3409.131 | P87: 3322.3844 | Q87: 3081.1991 | R87: 3119.1727 | S87: 2942.7921 | T87: 2566.3216 | U87: 2533.8249 | V87: 3810.1421 | W87: 8885.3071 | X87: 2847.9878 | Y87: 1613.7823 | Z87: 1936.0179 | AA87: 2172.1957 | AB87: 2481.5487 | AC87: 2515.7077 | AD87: 2661.0972 | AE87: 7648.8626 | AF87: 8061.1866 | AG87: 7771.5362 | AH87: 6194.1831 | AI87: 7123.2669 | AJ87: 8260.4987 | AK87: 7371.0574 | AL87: 6454.3372 | AM87: 6648.0587 | AN87: 6295.2855 | AO87: 5952.1377 | AP87: 6021.7086 | AQ87: 6062.9902 | AR87: 6658.5183 | AS87: 6135.5021 | AT87: 8224.829 | AU87: 18530.031 | AV87: 1944.7438 | AW87: 4006.4244 | AX87: 4016.0375 | AY87: 3713.2495 | AZ87: 3673.3261 | BA87: 3634.31 | BB87: 3594.6535 | BC87: 3555.2105 | BD87: 3515.8208 | BE87: 3472.8551 | BF87: 3433.252 | BG87: 3389.9127 | BH87: 3389.9127 | BI87: 3389.9127 | BJ87: 3389.9127 | BK87: 3389.9127 | BL87: 3389.9127 | BM87: 3389.9127 | BN87: 3389.9127 | BO87: 3389.9127 | BP87: 3389.9127 | BQ87: 3389.9127 | BR87: 3389.9127 | BS87: 3389.9127 | BT87: 3389.9127 | BU87: 3389.9127 | BV87: 3389.9127 | BW87: 3389.9127 | BX87: 3389.9127 | BY87: 3389.9127 | BZ87: 3389.9127 | CA87: 3389.9127 | CB87: 3389.9127 | CC87: 3389.9127 | CD87: 3389.9127 | CE87: 3389.9127 | CF87: 3389.9127 | CG87: 3389.9127 | CH87: 3389.9127 | CI87: 3389.9127 | CJ87: 3389.9127 | CK87: 3389.9127 | CL87: 3389.9127 | CM87: 3389.9127 | CN87: 3389.9127 | CO87: 3389.9127 | CP87: 3389.9127 | CQ87: 3389.9127 | CR87: 3389.9127 | CS87: 3389.9127 | CT87: 3389.9127
A88: ='Population Definitions'!$B$12 -> 50-64F_aus | C88: Number (per year) | F88: OR | G88: 720.55606 | H88: 833.23613 | I88: 778.60534 | J88: 559.97291 | K88: 482.33848 | L88: 621.09387 | M88: 701.02656 | N88: 676.52552 | O88: 780.8459 | P88: 760.96858 | Q88: 705.78235 | R88: 714.40647 | S88: 674.01103 | T88: 587.78293 | U88: 580.41628 | V88: 872.686 | W88: 2035.3393 | X88: 652.33834 | Y88: 369.64848 | Z88: 443.42724 | AA88: 497.548 | AB88: 568.42804 | AC88: 576.22057 | AD88: 609.52565 | AE88: 1746.3409 | AF88: 1767.6966 | AG88: 1486.0764 | AH88: 1214.2649 | AI88: 1515.2535 | AJ88: 1827.5451 | AK88: 1804.451 | AL88: 1489.1792 | AM88: 1496.7972 | AN88: 1585.1352 | AO88: 1416.4452 | AP88: 1476.196 | AQ88: 1557.6495 | AR88: 1586.6834 | AS88: 1472.2017 | AT88: 4274.5686 | AU88: 8213.6223 | AV88: 605.13503 | AW88: 1094.8159 | AX88: 1613.4283 | AY88: 1452.7206 | AZ88: 1432.7589 | BA88: 1412.1033 | BB88: 1391.9282 | BC88: 1371.8063 | BD88: 1351.9514 | BE88: 1329.9615 | BF88: 1309.893 | BG88: 1288.5436 | BH88: 1288.5436 | BI88: 1288.5436 | BJ88: 1288.5436 | BK88: 1288.5436 | BL88: 1288.5436 | BM88: 1288.5436 | BN88: 1288.5436 | BO88: 1288.5436 | BP88: 1288.5436 | BQ88: 1288.5436 | BR88: 1288.5436 | BS88: 1288.5436 | BT88: 1288.5436 | BU88: 1288.5436 | BV88: 1288.5436 | BW88: 1288.5436 | BX88: 1288.5436 | BY88: 1288.5436 | BZ88: 1288.5436 | CA88: 1288.5436 | CB88: 1288.5436 | CC88: 1288.5436 | CD88: 1288.5436 | CE88: 1288.5436 | CF88: 1288.5436 | CG88: 1288.5436 | CH88: 1288.5436 | CI88: 1288.5436 | CJ88: 1288.5436 | CK88: 1288.5436 | CL88: 1288.5436 | CM88: 1288.5436 | CN88: 1288.5436 | CO88: 1288.5436 | CP88: 1288.5436 | CQ88: 1288.5436 | CR88: 1288.5436 | CS88: 1288.5436 | CT88: 1288.5436
A89: ='Population Definitions'!$B$13 -> 65+F_aus | C89: Number (per year) | F89: OR | G89: 292.62636 | H89: 338.43558 | I89: 316.23281 | J89: 227.36301 | K89: 195.91266 | L89: 252.27269 | M89: 284.71895 | N89: 274.74712 | O89: 317.08675 | P89: 309.11234 | Q89: 286.6556 | R89: 290.13489 | S89: 273.78754 | T89: 238.70124 | U89: 235.70251 | V89: 354.48752 | W89: 826.61096 | X89: 264.97666 | Y89: 150.13836 | Z89: 180.08227 | AA89: 202.07216 | AB89: 230.84049 | AC89: 234.04291 | AD89: 247.54641 | AE89: 772.62777 | AF89: 718.95918 | AG89: 579.23592 | AH89: 470.53427 | AI89: 621.96564 | AJ89: 767.77563 | AK89: 725.2763 | AL89: 510.29106 | AM89: 568.01263 | AN89: 760.96858 | AO89: 535.66152 | AP89: 589.3705 | AQ89: 648.38467 | AR89: 646.98612 | AS89: 620.35654 | AT89: 2233.7504 | AU89: 4789.5259 | AV89: 296.22738 | AW89: 675.03009 | AX89: 895.02064 | AY89: 798.7348 | AZ89: 786.88587 | BA89: 774.98358 | BB89: 762.92116 | BC89: 751.12561 | BD89: 739.22332 | BE89: 726.1468 | BF89: 714.56475 | BG89: 701.43486 | BH89: 701.43486 | BI89: 701.43486 | BJ89: 701.43486 | BK89: 701.43486 | BL89: 701.43486 | BM89: 701.43486 | BN89: 701.43486 | BO89: 701.43486 | BP89: 701.43486 | BQ89: 701.43486 | BR89: 701.43486 | BS89: 701.43486 | BT89: 701.43486 | BU89: 701.43486 | BV89: 701.43486 | BW89: 701.43486 | BX89: 701.43486 | BY89: 701.43486 | BZ89: 701.43486 | CA89: 701.43486 | CB89: 701.43486 | CC89: 701.43486 | CD89: 701.43486 | CE89: 701.43486 | CF89: 701.43486 | CG89: 701.43486 | CH89: 701.43486 | CI89: 701.43486 | CJ89: 701.43486 | CK89: 701.43486 | CL89: 701.43486 | CM89: 701.43486 | CN89: 701.43486 | CO89: 701.43486 | CP89: 701.43486 | CQ89: 701.43486 | CR89: 701.43486 | CS89: 701.43486 | CT89: 701.43486
A90: ='Population Definitions'!$B$14 -> 0-4M_oth | C90: Number (per year) | F90: OR | G90: 4442.8144 | H90: 5375.9561 | I90: 5607.2903 | J90: 4676.0136 | K90: 3921.8992 | L90: 4328.3849 | M90: 4950.1282 | N90: 5521.4308 | O90: 6561.0129 | P90: 6812.7101 | Q90: 6323.4926 | R90: 6450.8255 | S90: 6423.8303 | T90: 5588.3159 | U90: 5704.7137 | V90: 6357.9786 | W90: 5938.6636 | X90: 7257.3882 | Y90: 7672.5876 | Z90: 7796.4157 | AA90: 8746.8286 | AB90: 9992.5891 | AC90: 10129.85 | AD90: 10715.812 | AE90: 9928.0576 | AF90: 10911.405 | AG90: 11837.808 | AH90: 11249.786 | AI90: 12896.809 | AJ90: 13001.789 | AK90: 12510.802 | AL90: 13016.202 | AM90: 14208.819 | AN90: 13954.036 | AO90: 13342.092 | AP90: 12942.2 | AQ90: 13397.472 | AR90: 13918.719 | AS90: 12670.278 | AT90: 11875.327 | AU90: 10996.53 | AV90: 4918.7536 | AW90: 12836.958 | AX90: 14872.449 | AY90: 13521.613 | AZ90: 13347.433 | BA90: 13172.307 | BB90: 12996.235 | BC90: 12825.842 | BD90: 12651.663 | BE90: 12462.338 | BF90: 12289.105 | BG90: 12099.78 | BH90: 12099.78 | BI90: 12099.78 | BJ90: 12099.78 | BK90: 12099.78 | BL90: 12099.78 | BM90: 12099.78 | BN90: 12099.78 | BO90: 12099.78 | BP90: 12099.78 | BQ90: 12099.78 | BR90: 12099.78 | BS90: 12099.78 | BT90: 12099.78 | BU90: 12099.78 | BV90: 12099.78 | BW90: 12099.78 | BX90: 12099.78 | BY90: 12099.78 | BZ90: 12099.78 | CA90: 12099.78 | CB90: 12099.78 | CC90: 12099.78 | CD90: 12099.78 | CE90: 12099.78 | CF90: 12099.78 | CG90: 12099.78 | CH90: 12099.78 | CI90: 12099.78 | CJ90: 12099.78 | CK90: 12099.78 | CL90: 12099.78 | CM90: 12099.78 | CN90: 12099.78 | CO90: 12099.78 | CP90: 12099.78 | CQ90: 12099.78 | CR90: 12099.78 | CS90: 12099.78 | CT90: 12099.78
A91: ='Population Definitions'!$B$15 -> 5-14M_oth | C91: Number (per year) | F91: OR | G91: 6597.4545 | H91: 7981.5872 | I91: 8326.1097 | J91: 6943.8489 | K91: 5823.129 | L91: 6426.9162 | M91: 7350.2169 | N91: 8198.326 | O91: 9742.6793 | P91: 10115.979 | Q91: 9390.2469 | R91: 9578.4712 | S91: 9537.9206 | T91: 8297.8024 | U91: 8470.7731 | V91: 9441.4618 | W91: 8818.4227 | X91: 10776.818 | Y91: 11391.965 | Z91: 11576.295 | AA91: 12987.715 | AB91: 14837.423 | AC91: 15041.895 | AD91: 15910.898 | AE91: 17019.158 | AF91: 19115.763 | AG91: 20686.058 | AH91: 18330.402 | AI91: 20049.818 | AJ91: 19968.002 | AK91: 17289.934 | AL91: 18221.078 | AM91: 19190.18 | AN91: 19557.619 | AO91: 17373.172 | AP91: 17088.065 | AQ91: 18599.398 | AR91: 19681.811 | AS91: 18571.205 | AT91: 17757.096 | AU91: 17701.039 | AV91: 7654.0471 | AW91: 23431.027 | AX91: 26788.583 | AY91: 23014.383 | AZ91: 22540.123 | BA91: 22069.65 | BB91: 21598.23 | BC91: 21129.65 | BD91: 20668.642 | BE91: 20171.664 | BF91: 19712.55 | BG91: 19220.304 | BH91: 19220.304 | BI91: 19220.304 | BJ91: 19220.304 | BK91: 19220.304 | BL91: 19220.304 | BM91: 19220.304 | BN91: 19220.304 | BO91: 19220.304 | BP91: 19220.304 | BQ91: 19220.304 | BR91: 19220.304 | BS91: 19220.304 | BT91: 19220.304 | BU91: 19220.304 | BV91: 19220.304 | BW91: 19220.304 | BX91: 19220.304 | BY91: 19220.304 | BZ91: 19220.304 | CA91: 19220.304 | CB91: 19220.304 | CC91: 19220.304 | CD91: 19220.304 | CE91: 19220.304 | CF91: 19220.304 | CG91: 19220.304 | CH91: 19220.304 | CI91: 19220.304 | CJ91: 19220.304 | CK91: 19220.304 | CL91: 19220.304 | CM91: 19220.304 | CN91: 19220.304 | CO91: 19220.304 | CP91: 19220.304 | CQ91: 19220.304 | CR91: 19220.304 | CS91: 19220.304 | CT91: 19220.304
A92: ='Population Definitions'!$B$16 -> 15-29M_oth | C92: Number (per year) | F92: OR | G92: 36429.872 | H92: 44075.559 | I92: 45978.198 | J92: 38341.345 | K92: 32155.117 | L92: 35489.429 | M92: 40586.667 | N92: 45270.917 | O92: 53797.622 | P92: 55862.062 | Q92: 51852.099 | R92: 52893.345 | S92: 52668.705 | T92: 45819.481 | U92: 46774.11 | V92: 52134.016 | W92: 48693.906 | X92: 59506.176 | Y92: 62906.82 | Z92: 63921.899 | AA92: 71720.208 | AB92: 81933.361 | AC92: 83061.74 | AD92: 87862.083 | AE92: 82763.679 | AF92: 84155.124 | AG92: 96260.095 | AH92: 102755.2 | AI92: 117865.55 | AJ92: 120235.25 | AK92: 88173.665 | AL92: 88960.843 | AM92: 99531.505 | AN92: 104868.2 | AO92: 108298.03 | AP92: 105947.98 | AQ92: 109517.61 | AR92: 125159.8 | AS92: 130686.09 | AT92: 110959.62 | AU92: 72008.908 | AV92: 23322.073 | AW92: 159894.09 | AX92: 133563.32 | AY92: 122789.76 | AZ92: 121387.81 | BA92: 119969.76 | BB92: 118556.45 | BC92: 117141.24 | BD92: 115707.1 | BE92: 114150.85 | BF92: 112715.76 | BG92: 111152.88 | BH92: 111152.88 | BI92: 111152.88 | BJ92: 111152.88 | BK92: 111152.88 | BL92: 111152.88 | BM92: 111152.88 | BN92: 111152.88 | BO92: 111152.88 | BP92: 111152.88 | BQ92: 111152.88 | BR92: 111152.88 | BS92: 111152.88 | BT92: 111152.88 | BU92: 111152.88 | BV92: 111152.88 | BW92: 111152.88 | BX92: 111152.88 | BY92: 111152.88 | BZ92: 111152.88 | CA92: 111152.88 | CB92: 111152.88 | CC92: 111152.88 | CD92: 111152.88 | CE92: 111152.88 | CF92: 111152.88 | CG92: 111152.88 | CH92: 111152.88 | CI92: 111152.88 | CJ92: 111152.88 | CK92: 111152.88 | CL92: 111152.88 | CM92: 111152.88 | CN92: 111152.88 | CO92: 111152.88 | CP92: 111152.88 | CQ92: 111152.88 | CR92: 111152.88 | CS92: 111152.88 | CT92: 111152.88
A93: ='Population Definitions'!$B$17 -> 30-49M_oth | C93: Number (per year) | F93: OR | G93: 21556.739 | H93: 26081.449 | I93: 27206.654 | J93: 22688.186 | K93: 19026.559 | L93: 21000.196 | M93: 24015.795 | N93: 26788.57 | O93: 31833.659 | P93: 33055.194 | Q93: 30682.85 | R93: 31298.083 | S93: 31165.359 | T93: 27112.977 | U93: 27677.854 | V93: 30848.916 | W93: 28813.267 | X93: 35211.739 | Y93: 37224.314 | Z93: 37824.354 | AA93: 42439.158 | AB93: 48482.422 | AC93: 49149.793 | AD93: 51990.619 | AE93: 54387.216 | AF93: 61780.155 | AG93: 66506.032 | AH93: 61357.594 | AI93: 67411.208 | AJ93: 63971.498 | AK93: 58571.109 | AL93: 59343.789 | AM93: 65294.377 | AN93: 59814.46 | AO93: 55348.343 | AP93: 55073.056 | AQ93: 59449.415 | AR93: 67293.43 | AS93: 62258.592 | AT93: 62262.066 | AU93: 53680.861 | AV93: 23489.183 | AW93: 88732.488 | AX93: 67659.181 | AY93: 63967.337 | AZ93: 63458.052 | BA93: 62960.127 | BB93: 62452.735 | BC93: 61938.717 | BD93: 61433.218 | BE93: 60860.509 | BF93: 60344.598 | BG93: 59768.102 | BH93: 59768.102 | BI93: 59768.102 | BJ93: 59768.102 | BK93: 59768.102 | BL93: 59768.102 | BM93: 59768.102 | BN93: 59768.102 | BO93: 59768.102 | BP93: 59768.102 | BQ93: 59768.102 | BR93: 59768.102 | BS93: 59768.102 | BT93: 59768.102 | BU93: 59768.102 | BV93: 59768.102 | BW93: 59768.102 | BX93: 59768.102 | BY93: 59768.102 | BZ93: 59768.102 | CA93: 59768.102 | CB93: 59768.102 | CC93: 59768.102 | CD93: 59768.102 | CE93: 59768.102 | CF93: 59768.102 | CG93: 59768.102 | CH93: 59768.102 | CI93: 59768.102 | CJ93: 59768.102 | CK93: 59768.102 | CL93: 59768.102 | CM93: 59768.102 | CN93: 59768.102 | CO93: 59768.102 | CP93: 59768.102 | CQ93: 59768.102 | CR93: 59768.102 | CS93: 59768.102 | CT93: 59768.102
A94: ='Population Definitions'!$B$18 -> 50-64M_oth | C94: Number (per year) | F94: OR | G94: 4466.9367 | H94: 5404.5609 | I94: 5638.0561 | J94: 4701.9368 | K94: 3943.2914 | L94: 4352.0229 | M94: 4976.4353 | N94: 5551.7487 | O94: 6596.7921 | P94: 6849.6231 | Q94: 6358.6081 | R94: 6485.9676 | S94: 6458.2501 | T94: 5618.2 | U94: 5735.5991 | V94: 6393.1882 | W94: 5970.7604 | X94: 7296.8705 | Y94: 7713.6277 | Z94: 7838.0672 | AA94: 8794.16 | AB94: 10046.547 | AC94: 10185.701 | AD94: 10773.556 | AE94: 11218.602 | AF94: 12709.169 | AG94: 12147.224 | AH94: 11147.881 | AI94: 12747.064 | AJ94: 13219.784 | AK94: 13450.844 | AL94: 12827.161 | AM94: 13098.769 | AN94: 13174.361 | AO94: 11937.472 | AP94: 12030.308 | AQ94: 13661.962 | AR94: 14066.328 | AS94: 12841.056 | AT94: 21957.604 | AU94: 18456.435 | AV94: 6283.1867 | AW94: 16559.198 | AX94: 23444.151 | AY94: 21549.952 | AZ94: 21301.936 | BA94: 21058.653 | BB94: 20816.316 | BC94: 20568.3 | BD94: 20326.91 | BE94: 20056.175 | BF94: 19810.999 | BG94: 19545.943 | BH94: 19545.943 | BI94: 19545.943 | BJ94: 19545.943 | BK94: 19545.943 | BL94: 19545.943 | BM94: 19545.943 | BN94: 19545.943 | BO94: 19545.943 | BP94: 19545.943 | BQ94: 19545.943 | BR94: 19545.943 | BS94: 19545.943 | BT94: 19545.943 | BU94: 19545.943 | BV94: 19545.943 | BW94: 19545.943 | BX94: 19545.943 | BY94: 19545.943 | BZ94: 19545.943 | CA94: 19545.943 | CB94: 19545.943 | CC94: 19545.943 | CD94: 19545.943 | CE94: 19545.943 | CF94: 19545.943 | CG94: 19545.943 | CH94: 19545.943 | CI94: 19545.943 | CJ94: 19545.943 | CK94: 19545.943 | CL94: 19545.943 | CM94: 19545.943 | CN94: 19545.943 | CO94: 19545.943 | CP94: 19545.943 | CQ94: 19545.943 | CR94: 19545.943 | CS94: 19545.943 | CT94: 19545.943
A95: ='Population Definitions'!$B$19 -> 65+M_oth | C95: Number (per year) | F95: OR | G95: 1746.2837 | H95: 2112.4162 | I95: 2203.7117 | J95: 1837.8673 | K95: 1541.1281 | L95: 1701.0623 | M95: 1944.9751 | N95: 2169.5157 | O95: 2577.8922 | P95: 2677.5472 | Q95: 2485.0975 | R95: 2534.7356 | S95: 2524.424 | T95: 2196.0243 | U95: 2241.9161 | V95: 2498.1231 | W95: 2333.3663 | X95: 2851.9038 | Y95: 3015.0149 | Z95: 3063.2833 | AA95: 3437.2007 | AB95: 3926.6066 | AC95: 3980.5643 | AD95: 4210.5946 | AE95: 4323.9258 | AF95: 4168.4897 | AG95: 3869.461 | AH95: 3642.6602 | AI95: 4835.5235 | AJ95: 4932.4677 | AK95: 4922.9441 | AL95: 4098.2713 | AM95: 4648.614 | AN95: 6637.148 | AO95: 4861.2468 | AP95: 5394.7608 | AQ95: 6165.6814 | AR95: 6305.5329 | AS95: 6214.3226 | AT95: 15773.033 | AU95: 13359.754 | AV95: 3529.5294 | AW95: 11424.415 | AX95: 15526.567 | AY95: 13884.171 | AZ95: 13674.019 | BA95: 13468.601 | BB95: 13259.397 | BC95: 13057.766 | BD95: 12848.561 | BE95: 12637.463 | BF95: 12435.832 | BG95: 12212.428 | BH95: 12212.428 | BI95: 12212.428 | BJ95: 12212.428 | BK95: 12212.428 | BL95: 12212.428 | BM95: 12212.428 | BN95: 12212.428 | BO95: 12212.428 | BP95: 12212.428 | BQ95: 12212.428 | BR95: 12212.428 | BS95: 12212.428 | BT95: 12212.428 | BU95: 12212.428 | BV95: 12212.428 | BW95: 12212.428 | BX95: 12212.428 | BY95: 12212.428 | BZ95: 12212.428 | CA95: 12212.428 | CB95: 12212.428 | CC95: 12212.428 | CD95: 12212.428 | CE95: 12212.428 | CF95: 12212.428 | CG95: 12212.428 | CH95: 12212.428 | CI95: 12212.428 | CJ95: 12212.428 | CK95: 12212.428 | CL95: 12212.428 | CM95: 12212.428 | CN95: 12212.428 | CO95: 12212.428 | CP95: 12212.428 | CQ95: 12212.428 | CR95: 12212.428 | CS95: 12212.428 | CT95: 12212.428
A96: ='Population Definitions'!$B$20 -> 0-4F_oth | C96: Number (per year) | F96: OR | G96: 4211.0678 | H96: 5094.2428 | I96: 5314.5755 | J96: 4431.9777 | K96: 3716.8909 | L96: 4101.635 | M96: 4691.4412 | N96: 5232.5187 | O96: 6218.4269 | P96: 6457.0843 | Q96: 5993.0467 | R96: 6113.8219 | S96: 6087.7839 | T96: 5295.8145 | U96: 5406.7605 | V96: 6026.1278 | W96: 5628.1452 | X96: 6878.175 | Y96: 7270.7766 | Z96: 7388.4196 | AA96: 8289.608 | AB96: 9470.0513 | AC96: 9600.6857 | AD96: 10155.409 | AE96: 9415.4583 | AF96: 10635.76 | AG96: 11157.444 | AH96: 10714.337 | AI96: 12113.321 | AJ96: 12459.865 | AK96: 11544.453 | AL96: 12390.226 | AM96: 13274.087 | AN96: 13328.315 | AO96: 12530.834 | AP96: 12384.432 | AQ96: 12707.264 | AR96: 13025.82 | AS96: 12167.936 | AT96: 11150.009 | AU96: 10256.809 | AV96: 4614.8321 | AW96: 12436.101 | AX96: 14513.677 | AY96: 13185.56 | AZ96: 13007.594 | BA96: 12835.308 | BB96: 12664.916 | BC96: 12492.63 | BD96: 12318.45 | BE96: 12131.965 | BF96: 11966.305 | BG96: 11777.927 | BH96: 11777.927 | BI96: 11777.927 | BJ96: 11777.927 | BK96: 11777.927 | BL96: 11777.927 | BM96: 11777.927 | BN96: 11777.927 | BO96: 11777.927 | BP96: 11777.927 | BQ96: 11777.927 | BR96: 11777.927 | BS96: 11777.927 | BT96: 11777.927 | BU96: 11777.927 | BV96: 11777.927 | BW96: 11777.927 | BX96: 11777.927 | BY96: 11777.927 | BZ96: 11777.927 | CA96: 11777.927 | CB96: 11777.927 | CC96: 11777.927 | CD96: 11777.927 | CE96: 11777.927 | CF96: 11777.927 | CG96: 11777.927 | CH96: 11777.927 | CI96: 11777.927 | CJ96: 11777.927 | CK96: 11777.927 | CL96: 11777.927 | CM96: 11777.927 | CN96: 11777.927 | CO96: 11777.927 | CP96: 11777.927 | CQ96: 11777.927 | CR96: 11777.927 | CS96: 11777.927 | CT96: 11777.927
A97: ='Population Definitions'!$B$21 -> 5-14F_oth | C97: Number (per year) | F97: OR | G97: 6215.8049 | H97: 7520.4443 | I97: 7845.2839 | J97: 6542.4858 | K97: 5486.2022 | L97: 6055.7116 | M97: 6924.918 | N97: 7724.8312 | O97: 9179.1567 | P97: 9531.6719 | Q97: 8847.3072 | R97: 9025.2086 | S97: 8987.203 | T97: 7817.8466 | U97: 7981.1488 | V97: 8895.7125 | W97: 8308.6053 | X97: 10153.365 | Y97: 10734.369 | Z97: 10907.03 | AA97: 12237.987 | AB97: 13980.726 | AC97: 14172.892 | AD97: 14991.723 | AE97: 15936.238 | AF97: 18001.912 | AG97: 19436.087 | AH97: 17413.256 | AI97: 18932.969 | AJ97: 18666.16 | AK97: 16422.675 | AL97: 16754.225 | AM97: 17948.641 | AN97: 18125.212 | AO97: 16515.994 | AP97: 16334.763 | AQ97: 17619.338 | AR97: 18742.728 | AS97: 17754.559 | AT97: 16912.945 | AU97: 16558.988 | AV97: 7127.005 | AW97: 22428.885 | AX97: 26142.037 | AY97: 22453.98 | AZ97: 21991.08 | BA97: 21524.393 | BB97: 21067.172 | BC97: 20612.791 | BD97: 20161.251 | BE97: 19672.791 | BF97: 19226.93 | BG97: 18746.044 | BH97: 18746.044 | BI97: 18746.044 | BJ97: 18746.044 | BK97: 18746.044 | BL97: 18746.044 | BM97: 18746.044 | BN97: 18746.044 | BO97: 18746.044 | BP97: 18746.044 | BQ97: 18746.044 | BR97: 18746.044 | BS97: 18746.044 | BT97: 18746.044 | BU97: 18746.044 | BV97: 18746.044 | BW97: 18746.044 | BX97: 18746.044 | BY97: 18746.044 | BZ97: 18746.044 | CA97: 18746.044 | CB97: 18746.044 | CC97: 18746.044 | CD97: 18746.044 | CE97: 18746.044 | CF97: 18746.044 | CG97: 18746.044 | CH97: 18746.044 | CI97: 18746.044 | CJ97: 18746.044 | CK97: 18746.044 | CL97: 18746.044 | CM97: 18746.044 | CN97: 18746.044 | CO97: 18746.044 | CP97: 18746.044 | CQ97: 18746.044 | CR97: 18746.044 | CS97: 18746.044 | CT97: 18746.044
A98: ='Population Definitions'!$B$22 -> 15-29F_oth | C98: Number (per year) | F98: OR | G98: 35173.788 | H98: 42556.908 | I98: 44393.319 | J98: 37020.154 | K98: 31046.289 | L98: 34266.38 | M98: 39187.126 | N98: 43710.435 | O98: 51943.365 | P98: 53936.281 | Q98: 50064.81 | R98: 51069.561 | S98: 50852.606 | T98: 44239.25 | U98: 45161.711 | V98: 50336.565 | W98: 47015.166 | X98: 57454.936 | Y98: 60738.376 | Z98: 61718.153 | AA98: 69247.62 | AB98: 79108.628 | AC98: 80198.195 | AD98: 84832.878 | AE98: 77493.814 | AF98: 79935.492 | AG98: 88702.252 | AH98: 88033.487 | AI98: 104043.53 | AJ98: 112280.62 | AK98: 90603.569 | AL98: 89800.828 | AM98: 96962.557 | AN98: 106527.49 | AO98: 106729.53 | AP98: 108366.48 | AQ98: 112562.86 | AR98: 125675.08 | AS98: 124444.51 | AT98: 107548.69 | AU98: 72491.107 | AV98: 21176.258 | AW98: 154978.83 | AX98: 132059.13 | AY98: 121090.57 | AZ98: 119675.36 | BA98: 118247.85 | BB98: 116824.12 | BC98: 115388.09 | BD98: 113953.95 | BE98: 112387.28 | BF98: 110946.52 | BG98: 109381.74 | BH98: 109381.74 | BI98: 109381.74 | BJ98: 109381.74 | BK98: 109381.74 | BL98: 109381.74 | BM98: 109381.74 | BN98: 109381.74 | BO98: 109381.74 | BP98: 109381.74 | BQ98: 109381.74 | BR98: 109381.74 | BS98: 109381.74 | BT98: 109381.74 | BU98: 109381.74 | BV98: 109381.74 | BW98: 109381.74 | BX98: 109381.74 | BY98: 109381.74 | BZ98: 109381.74 | CA98: 109381.74 | CB98: 109381.74 | CC98: 109381.74 | CD98: 109381.74 | CE98: 109381.74 | CF98: 109381.74 | CG98: 109381.74 | CH98: 109381.74 | CI98: 109381.74 | CJ98: 109381.74 | CK98: 109381.74 | CL98: 109381.74 | CM98: 109381.74 | CN98: 109381.74 | CO98: 109381.74 | CP98: 109381.74 | CQ98: 109381.74 | CR98: 109381.74 | CS98: 109381.74 | CT98: 109381.74
A99: ='Population Definitions'!$B$23 -> 30-49F_oth | C99: Number (per year) | F99: OR | G99: 19569.232 | H99: 23676.051 | I99: 24697.921 | J99: 20596.45 | K99: 17272.401 | L99: 19064.504 | M99: 21801.61 | N99: 24318.55 | O99: 28898.869 | P99: 30007.616 | Q99: 27853.801 | R99: 28412.827 | S99: 28292.208 | T99: 24612.678 | U99: 25126.175 | V99: 28004.858 | W99: 26156.693 | X99: 31965.012 | Y99: 33792.218 | Z99: 34336.982 | AA99: 38525.804 | AB99: 44012.451 | AC99: 44618.292 | AD99: 47196.903 | AE99: 47582.137 | AF99: 52462.813 | AG99: 56468.464 | AH99: 52188.817 | AI99: 58432.733 | AJ99: 58079.501 | AK99: 52509.943 | AL99: 53144.663 | AM99: 56354.941 | AN99: 56858.714 | AO99: 53806.862 | AP99: 54852.291 | AQ99: 58290.01 | AR99: 63859.482 | AS99: 60841.498 | AT99: 60453.171 | AU99: 54548.969 | AV99: 21827.256 | AW99: 83893.576 | AX99: 71227.963 | AY99: 65857.751 | AZ99: 65149.674 | BA99: 64457.69 | BB99: 63754.346 | BC99: 63054.79 | BD99: 62356.179 | BE99: 61594.145 | BF99: 60891.748 | BG99: 60123.087 | BH99: 60123.087 | BI99: 60123.087 | BJ99: 60123.087 | BK99: 60123.087 | BL99: 60123.087 | BM99: 60123.087 | BN99: 60123.087 | BO99: 60123.087 | BP99: 60123.087 | BQ99: 60123.087 | BR99: 60123.087 | BS99: 60123.087 | BT99: 60123.087 | BU99: 60123.087 | BV99: 60123.087 | BW99: 60123.087 | BX99: 60123.087 | BY99: 60123.087 | BZ99: 60123.087 | CA99: 60123.087 | CB99: 60123.087 | CC99: 60123.087 | CD99: 60123.087 | CE99: 60123.087 | CF99: 60123.087 | CG99: 60123.087 | CH99: 60123.087 | CI99: 60123.087 | CJ99: 60123.087 | CK99: 60123.087 | CL99: 60123.087 | CM99: 60123.087 | CN99: 60123.087 | CO99: 60123.087 | CP99: 60123.087 | CQ99: 60123.087 | CR99: 60123.087 | CS99: 60123.087 | CT99: 60123.087
A100: ='Population Definitions'!$B$24 -> 50-64F_oth | C100: Number (per year) | F100: OR | G100: 4482.4439 | H100: 5422.7639 | I100: 5657.3947 | J100: 4718.0271 | K100: 3956.6615 | L100: 4366.9061 | M100: 4993.9734 | N100: 5570.4745 | O100: 6619.1541 | P100: 6873.0314 | Q100: 6380.2176 | R100: 6507.5935 | S100: 6479.989 | T100: 5637.2171 | U100: 5755.5837 | V100: 6414.314 | W100: 5991.6607 | X100: 7321.6617 | Y100: 7740.3515 | Z100: 7864.5728 | AA100: 8824.452 | AB100: 10081.572 | AC100: 10219.779 | AD100: 10810.474 | AE100: 10863.659 | AF100: 11504.303 | AG100: 10797.924 | AH100: 10230.735 | AI100: 12429.747 | AJ100: 12849.455 | AK100: 12854.549 | AL100: 12261.821 | AM100: 12688.203 | AN100: 14316.865 | AO100: 12804.555 | AP100: 13446.804 | AQ100: 14975.351 | AR100: 15217.317 | AS100: 14598.798 | AT100: 31418.431 | AU100: 24179.378 | AV100: 6791.865 | AW100: 22925.184 | AX100: 28615.572 | AY100: 25765.279 | AZ100: 25411.241 | BA100: 25044.897 | BB100: 24687.072 | BC100: 24330.194 | BD100: 23978.049 | BE100: 23588.039 | BF100: 23232.107 | BG100: 22853.456 | BH100: 22853.456 | BI100: 22853.456 | BJ100: 22853.456 | BK100: 22853.456 | BL100: 22853.456 | BM100: 22853.456 | BN100: 22853.456 | BO100: 22853.456 | BP100: 22853.456 | BQ100: 22853.456 | BR100: 22853.456 | BS100: 22853.456 | BT100: 22853.456 | BU100: 22853.456 | BV100: 22853.456 | BW100: 22853.456 | BX100: 22853.456 | BY100: 22853.456 | BZ100: 22853.456 | CA100: 22853.456 | CB100: 22853.456 | CC100: 22853.456 | CD100: 22853.456 | CE100: 22853.456 | CF100: 22853.456 | CG100: 22853.456 | CH100: 22853.456 | CI100: 22853.456 | CJ100: 22853.456 | CK100: 22853.456 | CL100: 22853.456 | CM100: 22853.456 | CN100: 22853.456 | CO100: 22853.456 | CP100: 22853.456 | CQ100: 22853.456 | CR100: 22853.456 | CS100: 22853.456 | CT100: 22853.456
A101: ='Population Definitions'!$B$25 -> 65+F_oth | C101: Number (per year) | F101: OR | G101: 1820.3736 | H101: 2202.5644 | I101: 2297.7672 | J101: 1915.637 | K101: 1607.0873 | L101: 1773.7273 | M101: 2028.281 | N101: 2262.2529 | O101: 2687.9133 | P101: 2791.8877 | Q101: 2591.3444 | R101: 2642.8651 | S101: 2632.2125 | T101: 2289.2988 | U101: 2337.2975 | V101: 2605.5125 | W101: 2433.389 | X101: 2974.0233 | Y101: 3143.8616 | Z101: 3193.9177 | AA101: 3583.9278 | AB101: 4094.1595 | AC101: 4150.9571 | AD101: 4390.4536 | AE101: 4806.3722 | AF101: 4679.0408 | AG101: 4208.7641 | AH101: 3964.4657 | AI101: 5102.0344 | AJ101: 5398.2244 | AK101: 5166.7237 | AL101: 4201.7089 | AM101: 4814.9874 | AN101: 6873.0314 | AO101: 4842.3385 | AP101: 5368.6295 | AQ101: 6233.6153 | AR101: 6205.0139 | AS101: 6151.6435 | AT101: 16418.25 | AU101: 14099.474 | AV101: 3324.7726 | AW101: 14134.97 | AX101: 15873.979 | AY101: 14166.265 | AZ101: 13956.114 | BA101: 13745.016 | BB101: 13531.079 | BC101: 13321.874 | BD101: 13110.777 | BE101: 12878.853 | BF101: 12673.435 | BG101: 12440.565 | BH101: 12440.565 | BI101: 12440.565 | BJ101: 12440.565 | BK101: 12440.565 | BL101: 12440.565 | BM101: 12440.565 | BN101: 12440.565 | BO101: 12440.565 | BP101: 12440.565 | BQ101: 12440.565 | BR101: 12440.565 | BS101: 12440.565 | BT101: 12440.565 | BU101: 12440.565 | BV101: 12440.565 | BW101: 12440.565 | BX101: 12440.565 | BY101: 12440.565 | BZ101: 12440.565 | CA101: 12440.565 | CB101: 12440.565 | CC101: 12440.565 | CD101: 12440.565 | CE101: 12440.565 | CF101: 12440.565 | CG101: 12440.565 | CH101: 12440.565 | CI101: 12440.565 | CJ101: 12440.565 | CK101: 12440.565 | CL101: 12440.565 | CM101: 12440.565 | CN101: 12440.565 | CO101: 12440.565 | CP101: 12440.565 | CQ101: 12440.565 | CR101: 12440.565 | CS101: 12440.565 | CT101: 12440.565
A102: ='Population Definitions'!$B$26 -> 0-4M_fns | C102: Number (per year) | E102: 0 | F102: OR
...

Sheet Transfers
A1: Abbreviation | B1: Full Name | C1: From population type | D1: To population type
A2: age | B2: aging | C2: default | D2: default
B4: ='Population Definitions'!$B$2 -> 0-4M_aus | C4: ='Population Definitions'!$B$3 -> 5-14M_aus | D4: ='Population Definitions'!$B$4 -> 15-29M_aus | E4: ='Population Definitions'!$B$5 -> 30-49M_aus | F4: ='Population Definitions'!$B$6 -> 50-64M_aus | G4: ='Population Definitions'!$B$7 -> 65+M_aus | H4: ='Population Definitions'!$B$8 -> 0-4F_aus | I4: ='Population Definitions'!$B$9 -> 5-14F_aus | J4: ='Population Definitions'!$B$10 -> 15-29F_aus | K4: ='Population Definitions'!$B$11 -> 30-49F_aus | L4: ='Population Definitions'!$B$12 -> 50-64F_aus | M4: ='Population Definitions'!$B$13 -> 65+F_aus | N4: ='Population Definitions'!$B$14 -> 0-4M_oth | O4: ='Population Definitions'!$B$15 -> 5-14M_oth | P4: ='Population Definitions'!$B$16 -> 15-29M_oth | Q4: ='Population Definitions'!$B$17 -> 30-49M_oth | R4: ='Population Definitions'!$B$18 -> 50-64M_oth | S4: ='Population Definitions'!$B$19 -> 65+M_oth | T4: ='Population Definitions'!$B$20 -> 0-4F_oth | U4: ='Population Definitions'!$B$21 -> 5-14F_oth | V4: ='Population Definitions'!$B$22 -> 15-29F_oth | W4: ='Population Definitions'!$B$23 -> 30-49F_oth | X4: ='Population Definitions'!$B$24 -> 50-64F_oth | Y4: ='Population Definitions'!$B$25 -> 65+F_oth | Z4: ='Population Definitions'!$B$26 -> 0-4M_fns | AA4: ='Population Definitions'!$B$27 -> 5-14M_fns | AB4: ='Population Definitions'!$B$28 -> 15-29M_fns | AC4: ='Population Definitions'!$B$29 -> 30-49M_fns | AD4: ='Population Definitions'!$B$30 -> 50-64M_fns | AE4: ='Population Definitions'!$B$31 -> 65+M_fns | AF4: ='Population Definitions'!$B$32 -> 0-4F_fns | AG4: ='Population Definitions'!$B$33 -> 5-14F_fns | AH4: ='Population Definitions'!$B$34 -> 15-29F_fns | AI4: ='Population Definitions'!$B$35 -> 30-49F_fns | AJ4: ='Population Definitions'!$B$36 -> 50-64F_fns | AK4: ='Population Definitions'!$B$37 -> 65+F_fns
A5: ='Population Definitions'!$B$2 -> 0-4M_aus | B5: N.A. | C5: Y | D5: N | E5: N | F5: N | G5: N | H5: N | I5: N | J5: N | K5: N | L5: N | M5: N | N5: N | O5: N | P5: N | Q5: N | R5: N | S5: N | T5: N | U5: N | V5: N | W5: N | X5: N | Y5: N | Z5: N | AA5: N | AB5: N | AC5: N | AD5: N | AE5: N | AF5: N | AG5: N | AH5: N | AI5: N | AJ5: N | AK5: N
A6: ='Population Definitions'!$B$3 -> 5-14M_aus | B6: N | C6: N.A. | D6: Y | E6: N | F6: N | G6: N | H6: N | I6: N | J6: N | K6: N | L6: N | M6: N | N6: N | O6: N | P6: N | Q6: N | R6: N | S6: N | T6: N | U6: N | V6: N | W6: N | X6: N | Y6: N | Z6: N | AA6: N | AB6: N | AC6: N | AD6: N | AE6: N | AF6: N | AG6: N | AH6: N | AI6: N | AJ6: N | AK6: N
A7: ='Population Definitions'!$B$4 -> 15-29M_aus | B7: N | C7: N | D7: N.A. | E7: Y | F7: N | G7: N | H7: N | I7: N | J7: N | K7: N | L7: N | M7: N | N7: N | O7: N | P7: N | Q7: N | R7: N | S7: N | T7: N | U7: N | V7: N | W7: N | X7: N | Y7: N | Z7: N | AA7: N | AB7: N | AC7: N | AD7: N | AE7: N | AF7: N | AG7: N | AH7: N | AI7: N | AJ7: N | AK7: N
A8: ='Population Definitions'!$B$5 -> 30-49M_aus | B8: N | C8: N | D8: N | E8: N.A. | F8: Y | G8: N | H8: N | I8: N | J8: N | K8: N | L8: N | M8: N | N8: N | O8: N | P8: N | Q8: N | R8: N | S8: N | T8: N | U8: N | V8: N | W8: N | X8: N | Y8: N | Z8: N | AA8: N | AB8: N | AC8: N | AD8: N | AE8: N | AF8: N | AG8: N | AH8: N | AI8: N | AJ8: N | AK8: N
A9: ='Population Definitions'!$B$6 -> 50-64M_aus | B9: N | C9: N | D9: N | E9: N | F9: N.A. | G9: Y | H9: N | I9: N | J9: N | K9: N | L9: N | M9: N | N9: N | O9: N | P9: N | Q9: N | R9: N | S9: N | T9: N | U9: N | V9: N | W9: N | X9: N | Y9: N | Z9: N | AA9: N | AB9: N | AC9: N | AD9: N | AE9: N | AF9: N | AG9: N | AH9: N | AI9: N | AJ9: N | AK9: N
A10: ='Population Definitions'!$B$7 -> 65+M_aus | B10: N | C10: N | D10: N | E10: N | F10: N | G10: N.A. | H10: N | I10: N | J10: N | K10: N | L10: N | M10: N | N10: N | O10: N | P10: N | Q10: N | R10: N | S10: N | T10: N | U10: N | V10: N | W10: N | X10: N | Y10: N | Z10: N | AA10: N | AB10: N | AC10: N | AD10: N | AE10: N | AF10: N | AG10: N | AH10: N | AI10: N | AJ10: N | AK10: N
A11: ='Population Definitions'!$B$8 -> 0-4F_aus | B11: N | C11: N | D11: N | E11: N | F11: N | G11: N | H11: N.A. | I11: Y | J11: N | K11: N | L11: N | M11: N | N11: N | O11: N | P11: N | Q11: N | R11: N | S11: N | T11: N | U11: N | V11: N | W11: N | X11: N | Y11: N | Z11: N | AA11: N | AB11: N | AC11: N | AD11: N | AE11: N | AF11: N | AG11: N | AH11: N | AI11: N | AJ11: N | AK11: N
A12: ='Population Definitions'!$B$9 -> 5-14F_aus | B12: N | C12: N | D12: N | E12: N | F12: N | G12: N | H12: N | I12: N.A. | J12: Y | K12: N | L12: N | M12: N | N12: N | O12: N | P12: N | Q12: N | R12: N | S12: N | T12: N | U12: N | V12: N | W12: N | X12: N | Y12: N | Z12: N | AA12: N | AB12: N | AC12: N | AD12: N | AE12: N | AF12: N | AG12: N | AH12: N | AI12: N | AJ12: N | AK12: N
A13: ='Population Definitions'!$B$10 -> 15-29F_aus | B13: N | C13: N | D13: N | E13: N | F13: N | G13: N | H13: N | I13: N | J13: N.A. | K13: Y | L13: N | M13: N | N13: N | O13: N | P13: N | Q13: N | R13: N | S13: N | T13: N | U13: N | V13: N | W13: N | X13: N | Y13: N | Z13: N | AA13: N | AB13: N | AC13: N | AD13: N | AE13: N | AF13: N | AG13: N | AH13: N | AI13: N | AJ13: N | AK13: N
A14: ='Population Definitions'!$B$11 -> 30-49F_aus | B14: N | C14: N | D14: N | E14: N | F14: N | G14: N | H14: N | I14: N | J14: N | K14: N.A. | L14: Y | M14: N | N14: N | O14: N | P14: N | Q14: N | R14: N | S14: N | T14: N | U14: N | V14: N | W14: N | X14: N | Y14: N | Z14: N | AA14: N | AB14: N | AC14: N | AD14: N | AE14: N | AF14: N | AG14: N | AH14: N | AI14: N | AJ14: N | AK14: N
A15: ='Population Definitions'!$B$12 -> 50-64F_aus | B15: N | C15: N | D15: N | E15: N | F15: N | G15: N | H15: N | I15: N | J15: N | K15: N | L15: N.A. | M15: Y | N15: N | O15: N | P15: N | Q15: N | R15: N | S15: N | T15: N | U15: N | V15: N | W15: N | X15: N | Y15: N | Z15: N | AA15: N | AB15: N | AC15: N | AD15: N | AE15: N | AF15: N | AG15: N | AH15: N | AI15: N | AJ15: N | AK15: N
A16: ='Population Definitions'!$B$13 -> 65+F_aus | B16: N | C16: N | D16: N | E16: N | F16: N | G16: N | H16: N | I16: N | J16: N | K16: N | L16: N | M16: N.A. | N16: N | O16: N | P16: N | Q16: N | R16: N | S16: N | T16: N | U16: N | V16: N | W16: N | X16: N | Y16: N | Z16: N | AA16: N | AB16: N | AC16: N | AD16: N | AE16: N | AF16: N | AG16: N | AH16: N | AI16: N | AJ16: N | AK16: N
A17: ='Population Definitions'!$B$14 -> 0-4M_oth | B17: N | C17: N | D17: N | E17: N | F17: N | G17: N | H17: N | I17: N | J17: N | K17: N | L17: N | M17: N | N17: N.A. | O17: Y | P17: N | Q17: N | R17: N | S17: N | T17: N | U17: N | V17: N | W17: N | X17: N | Y17: N | Z17: N | AA17: N | AB17: N | AC17: N | AD17: N | AE17: N | AF17: N | AG17: N | AH17: N | AI17: N | AJ17: N | AK17: N
A18: ='Population Definitions'!$B$15 -> 5-14M_oth | B18: N | C18: N | D18: N | E18: N | F18: N | G18: N | H18: N | I18: N | J18: N | K18: N | L18: N | M18: N | N18: N | O18: N.A. | P18: Y | Q18: N | R18: N | S18: N | T18: N | U18: N | V18: N | W18: N | X18: N | Y18: N | Z18: N | AA18: N | AB18: N | AC18: N | AD18: N | AE18: N | AF18: N | AG18: N | AH18: N | AI18: N | AJ18: N | AK18: N
A19: ='Population Definitions'!$B$16 -> 15-29M_oth | B19: N | C19: N | D19: N | E19: N | F19: N | G19: N | H19: N | I19: N | J19: N | K19: N | L19: N | M19: N | N19: N | O19: N | P19: N.A. | Q19: Y | R19: N | S19: N | T19: N | U19: N | V19: N | W19: N | X19: N | Y19: N | Z19: N | AA19: N | AB19: N | AC19: N | AD19: N | AE19: N | AF19: N | AG19: N | AH19: N | AI19: N | AJ19: N | AK19: N
A20: ='Population Definitions'!$B$17 -> 30-49M_oth | B20: N | C20: N | D20: N | E20: N | F20: N | G20: N | H20: N | I20: N | J20: N | K20: N | L20: N | M20: N | N20: N | O20: N | P20: N | Q20: N.A. | R20: Y | S20: N | T20: N | U20: N | V20: N | W20: N | X20: N | Y20: N | Z20: N | AA20: N | AB20: N | AC20: N | AD20: N | AE20: N | AF20: N | AG20: N | AH20: N | AI20: N | AJ20: N | AK20: N
A21: ='Population Definitions'!$B$18 -> 50-64M_oth | B21: N | C21: N | D21: N | E21: N | F21: N | G21: N | H21: N | I21: N | J21: N | K21: N | L21: N | M21: N | N21: N | O21: N | P21: N | Q21: N | R21: N.A. | S21: Y | T21: N | U21: N | V21: N | W21: N | X21: N | Y21: N | Z21: N | AA21: N | AB21: N | AC21: N | AD21: N | AE21: N | AF21: N | AG21: N | AH21: N | AI21: N | AJ21: N | AK21: N
A22: ='Population Definitions'!$B$19 -> 65+M_oth | B22: N | C22: N | D22: N | E22: N | F22: N | G22: N | H22: N | I22: N | J22: N | K22: N | L22: N | M22: N | N22: N | O22: N | P22: N | Q22: N | R22: N | S22: N.A. | T22: N | U22: N | V22: N | W22: N | X22: N | Y22: N | Z22: N | AA22: N | AB22: N | AC22: N | AD22: N | AE22: N | AF22: N | AG22: N | AH22: N | AI22: N | AJ22: N | AK22: N
A23: ='Population Definitions'!$B$20 -> 0-4F_oth | B23: N | C23: N | D23: N | E23: N | F23: N | G23: N | H23: N | I23: N | J23: N | K23: N | L23: N | M23: N | N23: N | O23: N | P23: N | Q23: N | R23: N | S23: N | T23: N.A. | U23: Y | V23: N | W23: N | X23: N | Y23: N | Z23: N | AA23: N | AB23: N | AC23: N | AD23: N | AE23: N | AF23: N | AG23: N | AH23: N | AI23: N | AJ23: N | AK23: N
A24: ='Population Definitions'!$B$21 -> 5-14F_oth | B24: N | C24: N | D24: N | E24: N | F24: N | G24: N | H24: N | I24: N | J24: N | K24: N | L24: N | M24: N | N24: N | O24: N | P24: N | Q24: N | R24: N | S24: N | T24: N | U24: N.A. | V24: Y | W24: N | X24: N | Y24: N | Z24: N | AA24: N | AB24: N | AC24: N | AD24: N | AE24: N | AF24: N | AG24: N | AH24: N | AI24: N | AJ24: N | AK24: N
A25: ='Population Definitions'!$B$22 -> 15-29F_oth | B25: N | C25: N | D25: N | E25: N | F25: N | G25: N | H25: N | I25: N | J25: N | K25: N | L25: N | M25: N | N25: N | O25: N | P25: N | Q25: N | R25: N | S25: N | T25: N | U25: N | V25: N.A. | W25: Y | X25: N | Y25: N | Z25: N | AA25: N | AB25: N | AC25: N | AD25: N | AE25: N | AF25: N | AG25: N | AH25: N | AI25: N | AJ25: N | AK25: N
A26: ='Population Definitions'!$B$23 -> 30-49F_oth | B26: N | C26: N | D26: N | E26: N | F26: N | G26: N | H26: N | I26: N | J26: N | K26: N | L26: N | M26: N | N26: N | O26: N | P26: N | Q26: N | R26: N | S26: N | T26: N | U26: N | V26: N | W26: N.A. | X26: Y | Y26: N | Z26: N | AA26: N | AB26: N | AC26: N | AD26: N | AE26: N | AF26: N | AG26: N | AH26: N | AI26: N | AJ26: N | AK26: N
A27: ='Population Definitions'!$B$24 -> 50-64F_oth | B27: N | C27: N | D27: N | E27: N | F27: N | G27: N | H27: N | I27: N | J27: N | K27: N | L27: N | M27: N | N27: N | O27: N | P27: N | Q27: N | R27: N | S27: N | T27: N | U27: N | V27: N | W27: N | X27: N.A. | Y27: Y | Z27: N | AA27: N | AB27: N | AC27: N | AD27: N | AE27: N | AF27: N | AG27: N | AH27: N | AI27: N | AJ27: N | AK27: N
A28: ='Population Definitions'!$B$25 -> 65+F_oth | B28: N | C28: N | D28: N | E28: N | F28: N | G28: N | H28: N | I28: N | J28: N | K28: N | L28: N | M28: N | N28: N | O28: N | P28: N | Q28: N | R28: N | S28: N | T28: N | U28: N | V28: N | W28: N | X28: N | Y28: N.A. | Z28: N | AA28: N | AB28: N | AC28: N | AD28: N | AE28: N | AF28: N | AG28: N | AH28: N | AI28: N | AJ28: N | AK28: N
A29: ='Population Definitions'!$B$26 -> 0-4M_fns | B29: N | C29: N | D29: N | E29: N | F29: N | G29: N | H29: N | I29: N | J29: N | K29: N | L29: N | M29: N | N29: N | O29: N | P29: N | Q29: N | R29: N | S29: N | T29: N | U29: N | V29: N | W29: N | X29: N | Y29: N | Z29: N.A. | AA29: Y | AB29: N | AC29: N | AD29: N | AE29: N | AF29: N | AG29: N | AH29: N | AI29: N | AJ29: N | AK29: N
A30: ='Population Definitions'!$B$27 -> 5-14M_fns | B30: N | C30: N | D30: N | E30: N | F30: N | G30: N | H30: N | I30: N | J30: N | K30: N | L30: N | M30: N | N30: N | O30: N | P30: N | Q30: N | R30: N | S30: N | T30: N | U30: N | V30: N | W30: N | X30: N | Y30: N | Z30: N | AA30: N.A. | AB30: Y | AC30: N | AD30: N | AE30: N | AF30: N | AG30: N | AH30: N | AI30: N | AJ30: N | AK30: N
A31: ='Population Definitions'!$B$28 -> 15-29M_fns | B31: N | C31: N | D31: N | E31: N | F31: N | G31: N | H31: N | I31: N | J31: N | K31: N | L31: N | M31: N | N31: N | O31: N | P31: N | Q31: N | R31: N | S31: N | T31: N | U31: N | V31: N | W31: N | X31: N | Y31: N | Z31: N | AA31: N | AB31: N.A. | AC31: Y | AD31: N | AE31: N | AF31: N | AG31: N | AH31: N | AI31: N | AJ31: N | AK31: N
A32: ='Population Definitions'!$B$29 -> 30-49M_fns | B32: N | C32: N | D32: N | E32: N | F32: N | G32: N | H32: N | I32: N | J32: N | K32: N | L32: N | M32: N | N32: N | O32: N | P32: N | Q32: N | R32: N | S32: N | T32: N | U32: N | V32: N | W32: N | X32: N | Y32: N | Z32: N | AA32: N | AB32: N | AC32: N.A. | AD32: Y | AE32: N | AF32: N | AG32: N | AH32: N | AI32: N | AJ32: N | AK32: N
A33: ='Population Definitions'!$B$30 -> 50-64M_fns | B33: N | C33: N | D33: N | E33: N | F33: N | G33: N | H33: N | I33: N | J33: N | K33: N | L33: N | M33: N | N33: N | O33: N | P33: N | Q33: N | R33: N | S33: N | T33: N | U33: N | V33: N | W33: N | X33: N | Y33: N | Z33: N | AA33: N | AB33: N | AC33: N | AD33: N.A. | AE33: Y | AF33: N | AG33: N | AH33: N | AI33: N | AJ33: N | AK33: N
A34: ='Population Definitions'!$B$31 -> 65+M_fns | B34: N | C34: N | D34: N | E34: N | F34: N | G34: N | H34: N | I34: N | J34: N | K34: N | L34: N | M34: N | N34: N | O34: N | P34: N | Q34: N | R34: N | S34: N | T34: N | U34: N | V34: N | W34: N | X34: N | Y34: N | Z34: N | AA34: N | AB34: N | AC34: N | AD34: N | AE34: N.A. | AF34: N | AG34: N | AH34: N | AI34: N | AJ34: N | AK34: N
A35: ='Population Definitions'!$B$32 -> 0-4F_fns | B35: N | C35: N | D35: N | E35: N | F35: N | G35: N | H35: N | I35: N | J35: N | K35: N | L35: N | M35: N | N35: N | O35: N | P35: N | Q35: N | R35: N | S35: N | T35: N | U35: N | V35: N | W35: N | X35: N | Y35: N | Z35: N | AA35: N | AB35: N | AC35: N | AD35: N | AE35: N | AF35: N.A. | AG35: Y | AH35: N | AI35: N | AJ35: N | AK35: N
A36: ='Population Definitions'!$B$33 -> 5-14F_fns | B36: N | C36: N | D36: N | E36: N | F36: N | G36: N | H36: N | I36: N | J36: N | K36: N | L36: N | M36: N | N36: N | O36: N | P36: N | Q36: N | R36: N | S36: N | T36: N | U36: N | V36: N | W36: N | X36: N | Y36: N | Z36: N | AA36: N | AB36: N | AC36: N | AD36: N | AE36: N | AF36: N | AG36: N.A. | AH36: Y | AI36: N | AJ36: N | AK36: N
A37: ='Population Definitions'!$B$34 -> 15-29F_fns | B37: N | C37: N | D37: N | E37: N | F37: N | G37: N | H37: N | I37: N | J37: N | K37: N | L37: N | M37: N | N37: N | O37: N | P37: N | Q37: N | R37: N | S37: N | T37: N | U37: N | V37: N | W37: N | X37: N | Y37: N | Z37: N | AA37: N | AB37: N | AC37: N | AD37: N | AE37: N | AF37: N | AG37: N | AH37: N.A. | AI37: Y | AJ37: N | AK37: N
A38: ='Population Definitions'!$B$35 -> 30-49F_fns | B38: N | C38: N | D38: N | E38: N | F38: N | G38: N | H38: N | I38: N | J38: N | K38: N | L38: N | M38: N | N38: N | O38: N | P38: N | Q38: N | R38: N | S38: N | T38: N | U38: N | V38: N | W38: N | X38: N | Y38: N | Z38: N | AA38: N | AB38: N | AC38: N | AD38: N | AE38: N | AF38: N | AG38: N | AH38: N | AI38: N.A. | AJ38: Y | AK38: N
A39: ='Population Definitions'!$B$36 -> 50-64F_fns | B39: N | C39: N | D39: N | E39: N | F39: N | G39: N | H39: N | I39: N | J39: N | K39: N | L39: N | M39: N | N39: N | O39: N | P39: N | Q39: N | R39: N | S39: N | T39: N | U39: N | V39: N | W39: N | X39: N | Y39: N | Z39: N | AA39: N | AB39: N | AC39: N | AD39: N | AE39: N | AF39: N | AG39: N | AH39: N | AI39: N | AJ39: N.A. | AK39: Y
A40: ='Population Definitions'!$B$37 -> 65+F_fns | B40: N | C40: N | D40: N | E40: N | F40: N | G40: N | H40: N | I40: N | J40: N | K40: N | L40: N | M40: N | N40: N | O40: N | P40: N | Q40: N | R40: N | S40: N | T40: N | U40: N | V40: N | W40: N | X40: N | Y40: N | Z40: N | AA40: N | AB40: N | AC40: N | AD40: N | AE40: N | AF40: N | AG40: N | AH40: N | AI40: N | AJ40: N | AK40: N.A.
A42: From population | C42: To population | D42: Provenance | E42: Units | F42: Uncertainty | G42: Constant | I42: 1980 | J42: 1981 | K42: 1982 | L42: 1983 | M42: 1984 | N42: 1985 | O42: 1986 | P42: 1987 | Q42: 1988 | R42: 1989 | S42: 1990 | T42: 1991 | U42: 1992 | V42: 1993 | W42: 1994 | X42: 1995 | Y42: 1996 | Z42: 1997 | AA42: 1998 | AB42: 1999 | AC42: 2000 | AD42: 2001 | AE42: 2002 | AF42: 2003 | AG42: 2004 | AH42: 2005 | AI42: 2006 | AJ42: 2007 | AK42: 2008 | AL42: 2009 | AM42: 2010 | AN42: 2011 | AO42: 2012 | AP42: 2013 | AQ42: 2014 | AR42: 2015 | AS42: 2016 | AT42: 2017 | AU42: 2018 | AV42: 2019 | AW42: 2020 | AX42: 2021 | AY42: 2022 | AZ42: 2023 | BA42: 2024 | BB42: 2025 | BC42: 2026 | BD42: 2027 | BE42: 2028 | BF42: 2029 | BG42: 2030 | BH42: 2031 | BI42: 2032 | BJ42: 2033 | BK42: 2034 | BL42: 2035 | BM42: 2036 | BN42: 2037 | BO42: 2038 | BP42: 2039 | BQ42: 2040 | BR42: 2041 | BS42: 2042 | BT42: 2043 | BU42: 2044 | BV42: 2045 | BW42: 2046 | BX42: 2047 | BY42: 2048 | BZ42: 2049 | CA42: 2050 | CB42: 2051 | CC42: 2052 | CD42: 2053 | CE42: 2054 | CF42: 2055 | CG42: 2056 | CH42: 2057 | CI42: 2058 | CJ42: 2059 | CK42: 2060 | CL42: 2061 | CM42: 2062 | CN42: 2063 | CO42: 2064 | CP42: 2065 | CQ42: 2066 | CR42: 2067 | CS42: 2068 | CT42: 2069 | CU42: 2070 | CV42: 2071
A43: =IF($B$5="Y",'Population Definitions'!$B$2,"...") -> ... | B43: =IF($B$5="Y","--->","...") -> ... | C43: =IF($B$5="Y",'Population Definitions'!$B$2,"...") -> ... | H43: =IF($B$5="Y","OR","...") -> ...
A44: =IF($C$5="Y",'Population Definitions'!$B$2,"...") -> 0-4M_aus | B44: =IF($C$5="Y","--->","...") -> ---> | C44: =IF($C$5="Y",'Population Definitions'!$B$3,"...") -> 5-14M_aus | E44: Rate (per year) | H44: =IF($C$5="Y","OR","...") -> OR | I44: 0.20478155 | J44: 0.20200165 | K44: 0.20023829 | L44: 0.19559523 | M44: 0.19498379 | N44: 0.19727992 | O44: 0.20001131 | P44: 0.20294926 | Q44: 0.2009269 | R44: 0.20146241 | S44: 0.20010353 | T44: 0.19725526 | U44: 0.196566 | V44: 0.19723425 | W44: 0.2014131 | X44: 0.20245185 | Y44: 0.20105618 | Z44: 0.20254883 | AA44: 0.20455076 | AB44: 0.2064066 | AC44: 0.20471173 | AD44: 0.20399416 | AE44: 0.20186208 | AF44: 0.20346564 | AG44: 0.20340536 | AH44: 0.20262239 | AI44: 0.19824488 | AJ44: 0.19349043 | AK44: 0.19116173 | AL44: 0.19139199 | AM44: 0.19556036 | AN44: 0.19791003 | AO44: 0.19865828 | AP44: 0.19824357 | AQ44: 0.20031269 | AR44: 0.19944846 | AS44: 0.1999089 | AT44: 0.20330033 | AU44: 0.2028911 | AV44: 0.20451271 | AW44: 0.20968602 | AX44: 0.2060165 | AY44: 0.20243657 | AZ44: 0.20339015 | BA44: 0.19975343 | BB44: 0.20173853 | BC44: 0.20606741 | BD44: 0.20196911 | BE44: 0.2026045 | BF44: 0.20268734 | BG44: 0.20253806 | BH44: 0.20213991 | BI44: 0.20179045 | BJ44: 0.20159536 | BK44: 0.20133591 | BL44: 0.20101902 | BM44: 0.20063713 | BN44: 0.20023393 | BO44: 0.19989629 | BP44: 0.19965852 | BQ44: 0.19953904 | BR44: 0.19953845 | BS44: 0.19967227 | BT44: 0.19993192 | BU44: 0.20028403 | BV44: 0.20069156 | BW44: 0.20111112 | BX44: 0.20150919 | BY44: 0.20187275 | BZ44: 0.202193 | CA44: 0.20244461 | CB44: 0.20263174 | CC44: 0.20275948 | CD44: 0.20282203 | CE44: 0.20282746 | CF44: 0.20278126 | CG44: 0.2027038 | CH44: 0.20260813 | CI44: 0.20251167 | CJ44: 0.20240624 | CK44: 0.20229948 | CL44: 0.20218542 | CM44: 0.20205986 | CN44: 0.20192877 | CO44: 0.20179507 | CP44: 0.20166511 | CQ44: 0.2015392 | CR44: 0.20142038 | CS44: 0.20131459 | CT44: 0.20121677 | CU44: 0.20114508 | CV44: 0.2010949
A45: =IF($D$5="Y",'Population Definitions'!$B$2,"...") -> ... | B45: =IF($D$5="Y","--->","...") -> ... | C45: =IF($D$5="Y",'Population Definitions'!$B$4,"...") -> ... | H45: =IF($D$5="Y","OR","...") -> ...
A46: =IF($E$5="Y",'Population Definitions'!$B$2,"...") -> ... | B46: =IF($E$5="Y","--->","...") -> ... | C46: =IF($E$5="Y",'Population Definitions'!$B$5,"...") -> ... | H46: =IF($E$5="Y","OR","...") -> ...
A47: =IF($F$5="Y",'Population Definitions'!$B$2,"...") -> ... | B47: =IF($F$5="Y","--->","...") -> ... | C47: =IF($F$5="Y",'Population Definitions'!$B$6,"...") -> ... | H47: =IF($F$5="Y","OR","...") -> ...
A48: =IF($G$5="Y",'Population Definitions'!$B$2,"...") -> ... | B48: =IF($G$5="Y","--->","...") -> ... | C48: =IF($G$5="Y",'Population Definitions'!$B$7,"...") -> ... | H48: =IF($G$5="Y","OR","...") -> ...
A49: =IF($H$5="Y",'Population Definitions'!$B$2,"...") -> ... | B49: =IF($H$5="Y","--->","...") -> ... | C49: =IF($H$5="Y",'Population Definitions'!$B$8,"...") -> ... | H49: =IF($H$5="Y","OR","...") -> ...
A50: =IF($I$5="Y",'Population Definitions'!$B$2,"...") -> ... | B50: =IF($I$5="Y","--->","...") -> ... | C50: =IF($I$5="Y",'Population Definitions'!$B$9,"...") -> ... | H50: =IF($I$5="Y","OR","...") -> ...
A51: =IF($J$5="Y",'Population Definitions'!$B$2,"...") -> ... | B51: =IF($J$5="Y","--->","...") -> ... | C51: =IF($J$5="Y",'Population Definitions'!$B$10,"...") -> ... | H51: =IF($J$5="Y","OR","...") -> ...
A52: =IF($K$5="Y",'Population Definitions'!$B$2,"...") -> ... | B52: =IF($K$5="Y","--->","...") -> ... | C52: =IF($K$5="Y",'Population Definitions'!$B$11,"...") -> ... | H52: =IF($K$5="Y","OR","...") -> ...
A53: =IF($L$5="Y",'Population Definitions'!$B$2,"...") -> ... | B53: =IF($L$5="Y","--->","...") -> ... | C53: =IF($L$5="Y",'Population Definitions'!$B$12,"...") -> ... | H53: =IF($L$5="Y","OR","...") -> ...
A54: =IF($M$5="Y",'Population Definitions'!$B$2,"...") -> ... | B54: =IF($M$5="Y","--->","...") -> ... | C54: =IF($M$5="Y",'Population Definitions'!$B$13,"...") -> ... | H54: =IF($M$5="Y","OR","...") -> ...
A55: =IF($N$5="Y",'Population Definitions'!$B$2,"...") -> ... | B55: =IF($N$5="Y","--->","...") -> ... | C55: =IF($N$5="Y",'Population Definitions'!$B$14,"...") -> ... | H55: =IF($N$5="Y","OR","...") -> ...
A56: =IF($O$5="Y",'Population Definitions'!$B$2,"...") -> ... | B56: =IF($O$5="Y","--->","...") -> ... | C56: =IF($O$5="Y",'Population Definitions'!$B$15,"...") -> ... | H56: =IF($O$5="Y","OR","...") -> ...
A57: =IF($P$5="Y",'Population Definitions'!$B$2,"...") -> ... | B57: =IF($P$5="Y","--->","...") -> ... | C57: =IF($P$5="Y",'Population Definitions'!$B$16,"...") -> ... | H57: =IF($P$5="Y","OR","...") -> ...
A58: =IF($Q$5="Y",'Population Definitions'!$B$2,"...") -> ... | B58: =IF($Q$5="Y","--->","...") -> ... | C58: =IF($Q$5="Y",'Population Definitions'!$B$17,"...") -> ... | H58: =IF($Q$5="Y","OR","...") -> ...
A59: =IF($R$5="Y",'Population Definitions'!$B$2,"...") -> ... | B59: =IF($R$5="Y","--->","...") -> ... | C59: =IF($R$5="Y",'Population Definitions'!$B$18,"...") -> ... | H59: =IF($R$5="Y","OR","...") -> ...
A60: =IF($S$5="Y",'Population Definitions'!$B$2,"...") -> ... | B60: =IF($S$5="Y","--->","...") -> ... | C60: =IF($S$5="Y",'Population Definitions'!$B$19,"...") -> ... | H60: =IF($S$5="Y","OR","...") -> ...
A61: =IF($T$5="Y",'Population Definitions'!$B$2,"...") -> ... | B61: =IF($T$5="Y","--->","...") -> ... | C61: =IF($T$5="Y",'Population Definitions'!$B$20,"...") -> ... | H61: =IF($T$5="Y","OR","...") -> ...
A62: =IF($U$5="Y",'Population Definitions'!$B$2,"...") -> ... | B62: =IF($U$5="Y","--->","...") -> ... | C62: =IF($U$5="Y",'Population Definitions'!$B$21,"...") -> ... | H62: =IF($U$5="Y","OR","...") -> ...
A63: =IF($V$5="Y",'Population Definitions'!$B$2,"...") -> ... | B63: =IF($V$5="Y","--->","...") -> ... | C63: =IF($V$5="Y",'Population Definitions'!$B$22,"...") -> ... | H63: =IF($V$5="Y","OR","...") -> ...
A64: =IF($W$5="Y",'Population Definitions'!$B$2,"...") -> ... | B64: =IF($W$5="Y","--->","...") -> ... | C64: =IF($W$5="Y",'Population Definitions'!$B$23,"...") -> ... | H64: =IF($W$5="Y","OR","...") -> ...
A65: =IF($X$5="Y",'Population Definitions'!$B$2,"...") -> ... | B65: =IF($X$5="Y","--->","...") -> ... | C65: =IF($X$5="Y",'Population Definitions'!$B$24,"...") -> ... | H65: =IF($X$5="Y","OR","...") -> ...
A66: =IF($Y$5="Y",'Population Definitions'!$B$2,"...") -> ... | B66: =IF($Y$5="Y","--->","...") -> ... | C66: =IF($Y$5="Y",'Population Definitions'!$B$25,"...") -> ... | H66: =IF($Y$5="Y","OR","...") -> ...
A67: =IF($Z$5="Y",'Population Definitions'!$B$2,"...") -> ... | B67: =IF($Z$5="Y","--->","...") -> ... | C67: =IF($Z$5="Y",'Population Definitions'!$B$26,"...") -> ... | H67: =IF($Z$5="Y","OR","...") -> ...
A68: =IF($AA$5="Y",'Population Definitions'!$B$2,"...") -> ... | B68: =IF($AA$5="Y","--->","...") -> ... | C68: =IF($AA$5="Y",'Population Definitions'!$B$27,"...") -> ... | H68: =IF($AA$5="Y","OR","...") -> ...
A69: =IF($AB$5="Y",'Population Definitions'!$B$2,"...") -> ... | B69: =IF($AB$5="Y","--->","...") -> ... | C69: =IF($AB$5="Y",'Population Definitions'!$B$28,"...") -> ... | H69: =IF($AB$5="Y","OR","...") -> ...
A70: =IF($AC$5="Y",'Population Definitions'!$B$2,"...") -> ... | B70: =IF($AC$5="Y","--->","...") -> ... | C70: =IF($AC$5="Y",'Population Definitions'!$B$29,"...") -> ... | H70: =IF($AC$5="Y","OR","...") -> ...
A71: =IF($AD$5="Y",'Population Definitions'!$B$2,"...") -> ... | B71: =IF($AD$5="Y","--->","...") -> ... | C71: =IF($AD$5="Y",'Population Definitions'!$B$30,"...") -> ... | H71: =IF($AD$5="Y","OR","...") -> ...
A72: =IF($AE$5="Y",'Population Definitions'!$B$2,"...") -> ... | B72: =IF($AE$5="Y","--->","...") -> ... | C72: =IF($AE$5="Y",'Population Definitions'!$B$31,"...") -> ... | H72: =IF($AE$5="Y","OR","...") -> ...
A73: =IF($AF$5="Y",'Population Definitions'!$B$2,"...") -> ... | B73: =IF($AF$5="Y","--->","...") -> ... | C73: =IF($AF$5="Y",'Population Definitions'!$B$32,"...") -> ... | H73: =IF($AF$5="Y","OR","...") -> ...
A74: =IF($AG$5="Y",'Population Definitions'!$B$2,"...") -> ... | B74: =IF($AG$5="Y","--->","...") -> ... | C74: =IF($AG$5="Y",'Population Definitions'!$B$33,"...") -> ... | H74: =IF($AG$5="Y","OR","...") -> ...
A75: =IF($AH$5="Y",'Population Definitions'!$B$2,"...") -> ... | B75: =IF($AH$5="Y","--->","...") -> ... | C75: =IF($AH$5="Y",'Population Definitions'!$B$34,"...") -> ... | H75: =IF($AH$5="Y","OR","...") -> ...
A76: =IF($AI$5="Y",'Population Definitions'!$B$2,"...") -> ... | B76: =IF($AI$5="Y","--->","...") -> ... | C76: =IF($AI$5="Y",'Population Definitions'!$B$35,"...") -> ... | H76: =IF($AI$5="Y","OR","...") -> ...
A77: =IF($AJ$5="Y",'Population Definitions'!$B$2,"...") -> ... | B77: =IF($AJ$5="Y","--->","...") -> ... | C77: =IF($AJ$5="Y",'Population Definitions'!$B$36,"...") -> ... | H77: =IF($AJ$5="Y","OR","...") -> ...
A78: =IF($AK$5="Y",'Population Definitions'!$B$2,"...") -> ... | B78: =IF($AK$5="Y","--->","...") -> ... | C78: =IF($AK$5="Y",'Population Definitions'!$B$37,"...") -> ... | H78: =IF($AK$5="Y","OR","...") -> ...
A79: =IF($B$6="Y",'Population Definitions'!$B$3,"...") -> ... | B79: =IF($B$6="Y","--->","...") -> ... | C79: =IF($B$6="Y",'Population Definitions'!$B$2,"...") -> ... | H79: =IF($B$6="Y","OR","...") -> ...
A80: =IF($C$6="Y",'Population Definitions'!$B$3,"...") -> ... | B80: =IF($C$6="Y","--->","...") -> ... | C80: =IF($C$6="Y",'Population Definitions'!$B$3,"...") -> ... | H80: =IF($C$6="Y","OR","...") -> ...
A81: =IF($D$6="Y",'Population Definitions'!$B$3,"...") -> 5-14M_aus | B81: =IF($D$6="Y","--->","...") -> ---> | C81: =IF($D$6="Y",'Population Definitions'!$B$4,"...") -> 15-29M_aus | E81: Rate (per year) | H81: =IF($D$6="Y","OR","...") -> OR | I81: 0.095746772 | J81: 0.097168026 | K81: 0.098423398 | L81: 0.10355008 | M81: 0.10549561 | N81: 0.11412463 | O81: 0.11452924 | P81: 0.11059449 | Q81: 0.10696654 | R81: 0.10391753 | S81: 0.10107444 | T81: 0.099423659 | U81: 0.098154102 | V81: 0.097885352 | W81: 0.09754299 | X81: 0.098937941 | Y81: 0.099827704 | Z81: 0.10040971 | AA81: 0.099318603 | AB81: 0.099325594 | AC81: 0.099511374 | AD81: 0.099000794 | AE81: 0.098795095 | AF81: 0.10004308 | AG81: 0.10249951 | AH81: 0.10335641 | AI81: 0.10359926 | AJ81: 0.10339207 | AK81: 0.10349023 | AL81: 0.10424296 | AM81: 0.10233542 | AN81: 0.10113588 | AO81: 0.099628624 | AP81: 0.098572295 | AQ81: 0.097249413 | AR81: 0.096227972 | AS81: 0.093263673 | AT81: 0.092133667 | AU81: 0.092415141 | AV81: 0.093109081 | AW81: 0.095614724 | AX81: 0.099480951 | AY81: 0.10056403 | AZ81: 0.1011532 | BA81: 0.10224671 | BB81: 0.1020277 | BC81: 0.10322538 | BD81: 0.1042417 | BE81: 0.10401608 | BF81: 0.10394967 | BG81: 0.10524983 | BH81: 0.10358378 | BI81: 0.10247803 | BJ81: 0.102758 | BK81: 0.10104749 | BL81: 0.10207541 | BM81: 0.10404107 | BN81: 0.10185768 | BO81: 0.10205376 | BP81: 0.10193604 | BQ81: 0.10168225 | BR81: 0.10130071 | BS81: 0.10095161 | BT81: 0.10067141 | BU81: 0.1003661 | BV81: 0.1000624 | BW81: 0.099771941 | BX81: 0.099530728 | BY81: 0.099384991 | BZ81: 0.099351011 | CA81: 0.099429279 | CB81: 0.09960895 | CC81: 0.099880135 | CD81: 0.10022247 | CE81: 0.10060563 | CF81: 0.10099858 | CG81: 0.10137253 | CH81: 0.10170501 | CI81: 0.1019868 | CJ81: 0.1022123 | CK81: 0.10237254 | CL81: 0.10247192 | CM81: 0.10251799 | CN81: 0.10251502 | CO81: 0.10247116 | CP81: 0.10239435 | CQ81: 0.10229727 | CR81: 0.10218772 | CS81: 0.10207426 | CT81: 0.10195297 | CU81: 0.10183215 | CV81: 0.1017037
A82: =IF($E$6="Y",'Population Definitions'!$B$3,"...") -> ... | B82: =IF($E$6="Y","--->","...") -> ... | C82: =IF($E$6="Y",'Population Definitions'!$B$5,"...") -> ... | H82: =IF($E$6="Y","OR","...") -> ...
A83: =IF($F$6="Y",'Population Definitions'!$B$3,"...") -> ... | B83: =IF($F$6="Y","--->","...") -> ... | C83: =IF($F$6="Y",'Population Definitions'!$B$6,"...") -> ... | H83: =IF($F$6="Y","OR","...") -> ...
A84: =IF($G$6="Y",'Population Definitions'!$B$3,"...") -> ... | B84: =IF($G$6="Y","--->","...") -> ... | C84: =IF($G$6="Y",'Population Definitions'!$B$7,"...") -> ... | H84: =IF($G$6="Y","OR","...") -> ...
A85: =IF($H$6="Y",'Population Definitions'!$B$3,"...") -> ... | B85: =IF($H$6="Y","--->","...") -> ... | C85: =IF($H$6="Y",'Population Definitions'!$B$8,"...") -> ... | H85: =IF($H$6="Y","OR","...") -> ...
A86: =IF($I$6="Y",'Population Definitions'!$B$3,"...") -> ... | B86: =IF($I$6="Y","--->","...") -> ... | C86: =IF($I$6="Y",'Population Definitions'!$B$9,"...") -> ... | H86: =IF($I$6="Y","OR","...") -> ...
A87: =IF($J$6="Y",'Population Definitions'!$B$3,"...") -> ... | B87: =IF($J$6="Y","--->","...") -> ... | C87: =IF($J$6="Y",'Population Definitions'!$B$10,"...") -> ... | H87: =IF($J$6="Y","OR","...") -> ...
A88: =IF($K$6="Y",'Population Definitions'!$B$3,"...") -> ... | B88: =IF($K$6="Y","--->","...") -> ... | C88: =IF($K$6="Y",'Population Definitions'!$B$11,"...") -> ... | H88: =IF($K$6="Y","OR","...") -> ...
A89: =IF($L$6="Y",'Population Definitions'!$B$3,"...") -> ... | B89: =IF($L$6="Y","--->","...") -> ... | C89: =IF($L$6="Y",'Population Definitions'!$B$12,"...") -> ... | H89: =IF($L$6="Y","OR","...") -> ...
A90: =IF($M$6="Y",'Population Definitions'!$B$3,"...") -> ... | B90: =IF($M$6="Y","--->","...") -> ... | C90: =IF($M$6="Y",'Population Definitions'!$B$13,"...") -> ... | H90: =IF($M$6="Y","OR","...") -> ...
A91: =IF($N$6="Y",'Population Definitions'!$B$3,"...") -> ... | B91: =IF($N$6="Y","--->","...") -> ... | C91: =IF($N$6="Y",'Population Definitions'!$B$14,"...") -> ... | H91: =IF($N$6="Y","OR","...") -> ...
A92: =IF($O$6="Y",'Population Definitions'!$B$3,"...") -> ... | B92: =IF($O$6="Y","--->","...") -> ... | C92: =IF($O$6="Y",'Population Definitions'!$B$15,"...") -> ... | H92: =IF($O$6="Y","OR","...") -> ...
A93: =IF($P$6="Y",'Population Definitions'!$B$3,"...") -> ... | B93: =IF($P$6="Y","--->","...") -> ... | C93: =IF($P$6="Y",'Population Definitions'!$B$16,"...") -> ... | H93: =IF($P$6="Y","OR","...") -> ...
A94: =IF($Q$6="Y",'Population Definitions'!$B$3,"...") -> ... | B94: =IF($Q$6="Y","--->","...") -> ... | C94: =IF($Q$6="Y",'Population Definitions'!$B$17,"...") -> ... | H94: =IF($Q$6="Y","OR","...") -> ...
A95: =IF($R$6="Y",'Population Definitions'!$B$3,"...") -> ... | B95: =IF($R$6="Y","--->","...") -> ... | C95: =IF($R$6="Y",'Population Definitions'!$B$18,"...") -> ... | H95: =IF($R$6="Y","OR","...") -> ...
A96: =IF($S$6="Y",'Population Definitions'!$B$3,"...") -> ... | B96: =IF($S$6="Y","--->","...") -> ... | C96: =IF($S$6="Y",'Population Definitions'!$B$19,"...") -> ... | H96: =IF($S$6="Y","OR","...") -> ...
A97: =IF($T$6="Y",'Population Definitions'!$B$3,"...") -> ... | B97: =IF($T$6="Y","--->","...") -> ... | C97: =IF($T$6="Y",'Population Definitions'!$B$20,"...") -> ... | H97: =IF($T$6="Y","OR","...") -> ...
A98: =IF($U$6="Y",'Population Definitions'!$B$3,"...") -> ... | B98: =IF($U$6="Y","--->","...") -> ... | C98: =IF($U$6="Y",'Population Definitions'!$B$21,"...") -> ... | H98: =IF($U$6="Y","OR","...") -> ...
A99: =IF($V$6="Y",'Population Definitions'!$B$3,"...") -> ... | B99: =IF($V$6="Y","--->","...") -> ... | C99: =IF($V$6="Y",'Population Definitions'!$B$22,"...") -> ... | H99: =IF($V$6="Y","OR","...") -> ...
A100: =IF($W$6="Y",'Population Definitions'!$B$3,"...") -> ... | B100: =IF($W$6="Y","--->","...") -> ... | C100: =IF($W$6="Y",'Population Definitions'!$B$23,"...") -> ... | H100: =IF($W$6="Y","OR","...") -> ...
A101: =IF($X$6="Y",'Population Definitions'!$B$3,"...") -> ... | B101: =IF($X$6="Y","--->","...") -> ... | C101: =IF($X$6="Y",'Population Definitions'!$B$24,"...") -> ... | H101: =IF($X$6="Y","OR","...") -> ...
A102: =IF($Y$6="Y",'Population Definitions'!$B$3,"...") -> ... | B102: =IF($Y$6="Y","--->","...") -> ... | C102: =IF($Y$6="Y",'Population Definitions'!$B$25,"...") -> ... | H102: =IF($Y$6="Y","OR","...") -> ...
...
