Workbook

Sheet Population Definitions
A1: Abbreviation | B1: Full Name | C1: Population type
A2: 0-0M | B2: 0-0M | C2: default
A3: 0-0F | B3: 0-0F | C3: default
A4: 1-4M | B4: 1-4M | C4: default
A5: 1-4F | B5: 1-4F | C5: default
A6: 5-9M | B6: 5-9M | C6: default
A7: 5-9F | B7: 5-9F | C7: default
A8: 10-19M | B8: 10-19M | C8: default
A9: 10-19F | B9: 10-19F | C9: default
A10: 20-29M | B10: 20-29M | C10: default
A11: 20-29F | B11: 20-29F | C11: default
A12: 30-39M | B12: 30-39M | C12: default
... A25: 90+F | B25: 90+F | C25: default

Sheet Initialization
A1: Junction: Model Initialization | B1: Provenance | C1: Units | D1: Uncertainty | E1: Constant | G1: 1990 | H1: 1991 | I1: 1992 | J1: 1993 | K1: 1994 | L1: 1995 | M1: 1996 | N1: 1997 | O1: 1998 | P1: 1999 | Q1: 2000 | R1: 2001 | S1: 2002 | T1: 2003 | U1: 2004 | V1: 2005 | W1: 2006 | X1: 2007 | Y1: 2008 | Z1: 2009 | AA1: 2010 | AB1: 2011 | AC1: 2012 | AD1: 2013 | AE1: 2014 | AF1: 2015 | AG1: 2016 | AH1: 2017 | AI1: 2018 | AJ1: 2019 | AK1: 2020 | AL1: 2021 | AM1: 2022 | AN1: 2023 | AO1: 2024 | AP1: 2025 | AQ1: 2026 | AR1: 2027 | AS1: 2028 | AT1: 2029 | AU1: 2030 | AV1: 2031 | AW1: 2032 | AX1: 2033 | AY1: 2034 | AZ1: 2035 | BA1: 2036 | BB1: 2037 | BC1: 2038 | BD1: 2039 | BE1: 2040 | BF1: 2041 | BG1: 2042 | BH1: 2043 | BI1: 2044 | BJ1: 2045 | BK1: 2046 | BL1: 2047 | BM1: 2048 | BN1: 2049 | BO1: 2050 | BP1: 2051 | BQ1: 2052 | BR1: 2053 | BS1: 2054 | BT1: 2055 | BU1: 2056 | BV1: 2057 | BW1: 2058 | BX1: 2059 | BY1: 2060 | BZ1: 2061 | CA1: 2062 | CB1: 2063 | CC1: 2064 | CD1: 2065 | CE1: 2066 | CF1: 2067 | CG1: 2068 | CH1: 2069 | CI1: 2070 | CJ1: 2071 | CK1: 2072 | CL1: 2073 | CM1: 2074 | CN1: 2075 | CO1: 2076 | CP1: 2077 | CQ1: 2078 | CR1: 2079 | CS1: 2080 | CT1: 2081 | CU1: 2082 | CV1: 2083 | CW1: 2084 | CX1: 2085 | CY1: 2086 | CZ1: 2087 | DA1: 2088 | DB1: 2089 | DC1: 2090 | DD1: 2091 | DE1: 2092 | DF1: 2093 | DG1: 2094 | DH1: 2095 | DI1: 2096 | DJ1: 2097 | DK1: 2098 | DL1: 2099 | DM1: 2100
A2: ='Population Definitions'!$B$2 -> 0-0M | C2: Number | E2: 290672 | F2: OR
A3: ='Population Definitions'!$B$3 -> 0-0F | C3: Number | E3: 274920.5 | F3: OR
A4: ='Population Definitions'!$B$4 -> 1-4M | C4: Number | E4: 1142075.5 | F4: OR
A5: ='Population Definitions'!$B$5 -> 1-4F | C5: Number | E5: 1083972 | F5: OR
A6: ='Population Definitions'!$B$6 -> 5-9M | C6: Number | E6: 1539409.5 | F6: OR
A7: ='Population Definitions'!$B$7 -> 5-9F | C7: Number | E7: 1470743 | F7: OR
A8: ='Population Definitions'!$B$8 -> 10-19M | C8: Number | E8: 4048217.5 | F8: OR
A9: ='Population Definitions'!$B$9 -> 10-19F | C9: Number | E9: 3882099.5 | F9: OR
A10: ='Population Definitions'!$B$10 -> 20-29M | C10: Number | E10: 4598554 | F10: OR
A11: ='Population Definitions'!$B$11 -> 20-29F | C11: Number | E11: 4498077.5 | F11: OR
A12: ='Population Definitions'!$B$12 -> 30-39M | C12: Number | E12: 3867540 | F12: OR
A13: ='Population Definitions'!$B$13 -> 30-39F | C13: Number | E13: 3871953.5 | F13: OR
A14: ='Population Definitions'!$B$14 -> 40-49M | C14: Number | E14: 3659283.5 | F14: OR
A15: ='Population Definitions'!$B$15 -> 40-49F | C15: Number | E15: 3722426 | F15: OR
A16: ='Population Definitions'!$B$16 -> 50-59M | C16: Number | E16: 3425374.5 | F16: OR
A17: ='Population Definitions'!$B$17 -> 50-59F | C17: Number | E17: 3626562 | F17: OR
A18: ='Population Definitions'!$B$18 -> 60-69M | C18: Number | E18: 2856853.5 | F18: OR
A19: ='Population Definitions'!$B$19 -> 60-69F | C19: Number | E19: 3383656 | F19: OR
A20: ='Population Definitions'!$B$20 -> 70-79M | C20: Number | E20: 1494732.5 | F20: OR
A21: ='Population Definitions'!$B$21 -> 70-79F | C21: Number | E21: 2143711.5 | F21: OR
A22: ='Population Definitions'!$B$22 -> 80-89M | C22: Number | E22: 564556.5 | F22: OR
A23: ='Population Definitions'!$B$23 -> 80-89F | C23: Number | E23: 1124661.5 | F23: OR
A24: ='Population Definitions'!$B$24 -> 90+M | C24: Number | E24: 46409.5 | F24: OR
A25: ='Population Definitions'!$B$25 -> 90+F | C25: Number | E25: 140099.5 | F25: OR
A27: Initial recovered proportion | B27: Provenance | C27: Units | D27: Uncertainty | E27: Constant | G27: 1990 | H27: 1991 | I27: 1992 | J27: 1993 | K27: 1994 | L27: 1995 | M27: 1996 | N27: 1997 | O27: 1998 | P27: 1999 | Q27: 2000 | R27: 2001 | S27: 2002 | T27: 2003 | U27: 2004 | V27: 2005 | W27: 2006 | X27: 2007 | Y27: 2008 | Z27: 2009 | AA27: 2010 | AB27: 2011 | AC27: 2012 | AD27: 2013 | AE27: 2014 | AF27: 2015 | AG27: 2016 | AH27: 2017 | AI27: 2018 | AJ27: 2019 | AK27: 2020 | AL27: 2021 | AM27: 2022 | AN27: 2023 | AO27: 2024 | AP27: 2025 | AQ27: 2026 | AR27: 2027 | AS27: 2028 | AT27: 2029 | AU27: 2030 | AV27: 2031 | AW27: 2032 | AX27: 2033 | AY27: 2034 | AZ27: 2035 | BA27: 2036 | BB27: 2037 | BC27: 2038 | BD27: 2039 | BE27: 2040 | BF27: 2041 | BG27: 2042 | BH27: 2043 | BI27: 2044 | BJ27: 2045 | BK27: 2046 | BL27: 2047 | BM27: 2048 | BN27: 2049 | BO27: 2050 | BP27: 2051 | BQ27: 2052 | BR27: 2053 | BS27: 2054 | BT27: 2055 | BU27: 2056 | BV27: 2057 | BW27: 2058 | BX27: 2059 | BY27: 2060 | BZ27: 2061 | CA27: 2062 | CB27: 2063 | CC27: 2064 | CD27: 2065 | CE27: 2066 | CF27: 2067 | CG27: 2068 | CH27: 2069 | CI27: 2070 | CJ27: 2071 | CK27: 2072 | CL27: 2073 | CM27: 2074 | CN27: 2075 | CO27: 2076 | CP27: 2077 | CQ27: 2078 | CR27: 2079 | CS27: 2080 | CT27: 2081 | CU27: 2082 | CV27: 2083 | CW27: 2084 | CX27: 2085 | CY27: 2086 | CZ27: 2087 | DA27: 2088 | DB27: 2089 | DC27: 2090 | DD27: 2091 | DE27: 2092 | DF27: 2093 | DG27: 2094 | DH27: 2095 | DI27: 2096 | DJ27: 2097 | DK27: 2098 | DL27: 2099 | DM27: 2100
A28: ='Population Definitions'!$B$2 -> 0-0M | C28: Proportion | D28: 0 | E28: 0.011143138 | F28: OR
A29: ='Population Definitions'!$B$3 -> 0-0F | C29: Proportion | D29: 0 | E29: 0.011143138 | F29: OR
A30: ='Population Definitions'!$B$4 -> 1-4M | C30: Proportion | D30: 0 | E30: 0.011143138 | F30: OR
A31: ='Population Definitions'!$B$5 -> 1-4F | C31: Proportion | D31: 0 | E31: 0.0020413 | F31: OR
A32: ='Population Definitions'!$B$6 -> 5-9M | C32: Proportion | D32: 0 | E32: 0.063120785 | F32: OR
A33: ='Population Definitions'!$B$7 -> 5-9F | C33: Proportion | D33: 0 | E33: 0.035367329 | F33: OR
A34: ='Population Definitions'!$B$8 -> 10-19M | C34: Proportion | D34: 0 | E34: 0.145421 | F34: OR
A35: ='Population Definitions'!$B$9 -> 10-19F | C35: Proportion | D35: 0 | E35: 0.11538355 | F35: OR
A36: ='Population Definitions'!$B$10 -> 20-29M | C36: Proportion | D36: 0 | E36: 0.22772122 | F36: OR
A37: ='Population Definitions'!$B$11 -> 20-29F | C37: Proportion | D37: 0 | E37: 0.19539977 | F37: OR
A38: ='Population Definitions'!$B$12 -> 30-39M | C38: Proportion | D38: 0 | E38: 0.22772122 | F38: OR
A39: ='Population Definitions'!$B$13 -> 30-39F | C39: Proportion | D39: 0 | E39: 0.19539977 | F39: OR
A40: ='Population Definitions'!$B$14 -> 40-49M | C40: Proportion | D40: 0 | E40: 0.22772122 | F40: OR
A41: ='Population Definitions'!$B$15 -> 40-49F | C41: Proportion | D41: 0 | E41: 0.19539977 | F41: OR
A42: ='Population Definitions'!$B$16 -> 50-59M | C42: Proportion | D42: 0 | E42: 0.4 | F42: OR
A43: ='Population Definitions'!$B$17 -> 50-59F | C43: Proportion | D43: 0 | E43: 0.25 | F43: OR
A44: ='Population Definitions'!$B$18 -> 60-69M | C44: Proportion | D44: 0 | E44: 0.4 | F44: OR
A45: ='Population Definitions'!$B$19 -> 60-69F | C45: Proportion | D45: 0 | E45: 0.25 | F45: OR
A46: ='Population Definitions'!$B$20 -> 70-79M | C46: Proportion | D46: 0 | E46: 0.25 | F46: OR
A47: ='Population Definitions'!$B$21 -> 70-79F | C47: Proportion | D47: 0 | E47: 0.25 | F47: OR
A48: ='Population Definitions'!$B$22 -> 80-89M | C48: Proportion | D48: 0 | E48: 0.25 | F48: OR
A49: ='Population Definitions'!$B$23 -> 80-89F | C49: Proportion | D49: 0 | E49: 0.25 | F49: OR
A50: ='Population Definitions'!$B$24 -> 90+M | C50: Proportion | D50: 0 | E50: 0.25 | F50: OR
A51: ='Population Definitions'!$B$25 -> 90+F | C51: Proportion | D51: 0 | E51: 0.25 | F51: OR
A53: Initial diagnosis coverage | B53: Provenance | C53: Units | D53: Uncertainty | E53: Constant | G53: 1990 | H53: 1991 | I53: 1992 | J53: 1993 | K53: 1994 | L53: 1995 | M53: 1996 | N53: 1997 | O53: 1998 | P53: 1999 | Q53: 2000 | R53: 2001 | S53: 2002 | T53: 2003 | U53: 2004 | V53: 2005 | W53: 2006 | X53: 2007 | Y53: 2008 | Z53: 2009 | AA53: 2010 | AB53: 2011 | AC53: 2012 | AD53: 2013 | AE53: 2014 | AF53: 2015 | AG53: 2016 | AH53: 2017 | AI53: 2018 | AJ53: 2019 | AK53: 2020 | AL53: 2021 | AM53: 2022 | AN53: 2023 | AO53: 2024 | AP53: 2025 | AQ53: 2026 | AR53: 2027 | AS53: 2028 | AT53: 2029 | AU53: 2030 | AV53: 2031 | AW53: 2032 | AX53: 2033 | AY53: 2034 | AZ53: 2035 | BA53: 2036 | BB53: 2037 | BC53: 2038 | BD53: 2039 | BE53: 2040 | BF53: 2041 | BG53: 2042 | BH53: 2043 | BI53: 2044 | BJ53: 2045 | BK53: 2046 | BL53: 2047 | BM53: 2048 | BN53: 2049 | BO53: 2050 | BP53: 2051 | BQ53: 2052 | BR53: 2053 | BS53: 2054 | BT53: 2055 | BU53: 2056 | BV53: 2057 | BW53: 2058 | BX53: 2059 | BY53: 2060 | BZ53: 2061 | CA53: 2062 | CB53: 2063 | CC53: 2064 | CD53: 2065 | CE53: 2066 | CF53: 2067 | CG53: 2068 | CH53: 2069 | CI53: 2070 | CJ53: 2071 | CK53: 2072 | CL53: 2073 | CM53: 2074 | CN53: 2075 | CO53: 2076 | CP53: 2077 | CQ53: 2078 | CR53: 2079 | CS53: 2080 | CT53: 2081 | CU53: 2082 | CV53: 2083 | CW53: 2084 | CX53: 2085 | CY53: 2086 | CZ53: 2087 | DA53: 2088 | DB53: 2089 | DC53: 2090 | DD53: 2091 | DE53: 2092 | DF53: 2093 | DG53: 2094 | DH53: 2095 | DI53: 2096 | DJ53: 2097 | DK53: 2098 | DL53: 2099 | DM53: 2100
A54: ='Population Definitions'!$B$2 -> 0-0M | C54: Proportion | D54: 0 | E54: 0 | F54: OR
A55: ='Population Definitions'!$B$3 -> 0-0F | C55: Proportion | D55: 0 | E55: 0 | F55: OR
A56: ='Population Definitions'!$B$4 -> 1-4M | C56: Proportion | D56: 0 | E56: 0 | F56: OR
A57: ='Population Definitions'!$B$5 -> 1-4F | C57: Proportion | D57: 0 | E57: 0 | F57: OR
A58: ='Population Definitions'!$B$6 -> 5-9M | C58: Proportion | D58: 0 | E58: 0 | F58: OR
A59: ='Population Definitions'!$B$7 -> 5-9F | C59: Proportion | D59: 0 | E59: 0 | F59: OR
A60: ='Population Definitions'!$B$8 -> 10-19M | C60: Proportion | D60: 0 | E60: 0 | F60: OR
A61: ='Population Definitions'!$B$9 -> 10-19F | C61: Proportion | D61: 0 | E61: 0 | F61: OR
A62: ='Population Definitions'!$B$10 -> 20-29M | C62: Proportion | D62: 0 | E62: 0 | F62: OR
A63: ='Population Definitions'!$B$11 -> 20-29F | C63: Proportion | D63: 0 | E63: 0 | F63: OR
A64: ='Population Definitions'!$B$12 -> 30-39M | C64: Proportion | D64: 0 | E64: 0 | F64: OR
A65: ='Population Definitions'!$B$13 -> 30-39F | C65: Proportion | D65: 0 | E65: 0 | F65: OR
A66: ='Population Definitions'!$B$14 -> 40-49M | C66: Proportion | D66: 0 | E66: 0 | F66: OR
A67: ='Population Definitions'!$B$15 -> 40-49F | C67: Proportion | D67: 0 | E67: 0 | F67: OR
A68: ='Population Definitions'!$B$16 -> 50-59M | C68: Proportion | D68: 0 | E68: 0 | F68: OR
A69: ='Population Definitions'!$B$17 -> 50-59F | C69: Proportion | D69: 0 | E69: 0 | F69: OR
A70: ='Population Definitions'!$B$18 -> 60-69M | C70: Proportion | D70: 0 | E70: 0 | F70: OR
A71: ='Population Definitions'!$B$19 -> 60-69F | C71: Proportion | D71: 0 | E71: 0 | F71: OR
A72: ='Population Definitions'!$B$20 -> 70-79M | C72: Proportion | D72: 0 | E72: 0 | F72: OR
A73: ='Population Definitions'!$B$21 -> 70-79F | C73: Proportion | D73: 0 | E73: 0 | F73: OR
A74: ='Population Definitions'!$B$22 -> 80-89M | C74: Proportion | D74: 0 | E74: 0 | F74: OR
A75: ='Population Definitions'!$B$23 -> 80-89F | C75: Proportion | D75: 0 | E75: 0 | F75: OR
A76: ='Population Definitions'!$B$24 -> 90+M | C76: Proportion | D76: 0 | E76: 0 | F76: OR
A77: ='Population Definitions'!$B$25 -> 90+F | C77: Proportion | D77: 0 | E77: 0 | F77: OR
A79: Initial treatment coverage | B79: Provenance | C79: Units | D79: Uncertainty | E79: Constant | G79: 1990 | H79: 1991 | I79: 1992 | J79: 1993 | K79: 1994 | L79: 1995 | M79: 1996 | N79: 1997 | O79: 1998 | P79: 1999 | Q79: 2000 | R79: 2001 | S79: 2002 | T79: 2003 | U79: 2004 | V79: 2005 | W79: 2006 | X79: 2007 | Y79: 2008 | Z79: 2009 | AA79: 2010 | AB79: 2011 | AC79: 2012 | AD79: 2013 | AE79: 2014 | AF79: 2015 | AG79: 2016 | AH79: 2017 | AI79: 2018 | AJ79: 2019 | AK79: 2020 | AL79: 2021 | AM79: 2022 | AN79: 2023 | AO79: 2024 | AP79: 2025 | AQ79: 2026 | AR79: 2027 | AS79: 2028 | AT79: 2029 | AU79: 2030 | AV79: 2031 | AW79: 2032 | AX79: 2033 | AY79: 2034 | AZ79: 2035 | BA79: 2036 | BB79: 2037 | BC79: 2038 | BD79: 2039 | BE79: 2040 | BF79: 2041 | BG79: 2042 | BH79: 2043 | BI79: 2044 | BJ79: 2045 | BK79: 2046 | BL79: 2047 | BM79: 2048 | BN79: 2049 | BO79: 2050 | BP79: 2051 | BQ79: 2052 | BR79: 2053 | BS79: 2054 | BT79: 2055 | BU79: 2056 | BV79: 2057 | BW79: 2058 | BX79: 2059 | BY79: 2060 | BZ79: 2061 | CA79: 2062 | CB79: 2063 | CC79: 2064 | CD79: 2065 | CE79: 2066 | CF79: 2067 | CG79: 2068 | CH79: 2069 | CI79: 2070 | CJ79: 2071 | CK79: 2072 | CL79: 2073 | CM79: 2074 | CN79: 2075 | CO79: 2076 | CP79: 2077 | CQ79: 2078 | CR79: 2079 | CS79: 2080 | CT79: 2081 | CU79: 2082 | CV79: 2083 | CW79: 2084 | CX79: 2085 | CY79: 2086 | CZ79: 2087 | DA79: 2088 | DB79: 2089 | DC79: 2090 | DD79: 2091 | DE79: 2092 | DF79: 2093 | DG79: 2094 | DH79: 2095 | DI79: 2096 | DJ79: 2097 | DK79: 2098 | DL79: 2099 | DM79: 2100
A80: ='Population Definitions'!$B$2 -> 0-0M | C80: Proportion | D80: 0 | E80: 0 | F80: OR
A81: ='Population Definitions'!$B$3 -> 0-0F | C81: Proportion | D81: 0 | E81: 0 | F81: OR
A82: ='Population Definitions'!$B$4 -> 1-4M | C82: Proportion | D82: 0 | E82: 0 | F82: OR
A83: ='Population Definitions'!$B$5 -> 1-4F | C83: Proportion | D83: 0 | E83: 0 | F83: OR
A84: ='Population Definitions'!$B$6 -> 5-9M | C84: Proportion | D84: 0 | E84: 0 | F84: OR
A85: ='Population Definitions'!$B$7 -> 5-9F | C85: Proportion | D85: 0 | E85: 0 | F85: OR
A86: ='Population Definitions'!$B$8 -> 10-19M | C86: Proportion | D86: 0 | E86: 0 | F86: OR
A87: ='Population Definitions'!$B$9 -> 10-19F | C87: Proportion | D87: 0 | E87: 0 | F87: OR
A88: ='Population Definitions'!$B$10 -> 20-29M | C88: Proportion | D88: 0 | E88: 0 | F88: OR
A89: ='Population Definitions'!$B$11 -> 20-29F | C89: Proportion | D89: 0 | E89: 0 | F89: OR
A90: ='Population Definitions'!$B$12 -> 30-39M | C90: Proportion | D90: 0 | E90: 0 | F90: OR
A91: ='Population Definitions'!$B$13 -> 30-39F | C91: Proportion | D91: 0 | E91: 0 | F91: OR
A92: ='Population Definitions'!$B$14 -> 40-49M | C92: Proportion | D92: 0 | E92: 0 | F92: OR
A93: ='Population Definitions'!$B$15 -> 40-49F | C93: Proportion | D93: 0 | E93: 0 | F93: OR
A94: ='Population Definitions'!$B$16 -> 50-59M | C94: Proportion | D94: 0 | E94: 0 | F94: OR
A95: ='Population Definitions'!$B$17 -> 50-59F | C95: Proportion | D95: 0 | E95: 0 | F95: OR
A96: ='Population Definitions'!$B$18 -> 60-69M | C96: Proportion | D96: 0 | E96: 0 | F96: OR
A97: ='Population Definitions'!$B$19 -> 60-69F | C97: Proportion | D97: 0 | E97: 0 | F97: OR
A98: ='Population Definitions'!$B$20 -> 70-79M | C98: Proportion | D98: 0 | E98: 0 | F98: OR
A99: ='Population Definitions'!$B$21 -> 70-79F | C99: Proportion | D99: 0 | E99: 0 | F99: OR
A100: ='Population Definitions'!$B$22 -> 80-89M | C100: Proportion | D100: 0 | E100: 0 | F100: OR
A101: ='Population Definitions'!$B$23 -> 80-89F | C101: Proportion | D101: 0 | E101: 0 | F101: OR
A102: ='Population Definitions'!$B$24 -> 90+M | C102: Proportion | D102: 0 | E102: 0 | F102: OR
A103: ='Population Definitions'!$B$25 -> 90+F | C103: Proportion | D103: 0 | E103: 0 | F103: OR
...

Sheet Population Demography
A1: Total Population | B1: Provenance | C1: Units | D1: Uncertainty | E1: 1990 | F1: 1991 | G1: 1992 | H1: 1993 | I1: 1994 | J1: 1995 | K1: 1996 | L1: 1997 | M1: 1998 | N1: 1999 | O1: 2000 | P1: 2001 | Q1: 2002 | R1: 2003 | S1: 2004 | T1: 2005 | U1: 2006 | V1: 2007 | W1: 2008 | X1: 2009 | Y1: 2010 | Z1: 2011 | AA1: 2012 | AB1: 2013 | AC1: 2014 | AD1: 2015 | AE1: 2016 | AF1: 2017 | AG1: 2018 | AH1: 2019 | AI1: 2020 | AJ1: 2021 | AK1: 2022 | AL1: 2023 | AM1: 2024 | AN1: 2025 | AO1: 2026 | AP1: 2027 | AQ1: 2028 | AR1: 2029 | AS1: 2030 | AT1: 2031 | AU1: 2032 | AV1: 2033 | AW1: 2034 | AX1: 2035 | AY1: 2036 | AZ1: 2037 | BA1: 2038 | BB1: 2039 | BC1: 2040 | BD1: 2041 | BE1: 2042 | BF1: 2043 | BG1: 2044 | BH1: 2045 | BI1: 2046 | BJ1: 2047 | BK1: 2048 | BL1: 2049 | BM1: 2050 | BN1: 2051 | BO1: 2052 | BP1: 2053 | BQ1: 2054 | BR1: 2055 | BS1: 2056 | BT1: 2057 | BU1: 2058 | BV1: 2059 | BW1: 2060 | BX1: 2061 | BY1: 2062 | BZ1: 2063 | CA1: 2064 | CB1: 2065 | CC1: 2066 | CD1: 2067 | CE1: 2068 | CF1: 2069 | CG1: 2070 | CH1: 2071 | CI1: 2072 | CJ1: 2073 | CK1: 2074 | CL1: 2075 | CM1: 2076 | CN1: 2077 | CO1: 2078 | CP1: 2079 | CQ1: 2080 | CR1: 2081 | CS1: 2082 | CT1: 2083 | CU1: 2084 | CV1: 2085 | CW1: 2086 | CX1: 2087 | CY1: 2088 | CZ1: 2089 | DA1: 2090 | DB1: 2091 | DC1: 2092 | DD1: 2093 | DE1: 2094 | DF1: 2095 | DG1: 2096 | DH1: 2097 | DI1: 2098 | DJ1: 2099 | DK1: 2100
A2: ='Population Definitions'!$B$2 -> 0-0M | C2: Number | E2: 290672 | F2: 277346.5 | G2: 277684 | H2: 287491 | I2: 278024 | J2: 271646 | K2: 271297 | L2: 273439 | M2: 272182.5 | N2: 271876 | O2: 273656 | P2: 271399.5 | Q2: 271653 | R2: 276838 | S2: 282660.5 | T2: 285433.5 | U2: 285486 | V2: 287769.5 | W2: 290919 | X2: 291229.5 | Y2: 287157 | Z2: 280654 | AA2: 275389.5 | AB2: 268749 | AC2: 260063 | AD2: 252754.5 | AE2: 244856.5 | AF2: 237696 | AG2: 227916 | AH2: 217208 | AI2: 211724.5 | AJ2: 210816 | AK2: 210241 | AL2: 209292 | AM2: 208380.5 | AN2: 207469.5 | AO2: 206899.5 | AP2: 206773.5 | AQ2: 206155 | AR2: 205209 | AS2: 205379 | AT2: 205527.5 | AU2: 205821 | AV2: 206175.5 | AW2: 206100 | AX2: 205835.5 | AY2: 205307.5 | AZ2: 205119 | BA2: 205167.5 | BB2: 204501.5 | BC2: 203628.5 | BD2: 202649 | BE2: 201160 | BF2: 199977.5 | BG2: 198067 | BH2: 195697.5 | BI2: 193609.5 | BJ2: 191363.5 | BK2: 188748.5 | BL2: 185787 | BM2: 182550 | BN2: 179580 | BO2: 176997 | BP2: 174535 | BQ2: 172082.5 | BR2: 169945 | BS2: 168131 | BT2: 166313.5 | BU2: 165058 | BV2: 164134 | BW2: 163702.5 | BX2: 163392.5 | BY2: 162728 | BZ2: 162387.5 | CA2: 162231 | CB2: 161859 | CC2: 161630 | CD2: 161322.5 | CE2: 161329.5 | CF2: 161193 | CG2: 160798.5 | CH2: 160687 | CI2: 160291.5 | CJ2: 159604 | CK2: 159134 | CL2: 158879.5 | CM2: 157742.5 | CN2: 156428.5 | CO2: 155363 | CP2: 154418.5 | CQ2: 153568 | CR2: 152044 | CS2: 150524.5 | CT2: 149458 | CU2: 148409 | CV2: 146844 | CW2: 145293 | CX2: 143908.5 | CY2: 142488 | CZ2: 141300.5 | DA2: 140268 | DB2: 139288 | DC2: 138110.5 | DD2: 137293 | DE2: 136719.5 | DF2: 136083.5 | DG2: 135690.5 | DH2: 135431 | DI2: 135254.5 | DJ2: 135201.5 | DK2: 135022.5
A3: ='Population Definitions'!$B$3 -> 0-0F | C3: Number | E3: 274920.5 | F3: 262752.5 | G3: 262958.5 | H3: 272010 | I3: 262669.5 | J3: 256266.5 | K3: 255976.5 | L3: 258386 | M3: 257171 | N3: 257187 | O3: 258881.5 | P3: 256895 | Q3: 257686 | R3: 262159 | S3: 267758 | T3: 269387 | U3: 268527.5 | V3: 271033 | W3: 274836.5 | X3: 275337.5 | Y3: 270624 | Z3: 264639 | AA3: 260318 | AB3: 254354.5 | AC3: 245987.5 | AD3: 238714.5 | AE3: 231620.5 | AF3: 224827 | AG3: 215116.5 | AH3: 205758.5 | AI3: 200614 | AJ3: 199121 | AK3: 198579.5 | AL3: 197688.5 | AM3: 196858.5 | AN3: 196036.5 | AO3: 195511 | AP3: 195416 | AQ3: 194858 | AR3: 193978 | AS3: 194148 | AT3: 194287.5 | AU3: 194547.5 | AV3: 194878 | AW3: 194806.5 | AX3: 194544 | AY3: 194048 | AZ3: 193897 | BA3: 193961 | BB3: 193330 | BC3: 192490 | BD3: 191559 | BE3: 190153 | BF3: 189035.5 | BG3: 187228 | BH3: 184992.5 | BI3: 183025 | BJ3: 180907 | BK3: 178425 | BL3: 175607.5 | BM3: 172564 | BN3: 169754 | BO3: 167303.5 | BP3: 164983.5 | BQ3: 162670.5 | BR3: 160649.5 | BS3: 158923.5 | BT3: 157209 | BU3: 156040 | BV3: 155172.5 | BW3: 154746.5 | BX3: 154445.5 | BY3: 153814.5 | BZ3: 153479.5 | CA3: 153341.5 | CB3: 152995 | CC3: 152767.5 | CD3: 152473 | CE3: 152485 | CF3: 152361.5 | CG3: 151998 | CH3: 151906 | CI3: 151551.5 | CJ3: 150906.5 | CK3: 150445.5 | CL3: 150206 | CM3: 149145 | CN3: 147899 | CO3: 146890.5 | CP3: 145991.5 | CQ3: 145170.5 | CR3: 143722.5 | CS3: 142288 | CT3: 141284.5 | CU3: 140288.5 | CV3: 138807.5 | CW3: 137347 | CX3: 136045.5 | CY3: 134696.5 | CZ3: 133574 | DA3: 132614.5 | DB3: 131695 | DC3: 130578.5 | DD3: 129811 | DE3: 129260 | DF3: 128637 | DG3: 128255.5 | DH3: 128002 | DI3: 127835.5 | DJ3: 127795.5 | DK3: 127634.5
A4: ='Population Definitions'!$B$4 -> 1-4M | C4: Number | E4: 1142075.5 | F4: 1107820.5 | G4: 1080879.5 | H4: 1092417.5 | I4: 1108481.5 | J4: 1114490.5 | K4: 1113316 | L4: 1101077.5 | M4: 1085387.5 | N4: 1077952.5 | O4: 1075329.5 | P4: 1074555 | Q4: 1079530.5 | R4: 1092037.5 | S4: 1105619.5 | T4: 1118911 | U4: 1131137.5 | V4: 1143265.5 | W4: 1154456.5 | X4: 1161364.5 | Y4: 1163902.5 | Z4: 1160095 | AA4: 1151103 | AB4: 1137714.5 | AC4: 1114939 | AD4: 1085079.5 | AE4: 1054300 | AF4: 1022746.5 | AG4: 993539.5 | AH4: 965470.5 | AI4: 932740.5 | AJ4: 899494 | AK4: 872295 | AL4: 853441 | AM4: 844594.5 | AN4: 841570 | AO4: 838346.5 | AP4: 835021 | AQ4: 832516.5 | AR4: 830303.5 | AS4: 828055.5 | AT4: 826547 | AU4: 825311 | AV4: 824986.5 | AW4: 825963 | AX4: 826693.5 | AY4: 827011 | AZ4: 826507 | BA4: 825459 | BB4: 824535 | BC4: 823209.5 | BD4: 821538 | BE4: 819075.5 | BF4: 815076 | BG4: 810560 | BH4: 805007.5 | BI4: 798065.5 | BJ4: 790523.5 | BK4: 781917.5 | BL4: 772608 | BM4: 762707 | BN4: 751655.5 | BO4: 739879.5 | BP4: 728136 | BQ4: 716891.5 | BR4: 706431.5 | BS4: 696803.5 | BT4: 687943.5 | BU4: 679728 | BV4: 672709.5 | BW4: 666904 | BX4: 662480 | BY4: 659563 | BZ4: 657237 | CA4: 655494 | CB4: 654025.5 | CC4: 652496 | CD4: 651401.5 | CE4: 650338.5 | CF4: 649440 | CG4: 648777.5 | CH4: 647949 | CI4: 647316 | CJ4: 646280 | CK4: 644693.5 | CL4: 643032 | CM4: 641226.5 | CN4: 638680 | CO4: 635507.5 | CP4: 631739 | CQ4: 627281.5 | CR4: 623110.5 | CS4: 618729 | CT4: 613893 | CU4: 608935 | CV4: 603778.5 | CW4: 598580.5 | CX4: 593352 | CY4: 587805 | CZ4: 581886 | DA4: 576345 | DB4: 571322.5 | DC4: 566704.5 | DD4: 562329.5 | DE4: 558324.5 | DF4: 554778 | DG4: 551575 | DH4: 549156.5 | DI4: 547296.5 | DJ4: 545832.5 | DK4: 544952.5
A5: ='Population Definitions'!$B$5 -> 1-4F | C5: Number | E5: 1083972 | F5: 1052660.5 | G5: 1027885.5 | H5: 1038155.5 | I5: 1052151.5 | J5: 1056176.5 | K5: 1053806 | L5: 1041445.5 | M5: 1026449 | N5: 1019567.5 | O5: 1017851.5 | P5: 1018144 | Q5: 1023051.5 | R5: 1034812 | S5: 1046884 | T5: 1059007.5 | U5: 1069522.5 | V5: 1078632.5 | W5: 1087532.5 | X5: 1093522 | Y5: 1096765.5 | Z5: 1093928.5 | AA5: 1085996 | AB5: 1073905.5 | AC5: 1052780.5 | AD5: 1025308 | AE5: 996806 | AF5: 967568 | AG5: 939986.5 | AH5: 913214 | AI5: 882858 | AJ5: 851487.5 | AK5: 825372.5 | AL5: 807575.5 | AM5: 798606.5 | AN5: 795156 | AO5: 792187.5 | AP5: 789133 | AQ5: 786873 | AR5: 784884.5 | AS5: 782838 | AT5: 781486.5 | AU5: 780369 | AV5: 780069 | AW5: 780978 | AX5: 781645 | AY5: 781910 | AZ5: 781419 | BA5: 780447 | BB5: 779609.5 | BC5: 778403.5 | BD5: 776853.5 | BE5: 774522.5 | BF5: 770722 | BG5: 766436.5 | BH5: 761183.5 | BI5: 754624.5 | BJ5: 747503.5 | BK5: 739382.5 | BL5: 730587 | BM5: 721209 | BN5: 710756 | BO5: 699611 | BP5: 688497 | BQ5: 677880.5 | BR5: 667993 | BS5: 658893.5 | BT5: 650518.5 | BU5: 642749.5 | BV5: 636123.5 | BW5: 630650 | BX5: 626477.5 | BY5: 623718.5 | BZ5: 621496.5 | CA5: 619807 | CB5: 618405.5 | CC5: 616958.5 | CD5: 615914.5 | CE5: 614909.5 | CF5: 614055.5 | CG5: 613424.5 | CH5: 612656.5 | CI5: 612092.5 | CJ5: 611162.5 | CK5: 609710 | CL5: 608160 | CM5: 606462 | CN5: 604056.5 | CO5: 601051 | CP5: 597499 | CQ5: 593286.5 | CR5: 589314 | CS5: 585140 | CT5: 580539.5 | CU5: 575835 | CV5: 570956 | CW5: 566043.5 | CX5: 561104 | CY5: 555867.5 | CZ5: 550277 | DA5: 545044.5 | DB5: 540314.5 | DC5: 535965 | DD5: 531848 | DE5: 528086.5 | DF5: 524733.5 | DG5: 521677.5 | DH5: 519356.5 | DI5: 517549 | DJ5: 516125 | DK5: 515285
A6: ='Population Definitions'!$B$6 -> 5-9M | C6: Number | E6: 1539409.5 | F6: 1481402 | G6: 1424460.5 | H6: 1399313 | I6: 1384893.5 | J6: 1377204.5 | K6: 1378609 | L6: 1396604.5 | M6: 1413068 | N6: 1412065 | O6: 1400470.5 | P6: 1381496.5 | Q6: 1364319 | R6: 1358017.5 | S6: 1364629.5 | T6: 1379646 | U6: 1394021 | V6: 1408262 | W6: 1424584 | X6: 1438655 | Y6: 1446206 | Z6: 1449907.5 | AA6: 1457128.5 | AB6: 1464043 | AC6: 1464543.5 | AD6: 1459206 | AE6: 1446560.5 | AF6: 1426525 | AG6: 1400197 | AH6: 1368475.5 | AI6: 1333931 | AJ6: 1298439 | AK6: 1263122.5 | AL6: 1227328.5 | AM6: 1188212 | AN6: 1148353 | AO6: 1114959.5 | AP6: 1087604.5 | AQ6: 1067820 | AR6: 1058077.5 | AS6: 1054154.5 | AT6: 1050372.5 | AU6: 1046931.5 | AV6: 1043819.5 | AW6: 1040670.5 | AX6: 1038600.5 | AY6: 1037249 | AZ6: 1036316 | BA6: 1036354.5 | BB6: 1037262 | BC6: 1037735 | BD6: 1037531.5 | BE6: 1036846 | BF6: 1035853 | BG6: 1034270 | BH6: 1032078.5 | BI6: 1029433.5 | BJ6: 1025489 | BK6: 1020314.5 | BL6: 1013895 | BM6: 1005979.5 | BN6: 996956 | BO6: 987176 | BP6: 975963.5 | BQ6: 963698 | BR6: 950566 | BS6: 936552 | BT6: 922201 | BU6: 908002 | BV6: 894311 | BW6: 881719.5 | BX6: 870282.5 | BY6: 859610 | BZ6: 850143.5 | CA6: 842205.5 | CB6: 835972 | CC6: 831242 | CD6: 827664.5 | CE6: 825000.5 | CF6: 823104 | CG6: 821266.5 | CH6: 819509.5 | CI6: 818110 | CJ6: 817058 | CK6: 816026 | CL6: 814971 | CM6: 814033.5 | CN6: 813007.5 | CO6: 811286 | CP6: 809231.5 | CQ6: 807317.5 | CR6: 804378 | CS6: 800520.5 | CT6: 796284.5 | CU6: 791574 | CV6: 786268.5 | CW6: 780576 | CX6: 774677 | CY6: 768776.5 | CZ6: 762772 | DA6: 756053 | DB6: 749306 | DC6: 742694.5 | DD6: 735730 | DE6: 728626 | DF6: 722055 | DG6: 716054.5 | DH6: 710260.5 | DI6: 705070 | DJ6: 700493 | DK6: 696311.5
A7: ='Population Definitions'!$B$7 -> 5-9F | C7: Number | E7: 1470743 | F7: 1415830.5 | G7: 1359545 | H7: 1333664.5 | I7: 1318864 | J7: 1309840.5 | K7: 1309396.5 | L7: 1325577.5 | M7: 1341090.5 | N7: 1339721.5 | O7: 1327595.5 | P7: 1309301.5 | Q7: 1292323 | R7: 1284178 | S7: 1288887 | T7: 1302143.5 | U7: 1315098 | V7: 1328567.5 | W7: 1344046 | X7: 1356927 | Y7: 1362747 | Z7: 1364909 | AA7: 1370960 | AB7: 1377754 | AC7: 1378817.5 | AD7: 1374149 | AE7: 1363572.5 | AF7: 1346323.5 | AG7: 1321683 | AH7: 1291190.5 | AI7: 1259188.5 | AJ7: 1227049 | AK7: 1194381 | AL7: 1160645 | AM7: 1124478 | AN7: 1087448 | AO7: 1055320.5 | AP7: 1029066 | AQ7: 1010393.5 | AR7: 1000607.5 | AS7: 996346.5 | AT7: 992863.5 | AU7: 989724 | AV7: 986916 | AW7: 984057.5 | AX7: 982189 | AY7: 980984.5 | AZ7: 980135 | BA7: 980172 | BB7: 981016.5 | BC7: 981427.5 | BD7: 981203 | BE7: 980568.5 | BF7: 979666.5 | BG7: 978205 | BH7: 976165.5 | BI7: 973689.5 | BJ7: 969960 | BK7: 965050.5 | BL7: 958962.5 | BM7: 951478.5 | BN7: 942958.5 | BO7: 933726 | BP7: 923129.5 | BQ7: 911522.5 | BR7: 899108.5 | BS7: 885852 | BT7: 872261.5 | BU7: 858832.5 | BV7: 845908 | BW7: 834005 | BX7: 823184 | BY7: 813098 | BZ7: 804163 | CA7: 796673.5 | CB7: 790778.5 | CC7: 786307 | CD7: 782919 | CE7: 780365.5 | CF7: 778541.5 | CG7: 776796.5 | CH7: 775123 | CI7: 773785.5 | CJ7: 772795.5 | CK7: 771820.5 | CL7: 770828 | CM7: 769971 | CN7: 769054.5 | CO7: 767481 | CP7: 765569.5 | CQ7: 763781 | CR7: 761024.5 | CS7: 757377 | CT7: 753364.5 | CU7: 748913.5 | CV7: 743882 | CW7: 738464 | CX7: 732857.5 | CY7: 727255.5 | CZ7: 721556.5 | DA7: 715198 | DB7: 708826 | DC7: 702587 | DD7: 696003 | DE7: 689292 | DF7: 683101.5 | DG7: 677452.5 | DH7: 671988 | DI7: 667105 | DJ7: 662795 | DK7: 658820
A8: ='Population Definitions'!$B$8 -> 10-19M | C8: Number | E8: 4048217.5 | F8: 3907932 | G8: 3760119.5 | H8: 3618034.5 | I8: 3474943 | J8: 3339819 | K8: 3225048.5 | L8: 3131266.5 | M8: 3060361.5 | N8: 3011689.5 | O8: 2981566.5 | P8: 2963314.5 | Q8: 2944954.5 | R8: 2926588 | S8: 2914845 | T8: 2910187 | U8: 2912895.5 | V8: 2925112 | W8: 2938450 | X8: 2946838.5 | Y8: 2953778 | Z8: 2955550 | AA8: 2948082 | AB8: 2938825 | AC8: 2936656 | AD8: 2938833.5 | AE8: 2943789.5 | AF8: 2953237.5 | AG8: 2957011 | AH8: 2950364 | AI8: 2935231 | AJ8: 2914446.5 | AK8: 2896041 | AL8: 2872870.5 | AM8: 2840114.5 | AN8: 2801206.5 | AO8: 2755223.5 | AP8: 2702190 | AQ8: 2640941 | AR8: 2570141 | AS8: 2496035 | AT8: 2427549.5 | AU8: 2365123 | AV8: 2309613 | AW8: 2260821.5 | AX8: 2217104.5 | AY8: 2179984.5 | AZ8: 2149240.5 | BA8: 2126388 | BB8: 2113530.5 | BC8: 2107564 | BD8: 2102454 | BE8: 2098103 | BF8: 2095051 | BG8: 2092831.5 | BH8: 2091255 | BI8: 2089720.5 | BJ8: 2088121.5 | BK8: 2087184.5 | BL8: 2086525.5 | BM8: 2084824 | BN8: 2081994 | BO8: 2077381 | BP8: 2071230 | BQ8: 2063245.5 | BR8: 2053156.5 | BS8: 2041505.5 | BT8: 2027797.5 | BU8: 2011427 | BV8: 1992763 | BW8: 1971735.5 | BX8: 1948716.5 | BY8: 1924604 | BZ8: 1899212 | CA8: 1873276 | CB8: 1847570.5 | CC8: 1822138.5 | CD8: 1797133 | CE8: 1773486 | CF8: 1751874.5 | CG8: 1733065 | CH8: 1716913 | CI8: 1702677 | CJ8: 1690560 | CK8: 1680737 | CL8: 1672678.5 | CM8: 1666202 | CN8: 1661234 | CO8: 1657527.5 | CP8: 1654606 | CQ8: 1651722 | CR8: 1649036 | CS8: 1646618.5 | CT8: 1643853.5 | CU8: 1640774 | CV8: 1637811.5 | CW8: 1633941.5 | CX8: 1629065 | CY8: 1623116 | CZ8: 1616360.5 | DA8: 1609149 | DB8: 1600524.5 | DC8: 1590775.5 | DD8: 1580646.5 | DE8: 1569938.5 | DF8: 1557922 | DG8: 1545490 | DH8: 1532986.5 | DI8: 1520128.5 | DJ8: 1507028 | DK8: 1493745
A9: ='Population Definitions'!$B$9 -> 10-19F | C9: Number | E9: 3882099.5 | F9: 3753004.5 | G9: 3615593 | H9: 3476949.5 | I9: 3336347.5 | J9: 3204146.5 | K9: 3090422.5 | L9: 2995426 | M9: 2922449 | N9: 2871580 | O9: 2838946.5 | P9: 2816822 | Q9: 2795536 | R9: 2775937.5 | S9: 2761966 | T9: 2753300 | U9: 2751737 | V9: 2760432.5 | W9: 2769939 | X9: 2773947 | Y9: 2775799.5 | Z9: 2774316.5 | AA9: 2766751.5 | AB9: 2757961.5 | AC9: 2755477.5 | AD9: 2755528.5 | AE9: 2754886 | AF9: 2755404.5 | AG9: 2758536.5 | AH9: 2760535 | AI9: 2754246.5 | AJ9: 2741131.5 | AK9: 2727423 | AL9: 2707729 | AM9: 2677977 | AN9: 2642903.5 | AO9: 2602274.5 | AP9: 2554200 | AQ9: 2496809 | AR9: 2430668.5 | AS9: 2362166 | AT9: 2298286.5 | AU9: 2239589.5 | AV9: 2187226.5 | AW9: 2141314 | AX9: 2100061.5 | AY9: 2064486.5 | AZ9: 2035125 | BA9: 2013672.5 | BB9: 2001048.5 | BC9: 1994937 | BD9: 1990267 | BE9: 1986293.5 | BF9: 1983538 | BG9: 1981538.5 | BH9: 1980096.5 | BI9: 1978681.5 | BJ9: 1977210 | BK9: 1976359 | BL9: 1975753.5 | BM9: 1974137.5 | BN9: 1971451.5 | BO9: 1967099 | BP9: 1961298 | BQ9: 1953760.5 | BR9: 1944249.5 | BS9: 1933266.5 | BT9: 1920316 | BU9: 1904821 | BV9: 1887139.5 | BW9: 1867254 | BX9: 1845489 | BY9: 1822679 | BZ9: 1798666.5 | CA9: 1774147.5 | CB9: 1749840.5 | CC9: 1725773.5 | CD9: 1702110 | CE9: 1679756 | CF9: 1659350 | CG9: 1641561.5 | CH9: 1626279 | CI9: 1612814 | CJ9: 1601333.5 | CK9: 1592026 | CL9: 1584391.5 | CM9: 1578255 | CN9: 1573536.5 | CO9: 1569998.5 | CP9: 1567205 | CQ9: 1564472 | CR9: 1561947 | CS9: 1559699 | CT9: 1557140 | CU9: 1554258 | CV9: 1551482.5 | CW9: 1547872 | CX9: 1543311 | CY9: 1537729.5 | CZ9: 1531372.5 | DA9: 1524559 | DB9: 1516388.5 | DC9: 1507136.5 | DD9: 1497526.5 | DE9: 1487382.5 | DF9: 1475997 | DG9: 1464210.5 | DH9: 1452368 | DI9: 1440185.5 | DJ9: 1427779 | DK9: 1415234
A10: ='Population Definitions'!$B$10 -> 20-29M | C10: Number | E10: 4598554 | F10: 4640979.5 | G10: 4668951 | H10: 4655115 | I10: 4613906 | J10: 4549468 | K10: 4469332.5 | L10: 4376295 | M10: 4275504 | N10: 4159638.5 | O10: 4038310 | P10: 3918373.5 | Q10: 3798404.5 | R10: 3709091.5 | S10: 3632571.5 | T10: 3525360.5 | U10: 3406139 | V10: 3327515 | W10: 3294212.5 | X10: 3268503 | Y10: 3251437.5 | Z10: 3245811 | AA10: 3244687.5 | AB10: 3238288.5 | AC10: 3215624.5 | AD10: 3189332.5 | AE10: 3177929 | AF10: 3181356 | AG10: 3182419.5 | AH10: 3167113.5 | AI10: 3145025.5 | AJ10: 3124129.5 | AK10: 3100079 | AL10: 3081662.5 | AM10: 3072938 | AN10: 3066321.5 | AO10: 3058480.5 | AP10: 3049213.5 | AQ10: 3036916.5 | AR10: 3023116 | AS10: 3007331 | AT10: 2989406.5 | AU10: 2972397.5 | AV10: 2949413.5 | AW10: 2916860.5 | AX10: 2878166.5 | AY10: 2832408 | AZ10: 2779612.5 | BA10: 2718616.5 | BB10: 2648082 | BC10: 2574243.5 | BD10: 2506013 | BE10: 2443827.5 | BF10: 2388538.5 | BG10: 2339946.5 | BH10: 2296415 | BI10: 2259464.5 | BJ10: 2228872.5 | BK10: 2206150.5 | BL10: 2193396 | BM10: 2187514 | BN10: 2182485 | BO10: 2178214.5 | BP10: 2175238.5 | BQ10: 2173091 | BR10: 2171585.5 | BS10: 2170117.5 | BT10: 2168583.5 | BU10: 2167710 | BV10: 2167112.5 | BW10: 2165472 | BX10: 2162704 | BY10: 2158154.5 | BZ10: 2152067.5 | CA10: 2144147.5 | CB10: 2134124.5 | CC10: 2122541.5 | CD10: 2108903 | CE10: 2092605 | CF10: 2074012 | CG10: 2053057.5 | CH10: 2030113.5 | CI10: 2006074 | CJ10: 1980757 | CK10: 1954894 | CL10: 1929260 | CM10: 1903899.5 | CN10: 1878962.5 | CO10: 1855380.5 | CP10: 1833831 | CQ10: 1815079 | CR10: 1798980 | CS10: 1784795.5 | CT10: 1772728 | CU10: 1762950 | CV10: 1754933 | CW10: 1748496.5 | CX10: 1743566 | CY10: 1739894.5 | CZ10: 1737007 | DA10: 1734156.5 | DB10: 1731504 | DC10: 1729118 | DD10: 1726383 | DE10: 1723335.5 | DF10: 1720405 | DG10: 1716565 | DH10: 1711720 | DI10: 1705802 | DJ10: 1699075 | DK10: 1691893
A11: ='Population Definitions'!$B$11 -> 20-29F | C11: Number | E11: 4498077.5 | F11: 4536499.5 | G11: 4558292.5 | H11: 4538268.5 | I11: 4495936.5 | J11: 4433616 | K11: 4356699 | L11: 4269351 | M11: 4176599.5 | N11: 4067906.5 | O11: 3950844.5 | P11: 3833431.5 | Q11: 3718140 | R11: 3625766.5 | S11: 3538114.5 | T11: 3434591 | U11: 3330967.5 | V11: 3263271 | W11: 3233265 | X11: 3207043.5 | Y11: 3188721 | Z11: 3177548 | AA11: 3164569.5 | AB11: 3146656.5 | AC11: 3115185.5 | AD11: 3073746 | AE11: 3036232.5 | AF11: 3006553 | AG11: 2975427 | AH11: 2944072.5 | AI11: 2915260 | AJ11: 2886213 | AK11: 2858975.5 | AL11: 2840741.5 | AM11: 2834707 | AN11: 2833914.5 | AO11: 2834438.5 | AP11: 2836259.5 | AQ11: 2839402.5 | AR11: 2841328 | AS11: 2836914.5 | AT11: 2826815.5 | AU11: 2814527.5 | AV11: 2794910.5 | AW11: 2765243.5 | AX11: 2730259.5 | AY11: 2689721 | AZ11: 2641743 | BA11: 2584454.5 | BB11: 2518421 | BC11: 2450023.5 | BD11: 2386244 | BE11: 2327643 | BF11: 2275368.5 | BG11: 2229537 | BH11: 2188358 | BI11: 2152850 | BJ11: 2123549.5 | BK11: 2102150 | BL11: 2089571 | BM11: 2083498.5 | BN11: 2078864 | BO11: 2074925 | BP11: 2072203.5 | BQ11: 2070236 | BR11: 2068824 | BS11: 2067440.5 | BT11: 2065998 | BU11: 2065174 | BV11: 2064598.5 | BW11: 2063010.5 | BX11: 2060350 | BY11: 2056025 | BZ11: 2050251.5 | CA11: 2042742 | CB11: 2033260 | CC11: 2022306 | CD11: 2009384.5 | CE11: 1993917 | CF11: 1976263 | CG11: 1956406 | CH11: 1934671 | CI11: 1911890 | CJ11: 1887905.5 | CK11: 1863413 | CL11: 1839133.5 | CM11: 1815094.5 | CN11: 1791455 | CO11: 1769126 | CP11: 1748745 | CQ11: 1730976.5 | CR11: 1715713 | CS11: 1702267.5 | CT11: 1690805.5 | CU11: 1681516 | CV11: 1673897.5 | CW11: 1667774 | CX11: 1663069.5 | CY11: 1659545.5 | CZ11: 1656764.5 | DA11: 1654044.5 | DB11: 1651532.5 | DC11: 1649297.5 | DD11: 1646751 | DE11: 1643879 | DF11: 1641114 | DG11: 1637516 | DH11: 1632966.5 | DI11: 1627396.5 | DJ11: 1621050 | DK11: 1614246
A12: ='Population Definitions'!$B$12 -> 30-39M | C12: Number | E12: 3867540 | F12: 3930703 | G12: 4011965 | H12: 4087118.5 | I12: 4176680.5 | J12: 4268086.5 | K12: 4351446 | L12: 4424076 | M12: 4484820.5 | N12: 4536234 | O12: 4571322 | P12: 4592843.5 | Q12: 4616049 | R12: 4655056.5 | S12: 4688993 | T12: 4683888 | U12: 4639508.5 | V12: 4592676.5 | W12: 4546342.5 | X12: 4463389.5 | Y12: 4359489 | Z12: 4249280.5 | AA12: 4144916 | AB12: 4048952 | AC12: 3932827 | AD12: 3810883 | AE12: 3703474 | AF12: 3610571 | AG12: 3539559.5 | AH12: 3481316 | AI12: 3431056.5 | AJ12: 3391904 | AK12: 3358874.5 | AL12: 3329242.5 | AM12: 3300088 | AN12: 3274762 | AO12: 3257875 | AP12: 3247603.5 | AQ12: 3236384.5 | AR12: 3224652 | AS12: 3213024.5 | AT12: 3198218.5 | AU12: 3177430 | AV12: 3159319.5 | AW12: 3150850.5 | AX12: 3144472.5 | AY12: 3136867.5 | AZ12: 3127839.5 | BA12: 3115791.5 | BB12: 3102241 | BC12: 3086703.5 | BD12: 3069023.5 | BE12: 3052244.5 | BF12: 3029498.5 | BG12: 2997205.5 | BH12: 2958784 | BI12: 2913315 | BJ12: 2860823 | BK12: 2800146 | BL12: 2729949.5 | BM12: 2656451 | BN12: 2588539 | BO12: 2526649.5 | BP12: 2471632.5 | BQ12: 2423288.5 | BR12: 2379987 | BS12: 2343242.5 | BT12: 2312837.5 | BU12: 2290278 | BV12: 2277653.5 | BW12: 2271883 | BX12: 2266962 | BY12: 2262794 | BZ12: 2259917.5 | CA12: 2257865.5 | CB12: 2256451 | CC12: 2255075 | CD12: 2253631 | CE12: 2252845 | CF12: 2252331.5 | CG12: 2250775.5 | CH12: 2248093.5 | CI12: 2243633 | CJ12: 2237635 | CK12: 2229803.5 | CL12: 2219872 | CM12: 2208380.5 | CN12: 2194836 | CO12: 2178634 | CP12: 2160137.5 | CQ12: 2139280 | CR12: 2116436 | CS12: 2092497 | CT12: 2067279 | CU12: 2041516.5 | CV12: 2015979.5 | CW12: 1990711.5 | CX12: 1965865 | CY12: 1942369 | CZ12: 1920901.5 | DA12: 1902228.5 | DB12: 1886203 | DC12: 1872085.5 | DD12: 1860082 | DE12: 1850365 | DF12: 1842405 | DG12: 1836023 | DH12: 1831144 | DI12: 1827523 | DJ12: 1824684 | DK12: 1821879
A13: ='Population Definitions'!$B$13 -> 30-39F | C13: Number | E13: 3871953.5 | F13: 3931985 | G13: 4009740 | H13: 4083112 | I13: 4169075 | J13: 4255430 | K13: 4334777 | L13: 4403484 | M13: 4460953 | N13: 4510736 | O13: 4544290.5 | P13: 4563009.5 | Q13: 4583443 | R13: 4618647.5 | S13: 4644593 | T13: 4636303.5 | U13: 4599719.5 | V13: 4566185.5 | W13: 4534166.5 | X13: 4466950.5 | Y13: 4379443 | Z13: 4278470 | AA13: 4170858.5 | AB13: 4062968.5 | AC13: 3937645.5 | AD13: 3807878.5 | AE13: 3689107.5 | AF13: 3584308 | AG13: 3500290 | AH13: 3433591.5 | AI13: 3377281 | AJ13: 3326831 | AK13: 3280629.5 | AL13: 3237795.5 | AM13: 3194598.5 | AN13: 3151709.5 | AO13: 3114963 | AP13: 3084123 | AQ13: 3050766.5 | AR13: 3018194 | AS13: 2991952 | AT13: 2968801 | AU13: 2944638 | AV13: 2926551 | AW13: 2920637 | AX13: 2919950.5 | AY13: 2920574.5 | AZ13: 2922490.5 | BA13: 2925726 | BB13: 2927744 | BC13: 2923429 | BD13: 2913434.5 | BE13: 2901248 | BF13: 2881739 | BG13: 2852191 | BH13: 2817329.5 | BI13: 2776916 | BJ13: 2729070 | BK13: 2671925 | BL13: 2606041 | BM13: 2537792.5 | BN13: 2474154 | BO13: 2415683.5 | BP13: 2363530 | BQ13: 2317810.5 | BR13: 2276736 | BS13: 2241324.5 | BT13: 2212112 | BU13: 2190789.5 | BV13: 2178274.5 | BW13: 2172256 | BX13: 2167673 | BY13: 2163784 | BZ13: 2161112 | CA13: 2159192 | CB13: 2157825 | CC13: 2156485.5 | CD13: 2155088 | CE13: 2154307.5 | CF13: 2153770 | CG13: 2152222.5 | CH13: 2149604.5 | CI13: 2145320 | CJ13: 2139588 | CK13: 2132120.5 | CL13: 2122680.5 | CM13: 2111767 | CN13: 2098886.5 | CO13: 2083462 | CP13: 2065851 | CQ13: 2046036.5 | CR13: 2024342.5 | CS13: 2001602 | CT13: 1977657 | CU13: 1953205 | CV13: 1928964 | CW13: 1904961.5 | CX13: 1881360 | CY13: 1859065.5 | CZ13: 1838716.5 | DA13: 1820979.5 | DB13: 1805746 | DC13: 1792328.5 | DD13: 1780891.5 | DE13: 1771626.5 | DF13: 1764032 | DG13: 1757931 | DH13: 1753248 | DI13: 1749745 | DJ13: 1746983.5 | DK13: 1744282
A14: ='Population Definitions'!$B$14 -> 40-49M | C14: Number | E14: 3659283.5 | F14: 3678718.5 | G14: 3708572 | H14: 3730055 | I14: 3763281.5 | J14: 3812619 | K14: 3827647 | L14: 3805998 | M14: 3787569.5 | N14: 3786941.5 | O14: 3812423 | P14: 3861279.5 | Q14: 3937378.5 | R14: 4038213.5 | S14: 4161712 | T14: 4283833 | U14: 4391895 | V14: 4495391.5 | W14: 4593716.5 | X14: 4676171.5 | Y14: 4735682 | Z14: 4776347 | AA14: 4810689 | AB14: 4832909.5 | AC14: 4822530.5 | AD14: 4786749.5 | AE14: 4735079 | AF14: 4667531.5 | AG14: 4592629 | AH14: 4500207.5 | AI14: 4395041 | AJ14: 4286279.5 | AK14: 4172720 | AL14: 4058756.5 | AM14: 3937868 | AN14: 3818832 | AO14: 3711866 | AP14: 3619315 | AQ14: 3545288.5 | AR14: 3488044.5 | AS14: 3444300 | AT14: 3409466 | AU14: 3379034.5 | AV14: 3350111 | AW14: 3321613.5 | AX14: 3296890 | AY14: 3280516.5 | AZ14: 3270696.5 | BA14: 3259953 | BB14: 3248700.5 | BC14: 3237544.5 | BD14: 3223215.5 | BE14: 3202916.5 | BF14: 3185262.5 | BG14: 3177167.5 | BH14: 3171139 | BI14: 3163892.5 | BJ14: 3155237 | BK14: 3143584.5 | BL14: 3130437.5 | BM14: 3115305 | BN14: 3098016 | BO14: 3081590.5 | BP14: 3059208.5 | BQ14: 3027318.5 | BR14: 2989323 | BS14: 2944300 | BT14: 2892286 | BU14: 2832121.5 | BV14: 2762471 | BW14: 2689529 | BX14: 2622145.5 | BY14: 2560754 | BZ14: 2506198 | CA14: 2458280 | CB14: 2415378 | CC14: 2379002 | CD14: 2348932.5 | CE14: 2326662.5 | CF14: 2314268 | CG14: 2308688 | CH14: 2303954 | CI14: 2299968.5 | CJ14: 2297265 | CK14: 2295379 | CL14: 2294125 | CM14: 2292906.5 | CN14: 2291619 | CO14: 2290983 | CP14: 2290614 | CQ14: 2289204 | CR14: 2286669 | CS14: 2282358 | CT14: 2276512.5 | CU14: 2268838 | CV14: 2259065.5 | CW14: 2247732 | CX14: 2234346.5 | CY14: 2218307 | CZ14: 2199979 | DA14: 2179294.5 | DB14: 2156620.5 | DC14: 2132850 | DD14: 2107803 | DE14: 2082208.5 | DF14: 2056835.5 | DG14: 2031728 | DH14: 2007039 | DI14: 1983697 | DJ14: 1962375 | DK14: 1943836.5
A15: ='Population Definitions'!$B$15 -> 40-49F | C15: Number | E15: 3722426 | F15: 3736818.5 | G15: 3763588.5 | H15: 3782650 | I15: 3816107.5 | J15: 3868175 | K15: 3884513.5 | L15: 3863816 | M15: 3845870 | N15: 3844590 | O15: 3868885 | P15: 3914810.5 | Q15: 3984882.5 | R15: 4088622.5 | S15: 4216822 | T15: 4332832.5 | U15: 4434267 | V15: 4541713 | W15: 4651918.5 | X15: 4745314.5 | Y15: 4818041.5 | Z15: 4870400 | AA15: 4904455.5 | AB15: 4919540 | AC15: 4905240.5 | AD15: 4866158 | AE15: 4809064.5 | AF15: 4733670 | AG15: 4647605 | AH15: 4547027.5 | AI15: 4434962.5 | AJ15: 4316891.5 | AK15: 4196069 | AL15: 4074034.5 | AM15: 3944429 | AN15: 3817878.5 | AO15: 3703220.5 | AP15: 3602302 | AQ15: 3519655 | AR15: 3453336.5 | AS15: 3399561.5 | AT15: 3352739 | AU15: 3308677 | AV15: 3266342 | AW15: 3223613.5 | AX15: 3181174.5 | AY15: 3144834.5 | AZ15: 3114362 | BA15: 3081388.5 | BB15: 3049200 | BC15: 3023317 | BD15: 3000511 | BE15: 2976693 | BF15: 2958922 | BG15: 2953263 | BH15: 2952799 | BI15: 2953634 | BJ15: 2955756.5 | BK15: 2959191.5 | BL15: 2961406 | BM15: 2957303.5 | BN15: 2947532 | BO15: 2935558 | BP15: 2916267 | BQ15: 2886961 | BR15: 2852351 | BS15: 2812199 | BT15: 2764631 | BU15: 2707781.5 | BV15: 2642210 | BW15: 2574274 | BX15: 2510934 | BY15: 2452747.5 | BZ15: 2400857 | CA15: 2355381.5 | CB15: 2314538 | CC15: 2279340 | CD15: 2250322.5 | CE15: 2229168.5 | CF15: 2216793 | CG15: 2210894 | CH15: 2206427.5 | CI15: 2202654 | CJ15: 2200092 | CK15: 2198278 | CL15: 2197013 | CM15: 2195772.5 | CN15: 2194473.5 | CO15: 2193788.5 | CP15: 2193344.5 | CQ15: 2191889 | CR15: 2189361 | CS15: 2185167 | CT15: 2179526 | CU15: 2172150 | CV15: 2162798.5 | CW15: 2151973.5 | CX15: 2139183 | CY15: 2123849 | CZ15: 2106328.5 | DA15: 2086605 | DB15: 2065002 | DC15: 2042351 | DD15: 2018496 | DE15: 1994128.5 | DF15: 1969970 | DG15: 1946048 | DH15: 1922522.5 | DI15: 1900303.5 | DJ15: 1880024.5 | DK15: 1862353.5
A16: ='Population Definitions'!$B$16 -> 50-59M | C16: Number | E16: 3425374.5 | F16: 3439667.5 | G16: 3443868 | H16: 3433849 | I16: 3416551 | J16: 3388276.5 | K16: 3401561.5 | L16: 3455398.5 | M16: 3491982 | N16: 3506435.5 | O16: 3505575.5 | P16: 3512681.5 | Q16: 3538402.5 | R16: 3575730.5 | S16: 3625546.5 | T16: 3691166.5 | U16: 3723684.5 | V16: 3723136.5 | W16: 3727357 | X16: 3747354 | Y16: 3790629.5 | Z16: 3854229 | AA16: 3937842 | AB16: 4031494.5 | AC16: 4136569 | AD16: 4242623.5 | AE16: 4339992.5 | AF16: 4428932.5 | AG16: 4511270 | AH16: 4584644 | AI16: 4638204.5 | AJ16: 4675945.5 | AK16: 4705192.5 | AL16: 4719977 | AM16: 4710763.5 | AN16: 4682100 | AO16: 4637424.5 | AP16: 4577074.5 | AQ16: 4506142.5 | AR16: 4418436.5 | AS16: 4320474.5 | AT16: 4217273.5 | AU16: 4108388 | AV16: 3998053 | AW16: 3880975 | AX16: 3765721 | AY16: 3662170 | AZ16: 3572651.5 | BA16: 3501295 | BB16: 3446341.5 | BC16: 3404543.5 | BD16: 3371429.5 | BE16: 3342597.5 | BF16: 3315183.5 | BG16: 3288079.5 | BH16: 3264643.5 | BI16: 3249381.5 | BJ16: 3240543 | BK16: 3230842.5 | BL16: 3220652 | BM16: 3210539.5 | BN16: 3197268 | BO16: 3178068 | BP16: 3161437.5 | BQ16: 3154178.5 | BR16: 3148940.5 | BS16: 3142497 | BT16: 3134679.5 | BU16: 3123921.5 | BV16: 3111686 | BW16: 3097475.5 | BX16: 3081078.5 | BY16: 3065449.5 | BZ16: 3043880.5 | CA16: 3012893.5 | CB16: 2975858 | CC16: 2931862.5 | CD16: 2880942 | CE16: 2821938.5 | CF16: 2753527 | CG16: 2681847.5 | CH16: 2615671 | CI16: 2555426.5 | CJ16: 2501930.5 | CK16: 2454986 | CL16: 2413002 | CM16: 2377469 | CN16: 2348170.5 | CO16: 2326567 | CP16: 2314704.5 | CQ16: 2309569.5 | CR16: 2305269.5 | CS16: 2301712 | CT16: 2299419 | CU16: 2297934.5 | CV16: 2297072.5 | CW16: 2296230.5 | CX16: 2295311.5 | CY16: 2295035 | CZ16: 2295017.5 | DA16: 2293960.5 | DB16: 2291777 | DC16: 2287823.5 | DD16: 2282343 | DE16: 2275036 | DF16: 2265635 | DG16: 2254674 | DH16: 2241667 | DI16: 2226017.5 | DJ16: 2208081 | DK16: 2187788.5
A17: ='Population Definitions'!$B$17 -> 50-59F | C17: Number | E17: 3626562 | F17: 3631252 | G17: 3626694.5 | H17: 3611768.5 | I17: 3589408 | J17: 3554666 | K17: 3562536 | L17: 3612310.5 | M17: 3645883 | N17: 3657676 | O17: 3653233 | P17: 3657146.5 | Q17: 3678172.5 | R17: 3713885.5 | S17: 3769436.5 | T17: 3839801 | U17: 3872700.5 | V17: 3876080 | W17: 3890205 | X17: 3920824 | Y17: 3977637.5 | Z17: 4054199 | AA17: 4145760 | AB17: 4245411.5 | AC17: 4351334.5 | AD17: 4452496 | AE17: 4543397 | AF17: 4625784.5 | AG17: 4700146.5 | AH17: 4766573 | AI17: 4813803 | AJ17: 4842981.5 | AK17: 4861373 | AL17: 4864450 | AM17: 4845551 | AN17: 4808313 | AO17: 4755354 | AP17: 4684679 | AQ17: 4601783 | AR17: 4503037 | AS17: 4393814 | AT17: 4279579 | AU17: 4161911.5 | AV17: 4042290.5 | AW17: 3915210.5 | AX17: 3791144.5 | AY17: 3678750.5 | AZ17: 3579856 | BA17: 3498992 | BB17: 3434224 | BC17: 3381788.5 | BD17: 3336188.5 | BE17: 3293310.5 | BF17: 3252099 | BG17: 3210425 | BH17: 3168996.5 | BI17: 3133571 | BJ17: 3103944 | BK17: 3071857 | BL17: 3040551.5 | BM17: 3015496.5 | BN17: 2993489.5 | BO17: 2970452 | BP17: 2953383 | BQ17: 2948305 | BR17: 2948356 | BS17: 2949683 | BT17: 2952282.5 | BU17: 2956175 | BV17: 2958848.5 | BW17: 2955240.5 | BX17: 2945977 | BY17: 2934491 | BZ17: 2915716 | CA17: 2886979 | CB17: 2852955 | CC17: 2813405 | CD17: 2766470.5 | CE17: 2710294 | CF17: 2645423.5 | CG17: 2578185 | CH17: 2515512 | CI17: 2457962 | CJ17: 2406668.5 | CK17: 2361741.5 | CL17: 2321410 | CM17: 2286688.5 | CN17: 2258111 | CO17: 2237344.5 | CP17: 2225296 | CQ17: 2219679 | CR17: 2215480.5 | CS17: 2211968 | CT17: 2209658.5 | CU17: 2208091 | CV17: 2207063 | CW17: 2206053.5 | CX17: 2204980.5 | CY17: 2204514.5 | CZ17: 2204284 | DA17: 2203042.5 | DB17: 2200728.5 | DC17: 2196748.5 | DD17: 2191321 | DE17: 2184154.5 | DF17: 2175011.5 | DG17: 2164393.5 | DH17: 2151809.5 | DI17: 2136681 | DJ17: 2119361.5 | DK17: 2099837
A18: ='Population Definitions'!$B$18 -> 60-69M | C18: Number | E18: 2856853.5 | F18: 2896586 | G18: 2921253 | H18: 2931216.5 | I18: 2942449.5 | J18: 2956229.5 | K18: 2965324 | L18: 2972403 | M18: 2994920.5 | N18: 3032987 | O18: 3066053.5 | P18: 3078926.5 | Q18: 3086110.5 | R18: 3094670.5 | S18: 3095818 | T18: 3085508.5 | U18: 3114457.5 | V18: 3182859 | W18: 3236505.5 | X18: 3269889.5 | Y18: 3286949 | Z18: 3308612.5 | AA18: 3337410.5 | AB18: 3367596 | AC18: 3408612 | AD18: 3464401.5 | AE18: 3491446 | AF18: 3488231.5 | AG18: 3489472 | AH18: 3508888.5 | AI18: 3549277 | AJ18: 3605901 | AK18: 3683961.5 | AL18: 3775243.5 | AM18: 3880721 | AN18: 3989605.5 | AO18: 4090115 | AP18: 4181475.5 | AQ18: 4264373 | AR18: 4338332.5 | AS18: 4395125 | AT18: 4437434 | AU18: 4470007 | AV18: 4487240 | AW18: 4482203.5 | AX18: 4458845 | AY18: 4419807 | AZ18: 4365501 | BA18: 4300854 | BB18: 4220090.5 | BC18: 4129342 | BD18: 4033489 | BE18: 3932303.5 | BF18: 3829759 | BG18: 3720865 | BH18: 3613755.5 | BI18: 3517606 | BJ18: 3434668.5 | BK18: 3369100 | BL18: 3319110.5 | BM18: 3281543 | BN18: 3252181.5 | BO18: 3226875.5 | BP18: 3202807.5 | BQ18: 3178797.5 | BR18: 3158221 | BS18: 3145420.5 | BT18: 3138778 | BU18: 3131399.5 | BV18: 3123563.5 | BW18: 3115782 | BX18: 3104879.5 | BY18: 3088122 | BZ18: 3073772 | CA18: 3068409.5 | CB18: 3064981 | CC18: 3060405 | CD18: 3054508 | CE18: 3045777.5 | CF18: 3035610.5 | CG18: 3023470.5 | CH18: 3009096.5 | CI18: 2995311.5 | CJ18: 2975618.5 | CK18: 2946692.5 | CL18: 2911829.5 | CM18: 2870147 | CN18: 2821690 | CO18: 2765287.5 | CP18: 2699628 | CQ18: 2630750 | CR18: 2567251 | CS18: 2509543.5 | CT18: 2458401 | CU18: 2413640.5 | CV18: 2373723 | CW18: 2340066.5 | CX18: 2312472 | CY18: 2292364.5 | CZ18: 2281726 | DA18: 2277632.5 | DB18: 2274339.5 | DC18: 2271769 | DD18: 2270434.5 | DE18: 2269875 | DF18: 2269913 | DG18: 2269956 | DH18: 2269911.5 | DI18: 2270490.5 | DJ18: 2271300 | DK18: 2271070
A19: ='Population Definitions'!$B$19 -> 60-69F | C19: Number | E19: 3383656 | F19: 3401176 | G19: 3404622.5 | H19: 3398463.5 | I19: 3396822.5 | J19: 3399025.5 | K19: 3396339.5 | L19: 3392327.5 | M19: 3404872 | N19: 3433560 | O19: 3455935.5 | P19: 3457080 | Q19: 3451975.5 | R19: 3449043.5 | S19: 3438584.5 | T19: 3414621.5 | U19: 3431932 | V19: 3491415.5 | W19: 3538023.5 | X19: 3565989 | Y19: 3577869 | Z19: 3596676 | AA19: 3626023 | AB19: 3657141 | AC19: 3701540 | AD19: 3765022 | AE19: 3796602 | AF19: 3794707 | AG19: 3796990 | AH19: 3817136.5 | AI19: 3861485.5 | AJ19: 3924297 | AK19: 4005812.5 | AL19: 4098023.5 | AM19: 4200657.5 | AN19: 4302674 | AO19: 4395968 | AP19: 4481187.5 | AQ19: 4557647.5 | AR19: 4623827 | AS19: 4671710.5 | AT19: 4703832.5 | AU19: 4724743.5 | AV19: 4730001 | AW19: 4714173.5 | AX19: 4680583.5 | AY19: 4631473.5 | AZ19: 4564928 | BA19: 4486308 | BB19: 4392146 | BC19: 4287630.5 | BD19: 4178168.5 | BE19: 4065428 | BF19: 3950766 | BG19: 3828828 | BH19: 3709801.5 | BI19: 3601993.5 | BJ19: 3507229.5 | BK19: 3430039 | BL19: 3368465 | BM19: 3318809 | BN19: 3275767.5 | BO19: 3235327.5 | BP19: 3196404 | BQ19: 3156894.5 | BR19: 3117554.5 | BS19: 3084047.5 | BT19: 3056179 | BU19: 3025903.5 | BV19: 2996411 | BW19: 2973056.5 | BX19: 2952670 | BY19: 2931227.5 | BZ19: 2915624.5 | CA19: 2911778 | CB19: 2912929.5 | CC19: 2915299.5 | CD19: 2918910.5 | CE19: 2923778 | CF19: 2927417.5 | CG19: 2924838 | CH19: 2916640 | CI19: 2906201 | CJ19: 2888521.5 | CK19: 2860965 | CL19: 2828148.5 | CM19: 2789836 | CN19: 2744207.5 | CO19: 2689404 | CP19: 2625957 | CQ19: 2560123 | CR19: 2498776 | CS19: 2442480.5 | CT19: 2392353 | CU19: 2348507 | CV19: 2309187 | CW19: 2275401 | CX19: 2247679.5 | CY19: 2227672 | CZ19: 2216279 | DA19: 2211245 | DB19: 2207610 | DC19: 2204646 | DD19: 2202863 | DE19: 2201801 | DF19: 2201264.5 | DG19: 2200734.5 | DH19: 2200131.5 | DI19: 2200122.5 | DJ19: 2200329.5 | DK19: 2199517
A20: ='Population Definitions'!$B$20 -> 70-79M | C20: Number | E20: 1494732.5 | F20: 1538941 | G20: 1578747.5 | H20: 1615150 | I20: 1656844 | J20: 1703300 | K20: 1766226 | L20: 1853011 | M20: 1949670 | N20: 2033375.5 | O20: 2090579.5 | P20: 2127712.5 | Q20: 2159875.5 | R20: 2192757 | S20: 2227460 | T20: 2264306 | U20: 2296778 | V20: 2327471 | W20: 2372277 | X20: 2429841.5 | Y20: 2482379.5 | Z20: 2517425 | AA20: 2538115.5 | AB20: 2551650.5 | AC20: 2558434 | AD20: 2552550.5 | AE20: 2580190.5 | AF20: 2641719.5 | AG20: 2689485.5 | AH20: 2723830 | AI20: 2738444 | AJ20: 2750637 | AK20: 2779640.5 | AL20: 2818990.5 | AM20: 2866940 | AN20: 2926589.5 | AO20: 2964081.5 | AP20: 2977556.5 | AQ20: 2993449.5 | AR20: 3022905.5 | AS20: 3072214.5 | AT20: 3137599 | AU20: 3217155 | AV20: 3304955 | AW20: 3406092.5 | AX20: 3510513 | AY20: 3606900 | AZ20: 3694729.5 | BA20: 3774460.5 | BB20: 3846256 | BC20: 3902839 | BD20: 3946463 | BE20: 3981546 | BF20: 4003089.5 | BG20: 4005862.5 | BH20: 3992715.5 | BI20: 3964776.5 | BJ20: 3922448.5 | BK20: 3870301 | BL20: 3803398 | BM20: 3727098 | BN20: 3645990.5 | BO20: 3560375 | BP20: 3473633.5 | BQ20: 3381308.5 | BR20: 3290695 | BS20: 3209490.5 | BT20: 3139878 | BU20: 3086028 | BV20: 3046087.5 | BW20: 3017148 | BX20: 2995470.5 | BY20: 2977357.5 | BZ20: 2960106.5 | CA20: 2942454 | CB20: 2927812.5 | CC20: 2920209.5 | CD20: 2918151.5 | CE20: 2915592.5 | CF20: 2912684 | CG20: 2909746.5 | CH20: 2903799.5 | CI20: 2892195.5 | CJ20: 2882643 | CK20: 2881260 | CL20: 2881598.5 | CM20: 2880904.5 | CN20: 2879035 | CO20: 2874536 | CP20: 2868657.5 | CQ20: 2860846 | CR20: 2850711.5 | CS20: 2840804 | CT20: 2825071 | CU20: 2800524 | CV20: 2770303.5 | CW20: 2733451 | CX20: 2690077 | CY20: 2639076 | CZ20: 2579156.5 | DA20: 2516096 | DB20: 2458111.5 | DC20: 2405623 | DD20: 2359345.5 | DE20: 2319086.5 | DF20: 2283418 | DG20: 2253671 | DH20: 2229673 | DI20: 2212750.5 | DJ20: 2204729.5 | DK20: 2202874
A21: ='Population Definitions'!$B$21 -> 70-79F | C21: Number | E21: 2143711.5 | F21: 2201304 | G21: 2257429.5 | H21: 2307484.5 | I21: 2356668.5 | J21: 2410069 | K21: 2489365.5 | L21: 2605714 | M21: 2737644.5 | N21: 2849841 | O21: 2912394 | P21: 2936154 | Q21: 2950126 | R21: 2961218 | S21: 2974961.5 | T21: 2992878.5 | U21: 3005151.5 | V21: 3016199.5 | W21: 3042596.5 | X21: 3082896.5 | Y21: 3117136 | Z21: 3132407 | AA21: 3134937.5 | AB21: 3132047.5 | AC21: 3121644.5 | AD21: 3096555.5 | AE21: 3109791 | AF21: 3162189.5 | AG21: 3200429 | AH21: 3224465.5 | AI21: 3232216 | AJ21: 3242714.5 | AK21: 3270104 | AL21: 3306519.5 | AM21: 3356088 | AN21: 3423112 | AO21: 3462427.5 | AP21: 3472476.5 | AQ21: 3485616 | AR21: 3513228 | AS21: 3562881 | AT21: 3630549 | AU21: 3713524.5 | AV21: 3804704 | AW21: 3906158.5 | AX21: 4007322.5 | AY21: 4100012.5 | AZ21: 4184890.5 | BA21: 4261192.5 | BB21: 4327836 | BC21: 4377354 | BD21: 4412125 | BE21: 4436557 | BF21: 4446392 | BG21: 4437007 | BH21: 4411059.5 | BI21: 4369923.5 | BJ21: 4311988.5 | BK21: 4242343 | BL21: 4157729 | BM21: 4062993.5 | BN21: 3963464.5 | BO21: 3860842.5 | BP21: 3756265 | BQ21: 3644865.5 | BR21: 3536238 | BS21: 3437963.5 | BT21: 3351737 | BU21: 3282109.5 | BV21: 3227183.5 | BW21: 3183316 | BX21: 3145552 | BY21: 3110180 | BZ21: 3076076.5 | CA21: 3041136.5 | CB21: 3006186 | CC21: 2976659.5 | CD21: 2952434 | CE21: 2925925 | CF21: 2900173 | CG21: 2880331.5 | CH21: 2863338 | CI21: 2845276.5 | CJ21: 2832801 | CK21: 2831569.5 | CL21: 2835055 | CM21: 2839655.5 | CN21: 2845462 | CO21: 2852454.5 | CP21: 2858199.5 | CQ21: 2857829 | CR21: 2851866 | CS21: 2843577.5 | CT21: 2828124 | CU21: 2802972.5 | CV21: 2772586 | CW21: 2736741.5 | CX21: 2693675 | CY21: 2641551 | CZ21: 2580888 | DA21: 2517816.5 | DB21: 2459101 | DC21: 2405296.5 | DD21: 2357481.5 | DE21: 2315757.5 | DF21: 2278438.5 | DG21: 2246510.5 | DH21: 2220507.5 | DI21: 2202035 | DJ21: 2191949.5 | DK21: 2188071.5
A22: ='Population Definitions'!$B$22 -> 80-89M | C22: Number | E22: 564556.5 | F22: 595698 | G22: 627773.5 | H22: 662519.5 | I22: 692353.5 | J22: 715246 | K22: 720563 | L22: 702057 | M22: 669783.5 | N22: 645490 | O22: 657671.5 | P22: 695120 | Q22: 731456 | R22: 766251.5 | S22: 804663 | T22: 845691 | U22: 890028 | V22: 941399.5 | W22: 993375.5 | X22: 1040419.5 | Y22: 1083906.5 | Z22: 1121515.5 | AA22: 1151173 | AB22: 1181343 | AC22: 1216787 | AD22: 1251866 | AE22: 1283529 | AF22: 1315714 | AG22: 1358745.5 | AH22: 1411727 | AI22: 1453546.5 | AJ22: 1476515 | AK22: 1495216 | AL22: 1514957 | AM22: 1530775 | AN22: 1539650 | AO22: 1574026.5 | AP22: 1634552.5 | AQ22: 1689080 | AR22: 1733965 | AS22: 1769305 | AT22: 1801945 | AU22: 1833275.5 | AV22: 1865000.5 | AW22: 1902044.5 | AX22: 1945432 | AY22: 1978952.5 | AZ22: 2003268.5 | BA22: 2030359.5 | BB22: 2067125.5 | BC22: 2117019 | BD22: 2176814 | BE22: 2244957 | BF22: 2318770.5 | BG22: 2404151.5 | BH22: 2492650.5 | BI22: 2573906 | BJ22: 2647597.5 | BK22: 2713689.5 | BL22: 2773834 | BM22: 2822890.5 | BN22: 2862282 | BO22: 2896064.5 | BP22: 2920537 | BQ22: 2934362.5 | BR22: 2937921.5 | BS22: 2928559 | BT22: 2906948 | BU22: 2876840 | BV22: 2835357 | BW22: 2786252.5 | BX22: 2733514.5 | BY22: 2678698.5 | BZ22: 2623893.5 | CA22: 2566265 | CB22: 2511032 | CC22: 2462122.5 | CD22: 2421055 | CE22: 2392291 | CF22: 2373740 | CG22: 2362703.5 | CH22: 2356847.5 | CI22: 2353678.5 | CJ22: 2350520.5 | CK22: 2345670.5 | CL22: 2342716.5 | CM22: 2344922.5 | CN22: 2351301.5 | CO22: 2358122 | CP22: 2365015 | CQ22: 2371924 | CR22: 2376257 | CS22: 2375513 | CT22: 2375982.5 | CU22: 2382526.5 | CV22: 2390390.5 | CW22: 2397425.5 | CX22: 2403793 | CY22: 2408555.5 | CZ22: 2412462 | DA22: 2414647.5 | DB22: 2414055 | DC22: 2412366.5 | DD22: 2405011 | DE22: 2389988 | DF22: 2370026 | DG22: 2344228.5 | DH22: 2312932 | DI22: 2275115.5 | DJ22: 2229453 | DK22: 2181120.5
A23: ='Population Definitions'!$B$23 -> 80-89F | C23: Number | E23: 1124661.5 | F23: 1178456.5 | G23: 1233093.5 | H23: 1291915 | I23: 1345088.5 | J23: 1388560.5 | K23: 1402774 | L23: 1375006.5 | M23: 1322704.5 | N23: 1282804.5 | O23: 1302841 | P23: 1365602.5 | Q23: 1427448.5 | R23: 1483116.5 | S23: 1539937 | T23: 1600452 | U23: 1669572.5 | V23: 1752296.5 | W23: 1835349.5 | X23: 1904706.5 | Y23: 1954425.5 | Z23: 1986634 | AA23: 2005663 | AB23: 2022990.5 | AC23: 2046083.5 | AD23: 2066752 | AE23: 2081800 | AF23: 2097384 | AG23: 2125766.5 | AH23: 2167611.5 | AI23: 2198030.5 | AJ23: 2209737 | AK23: 2217777.5 | AL23: 2226103.5 | AM23: 2228881.5 | AN23: 2221611.5 | AO23: 2246907 | AP23: 2305367 | AQ23: 2356642.5 | AR23: 2396851 | AS23: 2426145.5 | AT23: 2455850 | AU23: 2488615.5 | AV23: 2523118.5 | AW23: 2566798 | AX23: 2621670 | AY23: 2660233.5 | AZ23: 2683252 | BA23: 2709747.5 | BB23: 2747835 | BC23: 2802429.5 | BD23: 2870146.5 | BE23: 2948679.5 | BF23: 3033479.5 | BG23: 3128312 | BH23: 3223687.5 | BI23: 3310740 | BJ23: 3390616 | BK23: 3462267.5 | BL23: 3525597 | BM23: 3574873 | BN23: 3612215 | BO23: 3641196.5 | BP23: 3658282.5 | BQ23: 3662204.5 | BR23: 3653464.5 | BS23: 3630558 | BT23: 3592363.5 | BU23: 3543296 | BV23: 3481352 | BW23: 3410056.5 | BX23: 3334554.5 | BY23: 3257357.5 | BZ23: 3178997.5 | CA23: 3096107.5 | CB23: 3016290.5 | CC23: 2944301 | CD23: 2881610.5 | CE23: 2833010 | CF23: 2796335.5 | CG23: 2768047 | CH23: 2744534 | CI23: 2723196.5 | CJ23: 2702409.5 | CK23: 2679704.5 | CL23: 2656442.5 | CM23: 2637372.5 | CN23: 2622678 | CO23: 2606462 | CP23: 2591292.5 | CQ23: 2581504.5 | CR23: 2574240 | CS23: 2565978 | CT23: 2562579.5 | CU23: 2568788.5 | CV23: 2578666 | CW23: 2589300.5 | CX23: 2601001.5 | CY23: 2613698.5 | CZ23: 2625241 | DA23: 2631218 | DB23: 2631782.5 | DC23: 2629574 | DD23: 2620322.5 | DE23: 2601929 | DF23: 2578487 | DG23: 2549747.5 | DH23: 2514312.5 | DI23: 2470427 | DJ23: 2418353 | DK23: 2363885
A24: ='Population Definitions'!$B$24 -> 90+M | C24: Number | E24: 46409.5 | F24: 48864 | G24: 51719.5 | H24: 54679 | I24: 57428 | J24: 61147.5 | K24: 65802 | L24: 70439.5 | M24: 75485 | N24: 81766.5 | O24: 89065.5 | P24: 96220.5 | Q24: 103759.5 | R24: 111086 | S24: 117942 | T24: 123632.5 | U24: 124293.5 | V24: 119139 | W24: 111044.5 | X24: 107026 | Y24: 114622 | Z24: 129028.5 | AA24: 141757.5 | AB24: 154024 | AC24: 166521.5 | AD24: 176535.5 | AE24: 185332.5 | AF24: 193744 | AG24: 201763.5 | AH24: 211014 | AI24: 223694.5 | AJ24: 238750 | AK24: 251492 | AL24: 263093 | AM24: 275502.5 | AN24: 288684.5 | AO24: 300556 | AP24: 312794 | AQ24: 329663 | AR24: 349137.5 | AS24: 367975.5 | AT24: 380415 | AU24: 386603.5 | AV24: 392183 | AW24: 397514 | AX24: 401300.5 | AY24: 416821 | AZ24: 444061 | BA24: 469795 | BB24: 491491 | BC24: 507971 | BD24: 520114.5 | BE24: 529026.5 | BF24: 538400.5 | BG24: 550757.5 | BH24: 565883 | BI24: 582304.5 | BJ24: 600207.5 | BK24: 618860.5 | BL24: 640314 | BM24: 665410 | BN24: 692696 | BO24: 721847 | BP24: 753164.5 | BQ24: 790673.5 | BR24: 829521.5 | BS24: 863552.5 | BT24: 893281 | BU24: 918786.5 | BV24: 942607 | BW24: 962962 | BX24: 980363 | BY24: 997209 | BZ24: 1011905.5 | CA24: 1026303.5 | CB24: 1037991 | CC24: 1042299.5 | CD24: 1040028.5 | CE24: 1033773 | CF24: 1023561 | CG24: 1010453 | CH24: 997203 | CI24: 985871.5 | CJ24: 976174.5 | CK24: 967051 | CL24: 959659.5 | CM24: 953120.5 | CN24: 948420 | CO24: 949219.5 | CP24: 953438 | CQ24: 959617 | CR24: 967598 | CS24: 976802 | CT24: 985163 | CU24: 991029.5 | CV24: 997586.5 | CW24: 1006129.5 | CX24: 1016901 | CY24: 1030212.5 | CZ24: 1044480.5 | DA24: 1058733 | DB24: 1071226 | DC24: 1080284.5 | DD24: 1089271 | DE24: 1100387.5 | DF24: 1112559 | DG24: 1125474 | DH24: 1139455.5 | DI24: 1154027.5 | DJ24: 1168460 | DK24: 1181492
A25: ='Population Definitions'!$B$25 -> 90+F | C25: Number | E25: 140099.5 | F25: 148091 | G25: 157749.5 | H25: 168054 | I25: 178844.5 | J25: 191621.5 | K25: 206194 | L25: 220890.5 | M25: 236317 | N25: 253446.5 | O25: 272676 | P25: 292672.5 | Q25: 312899.5 | R25: 331451 | S25: 350256.5 | T25: 366994.5 | U25: 370383.5 | V25: 358659 | W25: 339109.5 | X25: 328701 | Y25: 347102 | Z25: 383369 | AA25: 415559 | AB25: 446279 | AC25: 476947.5 | AD25: 499782.5 | AE25: 519268 | AF25: 537308 | AG25: 551441 | AH25: 566497.5 | AI25: 582716.5 | AJ25: 598618 | AK25: 612101.5 | AL25: 624602 | AM25: 638014 | AN25: 652942 | AO25: 666063.5 | AP25: 679723 | AQ25: 700860 | AR25: 726665 | AS25: 752406.5 | AT25: 768678 | AU25: 774509 | AV25: 779077 | AW25: 782386 | AX25: 782367 | AY25: 801269.5 | AZ25: 839305 | BA25: 876290.5 | BB25: 908302.5 | BC25: 932899 | BD25: 951627 | BE25: 965905 | BF25: 980528.5 | BG25: 999936.5 | BH25: 1023970.5 | BI25: 1049391.5 | BJ25: 1077094 | BK25: 1106306.5 | BL25: 1139307 | BM25: 1177516.5 | BN25: 1219611 | BO25: 1264388.5 | BP25: 1311827 | BQ25: 1367233.5 | BR25: 1423890 | BS25: 1474075.5 | BT25: 1519219 | BU25: 1558599 | BV25: 1594594 | BW25: 1624706.5 | BX25: 1650086 | BY25: 1673271.5 | BZ25: 1692585 | CA25: 1711319.5 | CB25: 1725349.5 | CC25: 1728515 | CD25: 1721857 | CE25: 1708450.5 | CF25: 1688609 | CG25: 1663408 | CH25: 1637548.5 | CI25: 1614625 | CJ25: 1593101 | CK25: 1572096 | CL25: 1553800.5 | CM25: 1536585 | CN25: 1521734 | CO25: 1514183.5 | CP25: 1511527.5 | CQ25: 1510863 | CR25: 1512117 | CS25: 1515573.5 | CT25: 1518368.5 | CU25: 1517799 | CV25: 1516339 | CW25: 1516485.5 | CX25: 1519305 | CY25: 1524359.5 | CZ25: 1532216 | DA25: 1544212.5 | DB25: 1558134.5 | DC25: 1571404 | DD25: 1586529.5 | DE25: 1605157 | DF25: 1624829.5 | DG25: 1645042.5 | DH25: 1667039 | DI25: 1690351 | DJ25: 1713129 | DK25: 1733096.5
A27: Estimated Annual Livebirths | B27: Provenance | C27: Units | D27: Uncertainty | E27: Constant | G27: 1990 | H27: 1991 | I27: 1992 | J27: 1993 | K27: 1994 | L27: 1995 | M27: 1996 | N27: 1997 | O27: 1998 | P27: 1999 | Q27: 2000 | R27: 2001 | S27: 2002 | T27: 2003 | U27: 2004 | V27: 2005 | W27: 2006 | X27: 2007 | Y27: 2008 | Z27: 2009 | AA27: 2010 | AB27: 2011 | AC27: 2012 | AD27: 2013 | AE27: 2014 | AF27: 2015 | AG27: 2016 | AH27: 2017 | AI27: 2018 | AJ27: 2019 | AK27: 2020 | AL27: 2021 | AM27: 2022 | AN27: 2023 | AO27: 2024 | AP27: 2025 | AQ27: 2026 | AR27: 2027 | AS27: 2028 | AT27: 2029 | AU27: 2030 | AV27: 2031 | AW27: 2032 | AX27: 2033 | AY27: 2034 | AZ27: 2035 | BA27: 2036 | BB27: 2037 | BC27: 2038 | BD27: 2039 | BE27: 2040 | BF27: 2041 | BG27: 2042 | BH27: 2043 | BI27: 2044 | BJ27: 2045 | BK27: 2046 | BL27: 2047 | BM27: 2048 | BN27: 2049 | BO27: 2050 | BP27: 2051 | BQ27: 2052 | BR27: 2053 | BS27: 2054 | BT27: 2055 | BU27: 2056 | BV27: 2057 | BW27: 2058 | BX27: 2059 | BY27: 2060 | BZ27: 2061 | CA27: 2062 | CB27: 2063 | CC27: 2064 | CD27: 2065 | CE27: 2066 | CF27: 2067 | CG27: 2068 | CH27: 2069 | CI27: 2070 | CJ27: 2071 | CK27: 2072 | CL27: 2073 | CM27: 2074 | CN27: 2075 | CO27: 2076 | CP27: 2077 | CQ27: 2078 | CR27: 2079 | CS27: 2080 | CT27: 2081 | CU27: 2082 | CV27: 2083 | CW27: 2084 | CX27: 2085 | CY27: 2086 | CZ27: 2087 | DA27: 2088 | DB27: 2089 | DC27: 2090 | DD27: 2091 | DE27: 2092 | DF27: 2093 | DG27: 2094 | DH27: 2095 | DI27: 2096 | DJ27: 2097 | DK27: 2098 | DL27: 2099 | DM27: 2100
A28: ='Population Definitions'!$B$2 -> 0-0M | C28: Number | F28: OR | G28: 292522.8 | H28: 289133.94 | I28: 292343.27 | J28: 283202.04 | K28: 276069.75 | L28: 270843.16 | M28: 271967.75 | N28: 274587.42 | O28: 273954.22 | P28: 276898.93 | Q28: 278724.53 | R28: 274683.64 | S28: 275225.95 | T28: 277370.78 | U28: 286754.33 | V28: 286582.52 | W28: 288482.64 | X28: 289163.94 | Y28: 295223.65 | Z28: 293264.44 | AA28: 289775.7 | AB28: 282101.35 | AC28: 274568.99 | AD28: 262604.12 | AE28: 254621.87 | AF28: 246127.24 | AG28: 239257.45 | AH28: 231877.8 | AI28: 222221.3 | AJ28: 215045.41 | AK28: 210922.04 | AL28: 211125.72 | AM28: 209488.1 | AN28: 208940.85 | AO28: 207667.89 | AP28: 207132.99 | AQ28: 206516.32 | AR28: 206790.16 | AS28: 205191.34 | AT28: 204890.59 | AU28: 205522.41 | AV28: 205170.26 | AW28: 206075.57 | AX28: 205859.14 | AY28: 205906.44 | AZ28: 205302.38 | BA28: 204842.27 | BB28: 204939.95 | BC28: 204945.6 | BD28: 203590.97 | BE28: 203166.85 | BF28: 201612.23 | BG28: 200176.38 | BH28: 199234.05 | BI28: 196341.25 | BJ28: 194485.38 | BK28: 192156.04 | BL28: 189984.52 | BM28: 186903.05 | BN28: 184029.79 | BO28: 180432.7 | BP28: 178075.59 | BQ28: 175246.03 | BR28: 173147.51 | BS28: 170334.92 | BT28: 168861.02 | BU28: 166687.44 | BV28: 165222.28 | BW28: 164186.38 | BX28: 163373.09 | BY28: 163298.03 | BZ28: 162740.24 | CA28: 161961.4 | CB28: 162040.57 | CC28: 161655.51 | CD28: 161297.19 | CE28: 161178.95 | CF28: 160672.57 | CG28: 161196.94 | CH28: 160400.61 | CI28: 160412.95 | CJ28: 160187.78 | CK28: 159636.67 | CL28: 158810.02 | CM28: 158674.81 | CN28: 158302.09 | CO28: 156411.27 | CP28: 155665.32 | CQ28: 154274.7 | CR28: 153764.72 | CS28: 152551.47 | CT28: 150705.88 | CU28: 149509.07 | CV28: 148573.43 | CW28: 147405.41 | CX28: 145438.5 | CY28: 144303.39 | CZ28: 142673.2 | DA28: 141453.26 | DB28: 140294.5 | DC28: 139402.04 | DD28: 138340.95 | DE28: 137041.85 | DF28: 136707.17 | DG28: 135882.06 | DH28: 135409.61 | DI28: 135084.19 | DJ28: 134881.12 | DK28: 134727.92 | DL28: 134781.39 | DM28: 134377.31
A29: ='Population Definitions'!$B$3 -> 0-0F | C29: Number | F29: OR | G29: 275445.2 | H29: 271998.06 | I29: 274500.73 | J29: 265667.96 | K29: 258977.25 | L29: 254551.84 | M29: 255849.25 | N29: 258800.58 | O29: 258203.78 | P29: 261472.07 | Q29: 262452.47 | R29: 259625.36 | S29: 260384.05 | T29: 262413.22 | U29: 271547.67 | V29: 269344.48 | W29: 271385.36 | X29: 272539.06 | Y29: 279303.35 | Z29: 276664.56 | AA29: 273373.3 | AB29: 266384.65 | AC29: 259517.01 | AD29: 248442.88 | AE29: 240436.13 | AF29: 232414.76 | AG29: 226569.55 | AH29: 218959.2 | AI29: 209840.7 | AJ29: 203064.59 | AK29: 199170.96 | AL29: 199363.28 | AM29: 197816.9 | AN29: 197300.15 | AO29: 196098.11 | AP29: 195593.01 | AQ29: 195010.68 | AR29: 195453.84 | AS29: 193942.66 | AT29: 193658.41 | AU29: 194255.59 | AV29: 193922.74 | AW29: 194778.43 | AX29: 194573.86 | AY29: 194618.56 | AZ29: 194047.62 | BA29: 193612.73 | BB29: 193705.05 | BC29: 193710.4 | BD29: 192430.03 | BE29: 192029.15 | BF29: 190559.77 | BG29: 189202.62 | BH29: 188311.95 | BI29: 185577.75 | BJ29: 183823.62 | BK29: 181621.96 | BL29: 179569.48 | BM29: 176656.95 | BN29: 173941.21 | BO29: 170541.3 | BP29: 168313.41 | BQ29: 165638.97 | BR29: 163655.49 | BS29: 160997.08 | BT29: 159603.98 | BU29: 157549.56 | BV29: 156164.72 | BW29: 155185.62 | BX29: 154416.91 | BY29: 154345.97 | BZ29: 153818.76 | CA29: 153082.6 | CB29: 153157.43 | CC29: 152793.49 | CD29: 152454.81 | CE29: 152343.05 | CF29: 151864.43 | CG29: 152360.06 | CH29: 151607.39 | CI29: 151619.05 | CJ29: 151406.22 | CK29: 150885.33 | CL29: 150103.98 | CM29: 149976.19 | CN29: 149623.91 | CO29: 147836.73 | CP29: 147131.68 | CQ29: 145817.3 | CR29: 145335.28 | CS29: 144188.53 | CT29: 142444.12 | CU29: 141312.93 | CV29: 140428.57 | CW29: 139324.59 | CX29: 137465.5 | CY29: 136392.61 | CZ29: 134851.8 | DA29: 133698.74 | DB29: 132603.5 | DC29: 131759.96 | DD29: 130757.05 | DE29: 129529.15 | DF29: 129212.83 | DG29: 128432.94 | DH29: 127986.39 | DI29: 127678.81 | DJ29: 127486.88 | DK29: 127342.08 | DL29: 127392.61 | DM29: 127010.69
A30: ='Population Definitions'!$B$4 -> 1-4M | C30: Number | F30: OR | G30: 0 | H30: 0 | I30: 0 | J30: 0 | K30: 0 | L30: 0 | M30: 0 | N30: 0 | O30: 0 | P30: 0 | Q30: 0 | R30: 0 | S30: 0 | T30: 0 | U30: 0 | V30: 0 | W30: 0 | X30: 0 | Y30: 0 | Z30: 0 | AA30: 0 | AB30: 0 | AC30: 0 | AD30: 0 | AE30: 0 | AF30: 0 | AG30: 0 | AH30: 0 | AI30: 0 | AJ30: 0 | AK30: 0 | AL30: 0 | AM30: 0 | AN30: 0 | AO30: 0 | AP30: 0 | AQ30: 0 | AR30: 0 | AS30: 0 | AT30: 0 | AU30: 0 | AV30: 0 | AW30: 0 | AX30: 0 | AY30: 0 | AZ30: 0 | BA30: 0 | BB30: 0 | BC30: 0 | BD30: 0 | BE30: 0 | BF30: 0 | BG30: 0 | BH30: 0 | BI30: 0 | BJ30: 0 | BK30: 0 | BL30: 0 | BM30: 0 | BN30: 0 | BO30: 0 | BP30: 0 | BQ30: 0 | BR30: 0 | BS30: 0 | BT30: 0 | BU30: 0 | BV30: 0 | BW30: 0 | BX30: 0 | BY30: 0 | BZ30: 0 | CA30: 0 | CB30: 0 | CC30: 0 | CD30: 0 | CE30: 0 | CF30: 0 | CG30: 0 | CH30: 0 | CI30: 0 | CJ30: 0 | CK30: 0 | CL30: 0 | CM30: 0 | CN30: 0 | CO30: 0 | CP30: 0 | CQ30: 0 | CR30: 0 | CS30: 0 | CT30: 0 | CU30: 0 | CV30: 0 | CW30: 0 | CX30: 0 | CY30: 0 | CZ30: 0 | DA30: 0 | DB30: 0 | DC30: 0 | DD30: 0 | DE30: 0 | DF30: 0 | DG30: 0 | DH30: 0 | DI30: 0 | DJ30: 0 | DK30: 0 | DL30: 0 | DM30: 0
A31: ='Population Definitions'!$B$5 -> 1-4F | C31: Number | F31: OR | G31: 0 | H31: 0 | I31: 0 | J31: 0 | K31: 0 | L31: 0 | M31: 0 | N31: 0 | O31: 0 | P31: 0 | Q31: 0 | R31: 0 | S31: 0 | T31: 0 | U31: 0 | V31: 0 | W31: 0 | X31: 0 | Y31: 0 | Z31: 0 | AA31: 0 | AB31: 0 | AC31: 0 | AD31: 0 | AE31: 0 | AF31: 0 | AG31: 0 | AH31: 0 | AI31: 0 | AJ31: 0 | AK31: 0 | AL31: 0 | AM31: 0 | AN31: 0 | AO31: 0 | AP31: 0 | AQ31: 0 | AR31: 0 | AS31: 0 | AT31: 0 | AU31: 0 | AV31: 0 | AW31: 0 | AX31: 0 | AY31: 0 | AZ31: 0 | BA31: 0 | BB31: 0 | BC31: 0 | BD31: 0 | BE31: 0 | BF31: 0 | BG31: 0 | BH31: 0 | BI31: 0 | BJ31: 0 | BK31: 0 | BL31: 0 | BM31: 0 | BN31: 0 | BO31: 0 | BP31: 0 | BQ31: 0 | BR31: 0 | BS31: 0 | BT31: 0 | BU31: 0 | BV31: 0 | BW31: 0 | BX31: 0 | BY31: 0 | BZ31: 0 | CA31: 0 | CB31: 0 | CC31: 0 | CD31: 0 | CE31: 0 | CF31: 0 | CG31: 0 | CH31: 0 | CI31: 0 | CJ31: 0 | CK31: 0 | CL31: 0 | CM31: 0 | CN31: 0 | CO31: 0 | CP31: 0 | CQ31: 0 | CR31: 0 | CS31: 0 | CT31: 0 | CU31: 0 | CV31: 0 | CW31: 0 | CX31: 0 | CY31: 0 | CZ31: 0 | DA31: 0 | DB31: 0 | DC31: 0 | DD31: 0 | DE31: 0 | DF31: 0 | DG31: 0 | DH31: 0 | DI31: 0 | DJ31: 0 | DK31: 0 | DL31: 0 | DM31: 0
A32: ='Population Definitions'!$B$6 -> 5-9M | C32: Number | F32: OR | G32: 0 | H32: 0 | I32: 0 | J32: 0 | K32: 0 | L32: 0 | M32: 0 | N32: 0 | O32: 0 | P32: 0 | Q32: 0 | R32: 0 | S32: 0 | T32: 0 | U32: 0 | V32: 0 | W32: 0 | X32: 0 | Y32: 0 | Z32: 0 | AA32: 0 | AB32: 0 | AC32: 0 | AD32: 0 | AE32: 0 | AF32: 0 | AG32: 0 | AH32: 0 | AI32: 0 | AJ32: 0 | AK32: 0 | AL32: 0 | AM32: 0 | AN32: 0 | AO32: 0 | AP32: 0 | AQ32: 0 | AR32: 0 | AS32: 0 | AT32: 0 | AU32: 0 | AV32: 0 | AW32: 0 | AX32: 0 | AY32: 0 | AZ32: 0 | BA32: 0 | BB32: 0 | BC32: 0 | BD32: 0 | BE32: 0 | BF32: 0 | BG32: 0 | BH32: 0 | BI32: 0 | BJ32: 0 | BK32: 0 | BL32: 0 | BM32: 0 | BN32: 0 | BO32: 0 | BP32: 0 | BQ32: 0 | BR32: 0 | BS32: 0 | BT32: 0 | BU32: 0 | BV32: 0 | BW32: 0 | BX32: 0 | BY32: 0 | BZ32: 0 | CA32: 0 | CB32: 0 | CC32: 0 | CD32: 0 | CE32: 0 | CF32: 0 | CG32: 0 | CH32: 0 | CI32: 0 | CJ32: 0 | CK32: 0 | CL32: 0 | CM32: 0 | CN32: 0 | CO32: 0 | CP32: 0 | CQ32: 0 | CR32: 0 | CS32: 0 | CT32: 0 | CU32: 0 | CV32: 0 | CW32: 0 | CX32: 0 | CY32: 0 | CZ32: 0 | DA32: 0 | DB32: 0 | DC32: 0 | DD32: 0 | DE32: 0 | DF32: 0 | DG32: 0 | DH32: 0 | DI32: 0 | DJ32: 0 | DK32: 0 | DL32: 0 | DM32: 0
A33: ='Population Definitions'!$B$7 -> 5-9F | C33: Number | F33: OR | G33: 0 | H33: 0 | I33: 0 | J33: 0 | K33: 0 | L33: 0 | M33: 0 | N33: 0 | O33: 0 | P33: 0 | Q33: 0 | R33: 0 | S33: 0 | T33: 0 | U33: 0 | V33: 0 | W33: 0 | X33: 0 | Y33: 0 | Z33: 0 | AA33: 0 | AB33: 0 | AC33: 0 | AD33: 0 | AE33: 0 | AF33: 0 | AG33: 0 | AH33: 0 | AI33: 0 | AJ33: 0 | AK33: 0 | AL33: 0 | AM33: 0 | AN33: 0 | AO33: 0 | AP33: 0 | AQ33: 0 | AR33: 0 | AS33: 0 | AT33: 0 | AU33: 0 | AV33: 0 | AW33: 0 | AX33: 0 | AY33: 0 | AZ33: 0 | BA33: 0 | BB33: 0 | BC33: 0 | BD33: 0 | BE33: 0 | BF33: 0 | BG33: 0 | BH33: 0 | BI33: 0 | BJ33: 0 | BK33: 0 | BL33: 0 | BM33: 0 | BN33: 0 | BO33: 0 | BP33: 0 | BQ33: 0 | BR33: 0 | BS33: 0 | BT33: 0 | BU33: 0 | BV33: 0 | BW33: 0 | BX33: 0 | BY33: 0 | BZ33: 0 | CA33: 0 | CB33: 0 | CC33: 0 | CD33: 0 | CE33: 0 | CF33: 0 | CG33: 0 | CH33: 0 | CI33: 0 | CJ33: 0 | CK33: 0 | CL33: 0 | CM33: 0 | CN33: 0 | CO33: 0 | CP33: 0 | CQ33: 0 | CR33: 0 | CS33: 0 | CT33: 0 | CU33: 0 | CV33: 0 | CW33: 0 | CX33: 0 | CY33: 0 | CZ33: 0 | DA33: 0 | DB33: 0 | DC33: 0 | DD33: 0 | DE33: 0 | DF33: 0 | DG33: 0 | DH33: 0 | DI33: 0 | DJ33: 0 | DK33: 0 | DL33: 0 | DM33: 0
A34: ='Population Definitions'!$B$8 -> 10-19M | C34: Number | F34: OR | G34: 0 | H34: 0 | I34: 0 | J34: 0 | K34: 0 | L34: 0 | M34: 0 | N34: 0 | O34: 0 | P34: 0 | Q34: 0 | R34: 0 | S34: 0 | T34: 0 | U34: 0 | V34: 0 | W34: 0 | X34: 0 | Y34: 0 | Z34: 0 | AA34: 0 | AB34: 0 | AC34: 0 | AD34: 0 | AE34: 0 | AF34: 0 | AG34: 0 | AH34: 0 | AI34: 0 | AJ34: 0 | AK34: 0 | AL34: 0 | AM34: 0 | AN34: 0 | AO34: 0 | AP34: 0 | AQ34: 0 | AR34: 0 | AS34: 0 | AT34: 0 | AU34: 0 | AV34: 0 | AW34: 0 | AX34: 0 | AY34: 0 | AZ34: 0 | BA34: 0 | BB34: 0 | BC34: 0 | BD34: 0 | BE34: 0 | BF34: 0 | BG34: 0 | BH34: 0 | BI34: 0 | BJ34: 0 | BK34: 0 | BL34: 0 | BM34: 0 | BN34: 0 | BO34: 0 | BP34: 0 | BQ34: 0 | BR34: 0 | BS34: 0 | BT34: 0 | BU34: 0 | BV34: 0 | BW34: 0 | BX34: 0 | BY34: 0 | BZ34: 0 | CA34: 0 | CB34: 0 | CC34: 0 | CD34: 0 | CE34: 0 | CF34: 0 | CG34: 0 | CH34: 0 | CI34: 0 | CJ34: 0 | CK34: 0 | CL34: 0 | CM34: 0 | CN34: 0 | CO34: 0 | CP34: 0 | CQ34: 0 | CR34: 0 | CS34: 0 | CT34: 0 | CU34: 0 | CV34: 0 | CW34: 0 | CX34: 0 | CY34: 0 | CZ34: 0 | DA34: 0 | DB34: 0 | DC34: 0 | DD34: 0 | DE34: 0 | DF34: 0 | DG34: 0 | DH34: 0 | DI34: 0 | DJ34: 0 | DK34: 0 | DL34: 0 | DM34: 0
A35: ='Population Definitions'!$B$9 -> 10-19F | C35: Number | F35: OR | G35: 0 | H35: 0 | I35: 0 | J35: 0 | K35: 0 | L35: 0 | M35: 0 | N35: 0 | O35: 0 | P35: 0 | Q35: 0 | R35: 0 | S35: 0 | T35: 0 | U35: 0 | V35: 0 | W35: 0 | X35: 0 | Y35: 0 | Z35: 0 | AA35: 0 | AB35: 0 | AC35: 0 | AD35: 0 | AE35: 0 | AF35: 0 | AG35: 0 | AH35: 0 | AI35: 0 | AJ35: 0 | AK35: 0 | AL35: 0 | AM35: 0 | AN35: 0 | AO35: 0 | AP35: 0 | AQ35: 0 | AR35: 0 | AS35: 0 | AT35: 0 | AU35: 0 | AV35: 0 | AW35: 0 | AX35: 0 | AY35: 0 | AZ35: 0 | BA35: 0 | BB35: 0 | BC35: 0 | BD35: 0 | BE35: 0 | BF35: 0 | BG35: 0 | BH35: 0 | BI35: 0 | BJ35: 0 | BK35: 0 | BL35: 0 | BM35: 0 | BN35: 0 | BO35: 0 | BP35: 0 | BQ35: 0 | BR35: 0 | BS35: 0 | BT35: 0 | BU35: 0 | BV35: 0 | BW35: 0 | BX35: 0 | BY35: 0 | BZ35: 0 | CA35: 0 | CB35: 0 | CC35: 0 | CD35: 0 | CE35: 0 | CF35: 0 | CG35: 0 | CH35: 0 | CI35: 0 | CJ35: 0 | CK35: 0 | CL35: 0 | CM35: 0 | CN35: 0 | CO35: 0 | CP35: 0 | CQ35: 0 | CR35: 0 | CS35: 0 | CT35: 0 | CU35: 0 | CV35: 0 | CW35: 0 | CX35: 0 | CY35: 0 | CZ35: 0 | DA35: 0 | DB35: 0 | DC35: 0 | DD35: 0 | DE35: 0 | DF35: 0 | DG35: 0 | DH35: 0 | DI35: 0 | DJ35: 0 | DK35: 0 | DL35: 0 | DM35: 0
A36: ='Population Definitions'!$B$10 -> 20-29M | C36: Number | F36: OR | G36: 0 | H36: 0 | I36: 0 | J36: 0 | K36: 0 | L36: 0 | M36: 0 | N36: 0 | O36: 0 | P36: 0 | Q36: 0 | R36: 0 | S36: 0 | T36: 0 | U36: 0 | V36: 0 | W36: 0 | X36: 0 | Y36: 0 | Z36: 0 | AA36: 0 | AB36: 0 | AC36: 0 | AD36: 0 | AE36: 0 | AF36: 0 | AG36: 0 | AH36: 0 | AI36: 0 | AJ36: 0 | AK36: 0 | AL36: 0 | AM36: 0 | AN36: 0 | AO36: 0 | AP36: 0 | AQ36: 0 | AR36: 0 | AS36: 0 | AT36: 0 | AU36: 0 | AV36: 0 | AW36: 0 | AX36: 0 | AY36: 0 | AZ36: 0 | BA36: 0 | BB36: 0 | BC36: 0 | BD36: 0 | BE36: 0 | BF36: 0 | BG36: 0 | BH36: 0 | BI36: 0 | BJ36: 0 | BK36: 0 | BL36: 0 | BM36: 0 | BN36: 0 | BO36: 0 | BP36: 0 | BQ36: 0 | BR36: 0 | BS36: 0 | BT36: 0 | BU36: 0 | BV36: 0 | BW36: 0 | BX36: 0 | BY36: 0 | BZ36: 0 | CA36: 0 | CB36: 0 | CC36: 0 | CD36: 0 | CE36: 0 | CF36: 0 | CG36: 0 | CH36: 0 | CI36: 0 | CJ36: 0 | CK36: 0 | CL36: 0 | CM36: 0 | CN36: 0 | CO36: 0 | CP36: 0 | CQ36: 0 | CR36: 0 | CS36: 0 | CT36: 0 | CU36: 0 | CV36: 0 | CW36: 0 | CX36: 0 | CY36: 0 | CZ36: 0 | DA36: 0 | DB36: 0 | DC36: 0 | DD36: 0 | DE36: 0 | DF36: 0 | DG36: 0 | DH36: 0 | DI36: 0 | DJ36: 0 | DK36: 0 | DL36: 0 | DM36: 0
A37: ='Population Definitions'!$B$11 -> 20-29F | C37: Number | F37: OR | G37: 0 | H37: 0 | I37: 0 | J37: 0 | K37: 0 | L37: 0 | M37: 0 | N37: 0 | O37: 0 | P37: 0 | Q37: 0 | R37: 0 | S37: 0 | T37: 0 | U37: 0 | V37: 0 | W37: 0 | X37: 0 | Y37: 0 | Z37: 0 | AA37: 0 | AB37: 0 | AC37: 0 | AD37: 0 | AE37: 0 | AF37: 0 | AG37: 0 | AH37: 0 | AI37: 0 | AJ37: 0 | AK37: 0 | AL37: 0 | AM37: 0 | AN37: 0 | AO37: 0 | AP37: 0 | AQ37: 0 | AR37: 0 | AS37: 0 | AT37: 0 | AU37: 0 | AV37: 0 | AW37: 0 | AX37: 0 | AY37: 0 | AZ37: 0 | BA37: 0 | BB37: 0 | BC37: 0 | BD37: 0 | BE37: 0 | BF37: 0 | BG37: 0 | BH37: 0 | BI37: 0 | BJ37: 0 | BK37: 0 | BL37: 0 | BM37: 0 | BN37: 0 | BO37: 0 | BP37: 0 | BQ37: 0 | BR37: 0 | BS37: 0 | BT37: 0 | BU37: 0 | BV37: 0 | BW37: 0 | BX37: 0 | BY37: 0 | BZ37: 0 | CA37: 0 | CB37: 0 | CC37: 0 | CD37: 0 | CE37: 0 | CF37: 0 | CG37: 0 | CH37: 0 | CI37: 0 | CJ37: 0 | CK37: 0 | CL37: 0 | CM37: 0 | CN37: 0 | CO37: 0 | CP37: 0 | CQ37: 0 | CR37: 0 | CS37: 0 | CT37: 0 | CU37: 0 | CV37: 0 | CW37: 0 | CX37: 0 | CY37: 0 | CZ37: 0 | DA37: 0 | DB37: 0 | DC37: 0 | DD37: 0 | DE37: 0 | DF37: 0 | DG37: 0 | DH37: 0 | DI37: 0 | DJ37: 0 | DK37: 0 | DL37: 0 | DM37: 0
A38: ='Population Definitions'!$B$12 -> 30-39M | C38: Number | F38: OR | G38: 0 | H38: 0 | I38: 0 | J38: 0 | K38: 0 | L38: 0 | M38: 0 | N38: 0 | O38: 0 | P38: 0 | Q38: 0 | R38: 0 | S38: 0 | T38: 0 | U38: 0 | V38: 0 | W38: 0 | X38: 0 | Y38: 0 | Z38: 0 | AA38: 0 | AB38: 0 | AC38: 0 | AD38: 0 | AE38: 0 | AF38: 0 | AG38: 0 | AH38: 0 | AI38: 0 | AJ38: 0 | AK38: 0 | AL38: 0 | AM38: 0 | AN38: 0 | AO38: 0 | AP38: 0 | AQ38: 0 | AR38: 0 | AS38: 0 | AT38: 0 | AU38: 0 | AV38: 0 | AW38: 0 | AX38: 0 | AY38: 0 | AZ38: 0 | BA38: 0 | BB38: 0 | BC38: 0 | BD38: 0 | BE38: 0 | BF38: 0 | BG38: 0 | BH38: 0 | BI38: 0 | BJ38: 0 | BK38: 0 | BL38: 0 | BM38: 0 | BN38: 0 | BO38: 0 | BP38: 0 | BQ38: 0 | BR38: 0 | BS38: 0 | BT38: 0 | BU38: 0 | BV38: 0 | BW38: 0 | BX38: 0 | BY38: 0 | BZ38: 0 | CA38: 0 | CB38: 0 | CC38: 0 | CD38: 0 | CE38: 0 | CF38: 0 | CG38: 0 | CH38: 0 | CI38: 0 | CJ38: 0 | CK38: 0 | CL38: 0 | CM38: 0 | CN38: 0 | CO38: 0 | CP38: 0 | CQ38: 0 | CR38: 0 | CS38: 0 | CT38: 0 | CU38: 0 | CV38: 0 | CW38: 0 | CX38: 0 | CY38: 0 | CZ38: 0 | DA38: 0 | DB38: 0 | DC38: 0 | DD38: 0 | DE38: 0 | DF38: 0 | DG38: 0 | DH38: 0 | DI38: 0 | DJ38: 0 | DK38: 0 | DL38: 0 | DM38: 0
A39: ='Population Definitions'!$B$13 -> 30-39F | C39: Number | F39: OR | G39: 0 | H39: 0 | I39: 0 | J39: 0 | K39: 0 | L39: 0 | M39: 0 | N39: 0 | O39: 0 | P39: 0 | Q39: 0 | R39: 0 | S39: 0 | T39: 0 | U39: 0 | V39: 0 | W39: 0 | X39: 0 | Y39: 0 | Z39: 0 | AA39: 0 | AB39: 0 | AC39: 0 | AD39: 0 | AE39: 0 | AF39: 0 | AG39: 0 | AH39: 0 | AI39: 0 | AJ39: 0 | AK39: 0 | AL39: 0 | AM39: 0 | AN39: 0 | AO39: 0 | AP39: 0 | AQ39: 0 | AR39: 0 | AS39: 0 | AT39: 0 | AU39: 0 | AV39: 0 | AW39: 0 | AX39: 0 | AY39: 0 | AZ39: 0 | BA39: 0 | BB39: 0 | BC39: 0 | BD39: 0 | BE39: 0 | BF39: 0 | BG39: 0 | BH39: 0 | BI39: 0 | BJ39: 0 | BK39: 0 | BL39: 0 | BM39: 0 | BN39: 0 | BO39: 0 | BP39: 0 | BQ39: 0 | BR39: 0 | BS39: 0 | BT39: 0 | BU39: 0 | BV39: 0 | BW39: 0 | BX39: 0 | BY39: 0 | BZ39: 0 | CA39: 0 | CB39: 0 | CC39: 0 | CD39: 0 | CE39: 0 | CF39: 0 | CG39: 0 | CH39: 0 | CI39: 0 | CJ39: 0 | CK39: 0 | CL39: 0 | CM39: 0 | CN39: 0 | CO39: 0 | CP39: 0 | CQ39: 0 | CR39: 0 | CS39: 0 | CT39: 0 | CU39: 0 | CV39: 0 | CW39: 0 | CX39: 0 | CY39: 0 | CZ39: 0 | DA39: 0 | DB39: 0 | DC39: 0 | DD39: 0 | DE39: 0 | DF39: 0 | DG39: 0 | DH39: 0 | DI39: 0 | DJ39: 0 | DK39: 0 | DL39: 0 | DM39: 0
A40: ='Population Definitions'!$B$14 -> 40-49M | C40: Number | F40: OR | G40: 0 | H40: 0 | I40: 0 | J40: 0 | K40: 0 | L40: 0 | M40: 0 | N40: 0 | O40: 0 | P40: 0 | Q40: 0 | R40: 0 | S40: 0 | T40: 0 | U40: 0 | V40: 0 | W40: 0 | X40: 0 | Y40: 0 | Z40: 0 | AA40: 0 | AB40: 0 | AC40: 0 | AD40: 0 | AE40: 0 | AF40: 0 | AG40: 0 | AH40: 0 | AI40: 0 | AJ40: 0 | AK40: 0 | AL40: 0 | AM40: 0 | AN40: 0 | AO40: 0 | AP40: 0 | AQ40: 0 | AR40: 0 | AS40: 0 | AT40: 0 | AU40: 0 | AV40: 0 | AW40: 0 | AX40: 0 | AY40: 0 | AZ40: 0 | BA40: 0 | BB40: 0 | BC40: 0 | BD40: 0 | BE40: 0 | BF40: 0 | BG40: 0 | BH40: 0 | BI40: 0 | BJ40: 0 | BK40: 0 | BL40: 0 | BM40: 0 | BN40: 0 | BO40: 0 | BP40: 0 | BQ40: 0 | BR40: 0 | BS40: 0 | BT40: 0 | BU40: 0 | BV40: 0 | BW40: 0 | BX40: 0 | BY40: 0 | BZ40: 0 | CA40: 0 | CB40: 0 | CC40: 0 | CD40: 0 | CE40: 0 | CF40: 0 | CG40: 0 | CH40: 0 | CI40: 0 | CJ40: 0 | CK40: 0 | CL40: 0 | CM40: 0 | CN40: 0 | CO40: 0 | CP40: 0 | CQ40: 0 | CR40: 0 | CS40: 0 | CT40: 0 | CU40: 0 | CV40: 0 | CW40: 0 | CX40: 0 | CY40: 0 | CZ40: 0 | DA40: 0 | DB40: 0 | DC40: 0 | DD40: 0 | DE40: 0 | DF40: 0 | DG40: 0 | DH40: 0 | DI40: 0 | DJ40: 0 | DK40: 0 | DL40: 0 | DM40: 0
A41: ='Population Definitions'!$B$15 -> 40-49F | C41: Number | F41: OR | G41: 0 | H41: 0 | I41: 0 | J41: 0 | K41: 0 | L41: 0 | M41: 0 | N41: 0 | O41: 0 | P41: 0 | Q41: 0 | R41: 0 | S41: 0 | T41: 0 | U41: 0 | V41: 0 | W41: 0 | X41: 0 | Y41: 0 | Z41: 0 | AA41: 0 | AB41: 0 | AC41: 0 | AD41: 0 | AE41: 0 | AF41: 0 | AG41: 0 | AH41: 0 | AI41: 0 | AJ41: 0 | AK41: 0 | AL41: 0 | AM41: 0 | AN41: 0 | AO41: 0 | AP41: 0 | AQ41: 0 | AR41: 0 | AS41: 0 | AT41: 0 | AU41: 0 | AV41: 0 | AW41: 0 | AX41: 0 | AY41: 0 | AZ41: 0 | BA41: 0 | BB41: 0 | BC41: 0 | BD41: 0 | BE41: 0 | BF41: 0 | BG41: 0 | BH41: 0 | BI41: 0 | BJ41: 0 | BK41: 0 | BL41: 0 | BM41: 0 | BN41: 0 | BO41: 0 | BP41: 0 | BQ41: 0 | BR41: 0 | BS41: 0 | BT41: 0 | BU41: 0 | BV41: 0 | BW41: 0 | BX41: 0 | BY41: 0 | BZ41: 0 | CA41: 0 | CB41: 0 | CC41: 0 | CD41: 0 | CE41: 0 | CF41: 0 | CG41: 0 | CH41: 0 | CI41: 0 | CJ41: 0 | CK41: 0 | CL41: 0 | CM41: 0 | CN41: 0 | CO41: 0 | CP41: 0 | CQ41: 0 | CR41: 0 | CS41: 0 | CT41: 0 | CU41: 0 | CV41: 0 | CW41: 0 | CX41: 0 | CY41: 0 | CZ41: 0 | DA41: 0 | DB41: 0 | DC41: 0 | DD41: 0 | DE41: 0 | DF41: 0 | DG41: 0 | DH41: 0 | DI41: 0 | DJ41: 0 | DK41: 0 | DL41: 0 | DM41: 0
A42: ='Population Definitions'!$B$16 -> 50-59M | C42: Number | F42: OR | G42: 0 | H42: 0 | I42: 0 | J42: 0 | K42: 0 | L42: 0 | M42: 0 | N42: 0 | O42: 0 | P42: 0 | Q42: 0 | R42: 0 | S42: 0 | T42: 0 | U42: 0 | V42: 0 | W42: 0 | X42: 0 | Y42: 0 | Z42: 0 | AA42: 0 | AB42: 0 | AC42: 0 | AD42: 0 | AE42: 0 | AF42: 0 | AG42: 0 | AH42: 0 | AI42: 0 | AJ42: 0 | AK42: 0 | AL42: 0 | AM42: 0 | AN42: 0 | AO42: 0 | AP42: 0 | AQ42: 0 | AR42: 0 | AS42: 0 | AT42: 0 | AU42: 0 | AV42: 0 | AW42: 0 | AX42: 0 | AY42: 0 | AZ42: 0 | BA42: 0 | BB42: 0 | BC42: 0 | BD42: 0 | BE42: 0 | BF42: 0 | BG42: 0 | BH42: 0 | BI42: 0 | BJ42: 0 | BK42: 0 | BL42: 0 | BM42: 0 | BN42: 0 | BO42: 0 | BP42: 0 | BQ42: 0 | BR42: 0 | BS42: 0 | BT42: 0 | BU42: 0 | BV42: 0 | BW42: 0 | BX42: 0 | BY42: 0 | BZ42: 0 | CA42: 0 | CB42: 0 | CC42: 0 | CD42: 0 | CE42: 0 | CF42: 0 | CG42: 0 | CH42: 0 | CI42: 0 | CJ42: 0 | CK42: 0 | CL42: 0 | CM42: 0 | CN42: 0 | CO42: 0 | CP42: 0 | CQ42: 0 | CR42: 0 | CS42: 0 | CT42: 0 | CU42: 0 | CV42: 0 | CW42: 0 | CX42: 0 | CY42: 0 | CZ42: 0 | DA42: 0 | DB42: 0 | DC42: 0 | DD42: 0 | DE42: 0 | DF42: 0 | DG42: 0 | DH42: 0 | DI42: 0 | DJ42: 0 | DK42: 0 | DL42: 0 | DM42: 0
A43: ='Population Definitions'!$B$17 -> 50-59F | C43: Number | F43: OR | G43: 0 | H43: 0 | I43: 0 | J43: 0 | K43: 0 | L43: 0 | M43: 0 | N43: 0 | O43: 0 | P43: 0 | Q43: 0 | R43: 0 | S43: 0 | T43: 0 | U43: 0 | V43: 0 | W43: 0 | X43: 0 | Y43: 0 | Z43: 0 | AA43: 0 | AB43: 0 | AC43: 0 | AD43: 0 | AE43: 0 | AF43: 0 | AG43: 0 | AH43: 0 | AI43: 0 | AJ43: 0 | AK43: 0 | AL43: 0 | AM43: 0 | AN43: 0 | AO43: 0 | AP43: 0 | AQ43: 0 | AR43: 0 | AS43: 0 | AT43: 0 | AU43: 0 | AV43: 0 | AW43: 0 | AX43: 0 | AY43: 0 | AZ43: 0 | BA43: 0 | BB43: 0 | BC43: 0 | BD43: 0 | BE43: 0 | BF43: 0 | BG43: 0 | BH43: 0 | BI43: 0 | BJ43: 0 | BK43: 0 | BL43: 0 | BM43: 0 | BN43: 0 | BO43: 0 | BP43: 0 | BQ43: 0 | BR43: 0 | BS43: 0 | BT43: 0 | BU43: 0 | BV43: 0 | BW43: 0 | BX43: 0 | BY43: 0 | BZ43: 0 | CA43: 0 | CB43: 0 | CC43: 0 | CD43: 0 | CE43: 0 | CF43: 0 | CG43: 0 | CH43: 0 | CI43: 0 | CJ43: 0 | CK43: 0 | CL43: 0 | CM43: 0 | CN43: 0 | CO43: 0 | CP43: 0 | CQ43: 0 | CR43: 0 | CS43: 0 | CT43: 0 | CU43: 0 | CV43: 0 | CW43: 0 | CX43: 0 | CY43: 0 | CZ43: 0 | DA43: 0 | DB43: 0 | DC43: 0 | DD43: 0 | DE43: 0 | DF43: 0 | DG43: 0 | DH43: 0 | DI43: 0 | DJ43: 0 | DK43: 0 | DL43: 0 | DM43: 0
A44: ='Population Definitions'!$B$18 -> 60-69M | C44: Number | F44: OR | G44: 0 | H44: 0 | I44: 0 | J44: 0 | K44: 0 | L44: 0 | M44: 0 | N44: 0 | O44: 0 | P44: 0 | Q44: 0 | R44: 0 | S44: 0 | T44: 0 | U44: 0 | V44: 0 | W44: 0 | X44: 0 | Y44: 0 | Z44: 0 | AA44: 0 | AB44: 0 | AC44: 0 | AD44: 0 | AE44: 0 | AF44: 0 | AG44: 0 | AH44: 0 | AI44: 0 | AJ44: 0 | AK44: 0 | AL44: 0 | AM44: 0 | AN44: 0 | AO44: 0 | AP44: 0 | AQ44: 0 | AR44: 0 | AS44: 0 | AT44: 0 | AU44: 0 | AV44: 0 | AW44: 0 | AX44: 0 | AY44: 0 | AZ44: 0 | BA44: 0 | BB44: 0 | BC44: 0 | BD44: 0 | BE44: 0 | BF44: 0 | BG44: 0 | BH44: 0 | BI44: 0 | BJ44: 0 | BK44: 0 | BL44: 0 | BM44: 0 | BN44: 0 | BO44: 0 | BP44: 0 | BQ44: 0 | BR44: 0 | BS44: 0 | BT44: 0 | BU44: 0 | BV44: 0 | BW44: 0 | BX44: 0 | BY44: 0 | BZ44: 0 | CA44: 0 | CB44: 0 | CC44: 0 | CD44: 0 | CE44: 0 | CF44: 0 | CG44: 0 | CH44: 0 | CI44: 0 | CJ44: 0 | CK44: 0 | CL44: 0 | CM44: 0 | CN44: 0 | CO44: 0 | CP44: 0 | CQ44: 0 | CR44: 0 | CS44: 0 | CT44: 0 | CU44: 0 | CV44: 0 | CW44: 0 | CX44: 0 | CY44: 0 | CZ44: 0 | DA44: 0 | DB44: 0 | DC44: 0 | DD44: 0 | DE44: 0 | DF44: 0 | DG44: 0 | DH44: 0 | DI44: 0 | DJ44: 0 | DK44: 0 | DL44: 0 | DM44: 0
A45: ='Population Definitions'!$B$19 -> 60-69F | C45: Number | F45: OR | G45: 0 | H45: 0 | I45: 0 | J45: 0 | K45: 0 | L45: 0 | M45: 0 | N45: 0 | O45: 0 | P45: 0 | Q45: 0 | R45: 0 | S45: 0 | T45: 0 | U45: 0 | V45: 0 | W45: 0 | X45: 0 | Y45: 0 | Z45: 0 | AA45: 0 | AB45: 0 | AC45: 0 | AD45: 0 | AE45: 0 | AF45: 0 | AG45: 0 | AH45: 0 | AI45: 0 | AJ45: 0 | AK45: 0 | AL45: 0 | AM45: 0 | AN45: 0 | AO45: 0 | AP45: 0 | AQ45: 0 | AR45: 0 | AS45: 0 | AT45: 0 | AU45: 0 | AV45: 0 | AW45: 0 | AX45: 0 | AY45: 0 | AZ45: 0 | BA45: 0 | BB45: 0 | BC45: 0 | BD45: 0 | BE45: 0 | BF45: 0 | BG45: 0 | BH45: 0 | BI45: 0 | BJ45: 0 | BK45: 0 | BL45: 0 | BM45: 0 | BN45: 0 | BO45: 0 | BP45: 0 | BQ45: 0 | BR45: 0 | BS45: 0 | BT45: 0 | BU45: 0 | BV45: 0 | BW45: 0 | BX45: 0 | BY45: 0 | BZ45: 0 | CA45: 0 | CB45: 0 | CC45: 0 | CD45: 0 | CE45: 0 | CF45: 0 | CG45: 0 | CH45: 0 | CI45: 0 | CJ45: 0 | CK45: 0 | CL45: 0 | CM45: 0 | CN45: 0 | CO45: 0 | CP45: 0 | CQ45: 0 | CR45: 0 | CS45: 0 | CT45: 0 | CU45: 0 | CV45: 0 | CW45: 0 | CX45: 0 | CY45: 0 | CZ45: 0 | DA45: 0 | DB45: 0 | DC45: 0 | DD45: 0 | DE45: 0 | DF45: 0 | DG45: 0 | DH45: 0 | DI45: 0 | DJ45: 0 | DK45: 0 | DL45: 0 | DM45: 0
A46: ='Population Definitions'!$B$20 -> 70-79M | C46: Number | F46: OR | G46: 0 | H46: 0 | I46: 0 | J46: 0 | K46: 0 | L46: 0 | M46: 0 | N46: 0 | O46: 0 | P46: 0 | Q46: 0 | R46: 0 | S46: 0 | T46: 0 | U46: 0 | V46: 0 | W46: 0 | X46: 0 | Y46: 0 | Z46: 0 | AA46: 0 | AB46: 0 | AC46: 0 | AD46: 0 | AE46: 0 | AF46: 0 | AG46: 0 | AH46: 0 | AI46: 0 | AJ46: 0 | AK46: 0 | AL46: 0 | AM46: 0 | AN46: 0 | AO46: 0 | AP46: 0 | AQ46: 0 | AR46: 0 | AS46: 0 | AT46: 0 | AU46: 0 | AV46: 0 | AW46: 0 | AX46: 0 | AY46: 0 | AZ46: 0 | BA46: 0 | BB46: 0 | BC46: 0 | BD46: 0 | BE46: 0 | BF46: 0 | BG46: 0 | BH46: 0 | BI46: 0 | BJ46: 0 | BK46: 0 | BL46: 0 | BM46: 0 | BN46: 0 | BO46: 0 | BP46: 0 | BQ46: 0 | BR46: 0 | BS46: 0 | BT46: 0 | BU46: 0 | BV46: 0 | BW46: 0 | BX46: 0 | BY46: 0 | BZ46: 0 | CA46: 0 | CB46: 0 | CC46: 0 | CD46: 0 | CE46: 0 | CF46: 0 | CG46: 0 | CH46: 0 | CI46: 0 | CJ46: 0 | CK46: 0 | CL46: 0 | CM46: 0 | CN46: 0 | CO46: 0 | CP46: 0 | CQ46: 0 | CR46: 0 | CS46: 0 | CT46: 0 | CU46: 0 | CV46: 0 | CW46: 0 | CX46: 0 | CY46: 0 | CZ46: 0 | DA46: 0 | DB46: 0 | DC46: 0 | DD46: 0 | DE46: 0 | DF46: 0 | DG46: 0 | DH46: 0 | DI46: 0 | DJ46: 0 | DK46: 0 | DL46: 0 | DM46: 0
A47: ='Population Definitions'!$B$21 -> 70-79F | C47: Number | F47: OR | G47: 0 | H47: 0 | I47: 0 | J47: 0 | K47: 0 | L47: 0 | M47: 0 | N47: 0 | O47: 0 | P47: 0 | Q47: 0 | R47: 0 | S47: 0 | T47: 0 | U47: 0 | V47: 0 | W47: 0 | X47: 0 | Y47: 0 | Z47: 0 | AA47: 0 | AB47: 0 | AC47: 0 | AD47: 0 | AE47: 0 | AF47: 0 | AG47: 0 | AH47: 0 | AI47: 0 | AJ47: 0 | AK47: 0 | AL47: 0 | AM47: 0 | AN47: 0 | AO47: 0 | AP47: 0 | AQ47: 0 | AR47: 0 | AS47: 0 | AT47: 0 | AU47: 0 | AV47: 0 | AW47: 0 | AX47: 0 | AY47: 0 | AZ47: 0 | BA47: 0 | BB47: 0 | BC47: 0 | BD47: 0 | BE47: 0 | BF47: 0 | BG47: 0 | BH47: 0 | BI47: 0 | BJ47: 0 | BK47: 0 | BL47: 0 | BM47: 0 | BN47: 0 | BO47: 0 | BP47: 0 | BQ47: 0 | BR47: 0 | BS47: 0 | BT47: 0 | BU47: 0 | BV47: 0 | BW47: 0 | BX47: 0 | BY47: 0 | BZ47: 0 | CA47: 0 | CB47: 0 | CC47: 0 | CD47: 0 | CE47: 0 | CF47: 0 | CG47: 0 | CH47: 0 | CI47: 0 | CJ47: 0 | CK47: 0 | CL47: 0 | CM47: 0 | CN47: 0 | CO47: 0 | CP47: 0 | CQ47: 0 | CR47: 0 | CS47: 0 | CT47: 0 | CU47: 0 | CV47: 0 | CW47: 0 | CX47: 0 | CY47: 0 | CZ47: 0 | DA47: 0 | DB47: 0 | DC47: 0 | DD47: 0 | DE47: 0 | DF47: 0 | DG47: 0 | DH47: 0 | DI47: 0 | DJ47: 0 | DK47: 0 | DL47: 0 | DM47: 0
A48: ='Population Definitions'!$B$22 -> 80-89M | C48: Number | F48: OR | G48: 0 | H48: 0 | I48: 0 | J48: 0 | K48: 0 | L48: 0 | M48: 0 | N48: 0 | O48: 0 | P48: 0 | Q48: 0 | R48: 0 | S48: 0 | T48: 0 | U48: 0 | V48: 0 | W48: 0 | X48: 0 | Y48: 0 | Z48: 0 | AA48: 0 | AB48: 0 | AC48: 0 | AD48: 0 | AE48: 0 | AF48: 0 | AG48: 0 | AH48: 0 | AI48: 0 | AJ48: 0 | AK48: 0 | AL48: 0 | AM48: 0 | AN48: 0 | AO48: 0 | AP48: 0 | AQ48: 0 | AR48: 0 | AS48: 0 | AT48: 0 | AU48: 0 | AV48: 0 | AW48: 0 | AX48: 0 | AY48: 0 | AZ48: 0 | BA48: 0 | BB48: 0 | BC48: 0 | BD48: 0 | BE48: 0 | BF48: 0 | BG48: 0 | BH48: 0 | BI48: 0 | BJ48: 0 | BK48: 0 | BL48: 0 | BM48: 0 | BN48: 0 | BO48: 0 | BP48: 0 | BQ48: 0 | BR48: 0 | BS48: 0 | BT48: 0 | BU48: 0 | BV48: 0 | BW48: 0 | BX48: 0 | BY48: 0 | BZ48: 0 | CA48: 0 | CB48: 0 | CC48: 0 | CD48: 0 | CE48: 0 | CF48: 0 | CG48: 0 | CH48: 0 | CI48: 0 | CJ48: 0 | CK48: 0 | CL48: 0 | CM48: 0 | CN48: 0 | CO48: 0 | CP48: 0 | CQ48: 0 | CR48: 0 | CS48: 0 | CT48: 0 | CU48: 0 | CV48: 0 | CW48: 0 | CX48: 0 | CY48: 0 | CZ48: 0 | DA48: 0 | DB48: 0 | DC48: 0 | DD48: 0 | DE48: 0 | DF48: 0 | DG48: 0 | DH48: 0 | DI48: 0 | DJ48: 0 | DK48: 0 | DL48: 0 | DM48: 0
A49: ='Population Definitions'!$B$23 -> 80-89F | C49: Number | F49: OR | G49: 0 | H49: 0 | I49: 0 | J49: 0 | K49: 0 | L49: 0 | M49: 0 | N49: 0 | O49: 0 | P49: 0 | Q49: 0 | R49: 0 | S49: 0 | T49: 0 | U49: 0 | V49: 0 | W49: 0 | X49: 0 | Y49: 0 | Z49: 0 | AA49: 0 | AB49: 0 | AC49: 0 | AD49: 0 | AE49: 0 | AF49: 0 | AG49: 0 | AH49: 0 | AI49: 0 | AJ49: 0 | AK49: 0 | AL49: 0 | AM49: 0 | AN49: 0 | AO49: 0 | AP49: 0 | AQ49: 0 | AR49: 0 | AS49: 0 | AT49: 0 | AU49: 0 | AV49: 0 | AW49: 0 | AX49: 0 | AY49: 0 | AZ49: 0 | BA49: 0 | BB49: 0 | BC49: 0 | BD49: 0 | BE49: 0 | BF49: 0 | BG49: 0 | BH49: 0 | BI49: 0 | BJ49: 0 | BK49: 0 | BL49: 0 | BM49: 0 | BN49: 0 | BO49: 0 | BP49: 0 | BQ49: 0 | BR49: 0 | BS49: 0 | BT49: 0 | BU49: 0 | BV49: 0 | BW49: 0 | BX49: 0 | BY49: 0 | BZ49: 0 | CA49: 0 | CB49: 0 | CC49: 0 | CD49: 0 | CE49: 0 | CF49: 0 | CG49: 0 | CH49: 0 | CI49: 0 | CJ49: 0 | CK49: 0 | CL49: 0 | CM49: 0 | CN49: 0 | CO49: 0 | CP49: 0 | CQ49: 0 | CR49: 0 | CS49: 0 | CT49: 0 | CU49: 0 | CV49: 0 | CW49: 0 | CX49: 0 | CY49: 0 | CZ49: 0 | DA49: 0 | DB49: 0 | DC49: 0 | DD49: 0 | DE49: 0 | DF49: 0 | DG49: 0 | DH49: 0 | DI49: 0 | DJ49: 0 | DK49: 0 | DL49: 0 | DM49: 0
A50: ='Population Definitions'!$B$24 -> 90+M | C50: Number | F50: OR | G50: 0 | H50: 0 | I50: 0 | J50: 0 | K50: 0 | L50: 0 | M50: 0 | N50: 0 | O50: 0 | P50: 0 | Q50: 0 | R50: 0 | S50: 0 | T50: 0 | U50: 0 | V50: 0 | W50: 0 | X50: 0 | Y50: 0 | Z50: 0 | AA50: 0 | AB50: 0 | AC50: 0 | AD50: 0 | AE50: 0 | AF50: 0 | AG50: 0 | AH50: 0 | AI50: 0 | AJ50: 0 | AK50: 0 | AL50: 0 | AM50: 0 | AN50: 0 | AO50: 0 | AP50: 0 | AQ50: 0 | AR50: 0 | AS50: 0 | AT50: 0 | AU50: 0 | AV50: 0 | AW50: 0 | AX50: 0 | AY50: 0 | AZ50: 0 | BA50: 0 | BB50: 0 | BC50: 0 | BD50: 0 | BE50: 0 | BF50: 0 | BG50: 0 | BH50: 0 | BI50: 0 | BJ50: 0 | BK50: 0 | BL50: 0 | BM50: 0 | BN50: 0 | BO50: 0 | BP50: 0 | BQ50: 0 | BR50: 0 | BS50: 0 | BT50: 0 | BU50: 0 | BV50: 0 | BW50: 0 | BX50: 0 | BY50: 0 | BZ50: 0 | CA50: 0 | CB50: 0 | CC50: 0 | CD50: 0 | CE50: 0 | CF50: 0 | CG50: 0 | CH50: 0 | CI50: 0 | CJ50: 0 | CK50: 0 | CL50: 0 | CM50: 0 | CN50: 0 | CO50: 0 | CP50: 0 | CQ50: 0 | CR50: 0 | CS50: 0 | CT50: 0 | CU50: 0 | CV50: 0 | CW50: 0 | CX50: 0 | CY50: 0 | CZ50: 0 | DA50: 0 | DB50: 0 | DC50: 0 | DD50: 0 | DE50: 0 | DF50: 0 | DG50: 0 | DH50: 0 | DI50: 0 | DJ50: 0 | DK50: 0 | DL50: 0 | DM50: 0
A51: ='Population Definitions'!$B$25 -> 90+F | C51: Number | F51: OR | G51: 0 | H51: 0 | I51: 0 | J51: 0 | K51: 0 | L51: 0 | M51: 0 | N51: 0 | O51: 0 | P51: 0 | Q51: 0 | R51: 0 | S51: 0 | T51: 0 | U51: 0 | V51: 0 | W51: 0 | X51: 0 | Y51: 0 | Z51: 0 | AA51: 0 | AB51: 0 | AC51: 0 | AD51: 0 | AE51: 0 | AF51: 0 | AG51: 0 | AH51: 0 | AI51: 0 | AJ51: 0 | AK51: 0 | AL51: 0 | AM51: 0 | AN51: 0 | AO51: 0 | AP51: 0 | AQ51: 0 | AR51: 0 | AS51: 0 | AT51: 0 | AU51: 0 | AV51: 0 | AW51: 0 | AX51: 0 | AY51: 0 | AZ51: 0 | BA51: 0 | BB51: 0 | BC51: 0 | BD51: 0 | BE51: 0 | BF51: 0 | BG51: 0 | BH51: 0 | BI51: 0 | BJ51: 0 | BK51: 0 | BL51: 0 | BM51: 0 | BN51: 0 | BO51: 0 | BP51: 0 | BQ51: 0 | BR51: 0 | BS51: 0 | BT51: 0 | BU51: 0 | BV51: 0 | BW51: 0 | BX51: 0 | BY51: 0 | BZ51: 0 | CA51: 0 | CB51: 0 | CC51: 0 | CD51: 0 | CE51: 0 | CF51: 0 | CG51: 0 | CH51: 0 | CI51: 0 | CJ51: 0 | CK51: 0 | CL51: 0 | CM51: 0 | CN51: 0 | CO51: 0 | CP51: 0 | CQ51: 0 | CR51: 0 | CS51: 0 | CT51: 0 | CU51: 0 | CV51: 0 | CW51: 0 | CX51: 0 | CY51: 0 | CZ51: 0 | DA51: 0 | DB51: 0 | DC51: 0 | DD51: 0 | DE51: 0 | DF51: 0 | DG51: 0 | DH51: 0 | DI51: 0 | DJ51: 0 | DK51: 0 | DL51: 0 | DM51: 0
A53: Age/sex specific all-cause mortality rate | B53: Provenance | C53: Units | D53: Uncertainty | E53: Constant | G53: 1990 | H53: 1991 | I53: 1992 | J53: 1993 | K53: 1994 | L53: 1995 | M53: 1996 | N53: 1997 | O53: 1998 | P53: 1999 | Q53: 2000 | R53: 2001 | S53: 2002 | T53: 2003 | U53: 2004 | V53: 2005 | W53: 2006 | X53: 2007 | Y53: 2008 | Z53: 2009 | AA53: 2010 | AB53: 2011 | AC53: 2012 | AD53: 2013 | AE53: 2014 | AF53: 2015 | AG53: 2016 | AH53: 2017 | AI53: 2018 | AJ53: 2019 | AK53: 2020 | AL53: 2021 | AM53: 2022 | AN53: 2023 | AO53: 2024 | AP53: 2025 | AQ53: 2026 | AR53: 2027 | AS53: 2028 | AT53: 2029 | AU53: 2030 | AV53: 2031 | AW53: 2032 | AX53: 2033 | AY53: 2034 | AZ53: 2035 | BA53: 2036 | BB53: 2037 | BC53: 2038 | BD53: 2039 | BE53: 2040 | BF53: 2041 | BG53: 2042 | BH53: 2043 | BI53: 2044 | BJ53: 2045 | BK53: 2046 | BL53: 2047 | BM53: 2048 | BN53: 2049 | BO53: 2050 | BP53: 2051 | BQ53: 2052 | BR53: 2053 | BS53: 2054 | BT53: 2055 | BU53: 2056 | BV53: 2057 | BW53: 2058 | BX53: 2059 | BY53: 2060 | BZ53: 2061 | CA53: 2062 | CB53: 2063 | CC53: 2064 | CD53: 2065 | CE53: 2066 | CF53: 2067 | CG53: 2068 | CH53: 2069 | CI53: 2070 | CJ53: 2071 | CK53: 2072 | CL53: 2073 | CM53: 2074 | CN53: 2075 | CO53: 2076 | CP53: 2077 | CQ53: 2078 | CR53: 2079 | CS53: 2080 | CT53: 2081 | CU53: 2082 | CV53: 2083 | CW53: 2084 | CX53: 2085 | CY53: 2086 | CZ53: 2087 | DA53: 2088 | DB53: 2089 | DC53: 2090 | DD53: 2091 | DE53: 2092 | DF53: 2093 | DG53: 2094 | DH53: 2095 | DI53: 2096 | DJ53: 2097 | DK53: 2098 | DL53: 2099 | DM53: 2100
A54: ='Population Definitions'!$B$2 -> 0-0M | C54: Probability (per year) | F54: OR | G54: 0.00912 | H54: 0.00934 | I54: 0.0093 | J54: 0.00756 | K54: 0.00713 | L54: 0.00697 | M54: 0.0064 | N54: 0.00588 | O54: 0.00571 | P54: 0.00561 | Q54: 0.00483 | R54: 0.005 | S54: 0.00489 | T54: 0.00391 | U54: 0.00409 | V54: 0.00387 | W54: 0.00386 | X54: 0.00354 | Y54: 0.00362 | Z54: 0.00371 | AA54: 0.00346 | AB54: 0.0033 | AC54: 0.00313 | AD54: 0.00332 | AE54: 0.00298 | AF54: 0.00306 | AG54: 0.003 | AH54: 0.00305 | AI54: 0.00308 | AJ54: 0.00257 | AK54: 0.00250282 | AL54: 0.0024374 | AM54: 0.00226274 | AN54: 0.00218341 | AO54: 0.0021142 | AP54: 0.00204166 | AQ54: 0.00198418 | AR54: 0.00192901 | AS54: 0.00187587 | AT54: 0.00182466 | AU54: 0.00177014 | AV54: 0.00172787 | AW54: 0.00168222 | AX54: 0.00163814 | AY54: 0.00159114 | AZ54: 0.00155472 | BA54: 0.00151515 | BB54: 0.00147694 | BC54: 0.0014402 | BD54: 0.0014047 | BE54: 0.0013704 | BF54: 0.00134105 | BG54: 0.00131269 | BH54: 0.00128158 | BI54: 0.00125155 | BJ54: 0.00122251 | BK54: 0.00119442 | BL54: 0.00116728 | BM54: 0.00114082 | BN54: 0.00111527 | BO54: 0.00109071 | BP54: 0.00106984 | BQ54: 0.00104376 | BR54: 0.00102397 | BS54: 0.0010021 | BT54: 0.00098102 | BU54: 0.00096315 | BV54: 0.00093845 | BW54: 0.00092395 | BX54: 0.00090054 | BY54: 0.0008826 | BZ54: 0.00086499 | CA54: 0.00084782 | CB54: 0.00083138 | CC54: 0.0008153 | CD54: 0.00079566 | CE54: 0.00078044 | CF54: 0.00076588 | CG54: 0.00075154 | CH54: 0.00073409 | CI54: 0.00072079 | CJ54: 0.00070415 | CK54: 0.0006916 | CL54: 0.00067941 | CM54: 0.00066725 | CN54: 0.00065242 | CO54: 0.00063811 | CP54: 0.00062717 | CQ54: 0.00061629 | CR54: 0.00060314 | CS54: 0.00059006 | CT54: 0.00057758 | CU54: 0.00056567 | CV54: 0.00055636 | CW54: 0.00054235 | CX54: 0.00053122 | CY54: 0.0005228 | CZ54: 0.00051216 | DA54: 0.00050192 | DB54: 0.00048979 | DC54: 0.00048009 | DD54: 0.00047056 | DE54: 0.00045937 | DF54: 0.00045046 | DG54: 0.00043992 | DH54: 0.00042967 | DI54: 0.00042151 | DJ54: 0.00041185 | DK54: 0.00040239 | DL54: 0.00039312 | DM54: 0.00038429
A55: ='Population Definitions'!$B$3 -> 0-0F | C55: Probability (per year) | F55: OR | G55: 0.00721 | H55: 0.00753 | I55: 0.00721 | J55: 0.00637 | K55: 0.00577 | L55: 0.00536 | M55: 0.00588 | N55: 0.00508 | O55: 0.00507 | P55: 0.00466 | Q55: 0.00426 | R55: 0.00429 | S55: 0.00397 | T55: 0.00359 | U55: 0.00357 | V55: 0.00329 | W55: 0.00304 | X55: 0.00308 | Y55: 0.00306 | Z55: 0.00316 | AA55: 0.00289 | AB55: 0.00286 | AC55: 0.00283 | AD55: 0.00249 | AE55: 0.00252 | AF55: 0.00265 | AG55: 0.00261 | AH55: 0.00268 | AI55: 0.0026 | AJ55: 0.00218 | AK55: 0.00212302 | AL55: 0.00206752 | AM55: 0.0020101 | AN55: 0.00194531 | AO55: 0.00187749 | AP55: 0.00181276 | AQ55: 0.00175608 | AR55: 0.00170183 | AS55: 0.00164479 | AT55: 0.00159017 | AU55: 0.00153796 | AV55: 0.00149672 | AW55: 0.00144855 | AX55: 0.00140232 | AY55: 0.00135815 | AZ55: 0.00131559 | BA55: 0.00127481 | BB55: 0.00124281 | BC55: 0.0012051 | BD55: 0.00116888 | BE55: 0.00113407 | BF55: 0.00110064 | BG55: 0.00106258 | BH55: 0.00103193 | BI55: 0.00100248 | BJ55: 0.00097416 | BK55: 0.00094691 | BL55: 0.00091567 | BM55: 0.00089043 | BN55: 0.00086618 | BO55: 0.00083842 | BP55: 0.00081185 | BQ55: 0.00079465 | BR55: 0.00076971 | BS55: 0.00074976 | BT55: 0.00072676 | BU55: 0.00070472 | BV55: 0.00068719 | BW55: 0.00066659 | BX55: 0.00064688 | BY55: 0.00062803 | BZ55: 0.00060975 | CA55: 0.00059513 | CB55: 0.00057531 | CC55: 0.00055906 | CD55: 0.0005434 | CE55: 0.00052823 | CF55: 0.0005138 | CG55: 0.00049974 | CH55: 0.0004863 | CI55: 0.00047104 | CJ55: 0.00045622 | CK55: 0.00044214 | CL55: 0.00042863 | CM55: 0.00041745 | CN55: 0.00040481 | CO55: 0.00039272 | CP55: 0.00037923 | CQ55: 0.00036965 | CR55: 0.00035722 | CS55: 0.00034836 | CT55: 0.00033675 | CU55: 0.0003273 | CV55: 0.00031501 | CW55: 0.00030619 | CX55: 0.00029767 | CY55: 0.0002868 | CZ55: 0.0002789 | DA55: 0.00026888 | DB55: 0.00025935 | DC55: 0.00025013 | DD55: 0.00024125 | DE55: 0.00023285 | DF55: 0.00022475 | DG55: 0.00021801 | DH55: 0.00020965 | DI55: 0.00020249 | DJ55: 0.00019399 | DK55: 0.00018749 | DL55: 0.00018119 | DM55: 0.00017372
A56: ='Population Definitions'!$B$4 -> 1-4M | C56: Probability (per year) | F56: OR | G56: 0.00031002 | H56: 0.00032504 | I56: 0.00033754 | J56: 0.00038004 | K56: 0.00031753 | L56: 0.00030253 | M56: 0.00029753 | N56: 0.00027001 | O56: 0.00023251 | P56: 0.00020251 | Q56: 0.00019001 | R56: 0.00022501 | S56: 0.00022751 | T56: 0.00018001 | U56: 0.00017251 | V56: 0.00018001 | W56: 0.00017001 | X56: 0.00015501 | Y56: 0.00016501 | Z56: 0.00015751 | AA56: 0.00014751 | AB56: 0.00014251 | AC56: 0.00014001 | AD56: 0.00015501 | AE56: 0.00013 | AF56: 0.000125 | AG56: 0.0001 | AH56: 0.00014501 | AI56: 0.00014501 | AJ56: 0.00014501 | AK56: 0.00014157 | AL56: 0.00013822 | AM56: 0.00011185 | AN56: 0.00010819 | AO56: 0.00010498 | AP56: 0.00010161 | AQ56: 9.893e-05 | AR56: 9.634e-05 | AS56: 9.384e-05 | AT56: 9.143e-05 | AU56: 8.886e-05 | AV56: 8.685e-05 | AW56: 8.468e-05 | AX56: 8.258e-05 | AY56: 8.033e-05 | AZ56: 7.859e-05 | BA56: 7.668e-05 | BB56: 7.484e-05 | BC56: 7.307e-05 | BD56: 7.135e-05 | BE56: 6.968e-05 | BF56: 6.825e-05 | BG56: 6.686e-05 | BH56: 6.534e-05 | BI56: 6.387e-05 | BJ56: 6.244e-05 | BK56: 6.106e-05 | BL56: 5.971e-05 | BM56: 5.841e-05 | BN56: 5.714e-05 | BO56: 5.592e-05 | BP56: 5.487e-05 | BQ56: 5.357e-05 | BR56: 5.258e-05 | BS56: 5.148e-05 | BT56: 5.042e-05 | BU56: 4.952e-05 | BV56: 4.828e-05 | BW56: 4.754e-05 | BX56: 4.636e-05 | BY56: 4.545e-05 | BZ56: 4.456e-05 | CA56: 4.368e-05 | CB56: 4.284e-05 | CC56: 4.202e-05 | CD56: 4.102e-05 | CE56: 4.024e-05 | CF56: 3.949e-05 | CG56: 3.875e-05 | CH56: 3.786e-05 | CI56: 3.717e-05 | CJ56: 3.632e-05 | CK56: 3.567e-05 | CL56: 3.503e-05 | CM56: 3.44e-05 | CN56: 3.364e-05 | CO56: 3.29e-05 | CP56: 3.232e-05 | CQ56: 3.176e-05 | CR56: 3.107e-05 | CS56: 3.04e-05 | CT56: 2.975e-05 | CU56: 2.913e-05 | CV56: 2.864e-05 | CW56: 2.791e-05 | CX56: 2.733e-05 | CY56: 2.688e-05 | CZ56: 2.633e-05 | DA56: 2.579e-05 | DB56: 2.516e-05 | DC56: 2.465e-05 | DD56: 2.415e-05 | DE56: 2.356e-05 | DF56: 2.31e-05 | DG56: 2.254e-05 | DH56: 2.201e-05 | DI56: 2.158e-05 | DJ56: 2.107e-05 | DK56: 2.058e-05 | DL56: 2.009e-05 | DM56: 1.963e-05
A57: ='Population Definitions'!$B$5 -> 1-4F | C57: Probability (per year) | F57: OR | G57: 0.00026753 | H57: 0.00030753 | I57: 0.00029754 | J57: 0.00036754 | K57: 0.00033252 | L57: 0.00029253 | M57: 0.00025252 | N57: 0.00033004 | O57: 0.00019001 | P57: 0.00018251 | Q57: 0.00020001 | R57: 0.00019501 | S57: 0.00019001 | T57: 0.00016501 | U57: 0.00016001 | V57: 0.000135 | W57: 0.000145 | X57: 0.00013501 | Y57: 0.0001425 | Z57: 0.00012501 | AA57: 0.00014001 | AB57: 0.0001175 | AC57: 0.00012751 | AD57: 0.0001125 | AE57: 0.000115 | AF57: 0.00012501 | AG57: 0.0001025 | AH57: 0.0001125 | AI57: 0.00011501 | AJ57: 0.000105 | AK57: 0.00010253 | AL57: 0.00010011 | AM57: 9.878e-05 | AN57: 9.581e-05 | AO57: 9.269e-05 | AP57: 8.97e-05 | AQ57: 8.708e-05 | AR57: 8.455e-05 | AS57: 8.189e-05 | AT57: 7.934e-05 | AU57: 7.689e-05 | AV57: 7.494e-05 | AW57: 7.267e-05 | AX57: 7.048e-05 | AY57: 6.838e-05 | AZ57: 6.635e-05 | BA57: 6.44e-05 | BB57: 6.286e-05 | BC57: 6.105e-05 | BD57: 5.93e-05 | BE57: 5.762e-05 | BF57: 5.6e-05 | BG57: 5.415e-05 | BH57: 5.266e-05 | BI57: 5.121e-05 | BJ57: 4.982e-05 | BK57: 4.848e-05 | BL57: 4.695e-05 | BM57: 4.57e-05 | BN57: 4.45e-05 | BO57: 4.312e-05 | BP57: 4.18e-05 | BQ57: 4.094e-05 | BR57: 3.969e-05 | BS57: 3.869e-05 | BT57: 3.754e-05 | BU57: 3.643e-05 | BV57: 3.554e-05 | BW57: 3.451e-05 | BX57: 3.351e-05 | BY57: 3.255e-05 | BZ57: 3.163e-05 | CA57: 3.088e-05 | CB57: 2.987e-05 | CC57: 2.904e-05 | CD57: 2.824e-05 | CE57: 2.746e-05 | CF57: 2.672e-05 | CG57: 2.599e-05 | CH57: 2.53e-05 | CI57: 2.452e-05 | CJ57: 2.375e-05 | CK57: 2.303e-05 | CL57: 2.233e-05 | CM57: 2.174e-05 | CN57: 2.109e-05 | CO57: 2.046e-05 | CP57: 1.976e-05 | CQ57: 1.926e-05 | CR57: 1.862e-05 | CS57: 1.815e-05 | CT57: 1.755e-05 | CU57: 1.705e-05 | CV57: 1.641e-05 | CW57: 1.595e-05 | CX57: 1.55e-05 | CY57: 1.493e-05 | CZ57: 1.451e-05 | DA57: 1.399e-05 | DB57: 1.349e-05 | DC57: 1.301e-05 | DD57: 1.254e-05 | DE57: 1.21e-05 | DF57: 1.168e-05 | DG57: 1.132e-05 | DH57: 1.088e-05 | DI57: 1.05e-05 | DJ57: 1.006e-05 | DK57: 9.72e-06 | DL57: 9.38e-06 | DM57: 8.99e-06
A58: ='Population Definitions'!$B$6 -> 5-9M | C58: Probability (per year) | F58: OR | G58: 0.000194 | H58: 0.00022601 | I58: 0.000198 | J58: 0.000218 | K58: 0.000196 | L58: 0.00020201 | M58: 0.000174 | N58: 0.00016801 | O58: 0.000142 | P58: 0.00012 | Q58: 0.000142 | R58: 0.000128 | S58: 0.000166 | T58: 0.000112 | U58: 9.8e-05 | V58: 9.8e-05 | W58: 0.000102 | X58: 0.0001 | Y58: 8e-05 | Z58: 8.6e-05 | AA58: 8e-05 | AB58: 8.8e-05 | AC58: 7.2e-05 | AD58: 8.6e-05 | AE58: 7.4e-05 | AF58: 7e-05 | AG58: 8e-05 | AH58: 7.8e-05 | AI58: 7.8e-05 | AJ58: 6e-05 | AK58: 5.604e-05 | AL58: 5.372e-05 | AM58: 5.774e-05 | AN58: 5.599e-05 | AO58: 5.446e-05 | AP58: 5.284e-05 | AQ58: 5.155e-05 | AR58: 5.029e-05 | AS58: 4.908e-05 | AT58: 4.791e-05 | AU58: 4.665e-05 | AV58: 4.566e-05 | AW58: 4.459e-05 | AX58: 4.355e-05 | AY58: 4.244e-05 | AZ58: 4.157e-05 | BA58: 4.062e-05 | BB58: 3.97e-05 | BC58: 3.881e-05 | BD58: 3.794e-05 | BE58: 3.71e-05 | BF58: 3.637e-05 | BG58: 3.567e-05 | BH58: 3.489e-05 | BI58: 3.414e-05 | BJ58: 3.341e-05 | BK58: 3.27e-05 | BL58: 3.2e-05 | BM58: 3.133e-05 | BN58: 3.067e-05 | BO58: 3.004e-05 | BP58: 2.949e-05 | BQ58: 2.882e-05 | BR58: 2.83e-05 | BS58: 2.772e-05 | BT58: 2.717e-05 | BU58: 2.669e-05 | BV58: 2.604e-05 | BW58: 2.564e-05 | BX58: 2.502e-05 | BY58: 2.454e-05 | BZ58: 2.406e-05 | CA58: 2.359e-05 | CB58: 2.315e-05 | CC58: 2.27e-05 | CD58: 2.217e-05 | CE58: 2.175e-05 | CF58: 2.135e-05 | CG58: 2.095e-05 | CH58: 2.047e-05 | CI58: 2.01e-05 | CJ58: 1.964e-05 | CK58: 1.929e-05 | CL58: 1.894e-05 | CM58: 1.859e-05 | CN58: 1.818e-05 | CO58: 1.778e-05 | CP58: 1.747e-05 | CQ58: 1.716e-05 | CR58: 1.678e-05 | CS58: 1.642e-05 | CT58: 1.606e-05 | CU58: 1.572e-05 | CV58: 1.545e-05 | CW58: 1.506e-05 | CX58: 1.474e-05 | CY58: 1.449e-05 | CZ58: 1.418e-05 | DA58: 1.389e-05 | DB58: 1.354e-05 | DC58: 1.326e-05 | DD58: 1.299e-05 | DE58: 1.267e-05 | DF58: 1.241e-05 | DG58: 1.211e-05 | DH58: 1.181e-05 | DI58: 1.157e-05 | DJ58: 1.129e-05 | DK58: 1.102e-05 | DL58: 1.076e-05 | DM58: 1.05e-05
A59: ='Population Definitions'!$B$7 -> 5-9F | C59: Probability (per year) | F59: OR | G59: 0.000142 | H59: 0.000138 | I59: 0.000144 | J59: 0.00018201 | K59: 0.00016601 | L59: 0.00016401 | M59: 0.00016 | N59: 0.00014401 | O59: 0.000116 | P59: 0.000108 | Q59: 0.000108 | R59: 9e-05 | S59: 9.4e-05 | T59: 8.6e-05 | U59: 7.8e-05 | V59: 9e-05 | W59: 7.2e-05 | X59: 7.8e-05 | Y59: 7e-05 | Z59: 8.6e-05 | AA59: 6.4e-05 | AB59: 8.2e-05 | AC59: 6.4e-05 | AD59: 5.2e-05 | AE59: 5.8e-05 | AF59: 5.2e-05 | AG59: 7e-05 | AH59: 7.2e-05 | AI59: 5.2e-05 | AJ59: 5.4e-05 | AK59: 5.123e-05 | AL59: 5.144e-05 | AM59: 4.733e-05 | AN59: 4.601e-05 | AO59: 4.463e-05 | AP59: 4.329e-05 | AQ59: 4.211e-05 | AR59: 4.098e-05 | AS59: 3.978e-05 | AT59: 3.862e-05 | AU59: 3.75e-05 | AV59: 3.661e-05 | AW59: 3.557e-05 | AX59: 3.457e-05 | AY59: 3.36e-05 | AZ59: 3.266e-05 | BA59: 3.175e-05 | BB59: 3.103e-05 | BC59: 3.019e-05 | BD59: 2.937e-05 | BE59: 2.858e-05 | BF59: 2.781e-05 | BG59: 2.694e-05 | BH59: 2.623e-05 | BI59: 2.554e-05 | BJ59: 2.488e-05 | BK59: 2.424e-05 | BL59: 2.35e-05 | BM59: 2.29e-05 | BN59: 2.232e-05 | BO59: 2.166e-05 | BP59: 2.102e-05 | BQ59: 2.06e-05 | BR59: 1.999e-05 | BS59: 1.95e-05 | BT59: 1.894e-05 | BU59: 1.84e-05 | BV59: 1.796e-05 | BW59: 1.745e-05 | BX59: 1.695e-05 | BY59: 1.648e-05 | BZ59: 1.602e-05 | CA59: 1.565e-05 | CB59: 1.515e-05 | CC59: 1.473e-05 | CD59: 1.433e-05 | CE59: 1.394e-05 | CF59: 1.357e-05 | CG59: 1.321e-05 | CH59: 1.286e-05 | CI59: 1.246e-05 | CJ59: 1.208e-05 | CK59: 1.171e-05 | CL59: 1.136e-05 | CM59: 1.106e-05 | CN59: 1.073e-05 | CO59: 1.041e-05 | CP59: 1.006e-05 | CQ59: 9.8e-06 | CR59: 9.48e-06 | CS59: 9.24e-06 | CT59: 8.93e-06 | CU59: 8.67e-06 | CV59: 8.35e-06 | CW59: 8.11e-06 | CX59: 7.88e-06 | CY59: 7.59e-06 | CZ59: 7.38e-06 | DA59: 7.11e-06 | DB59: 6.86e-06 | DC59: 6.61e-06 | DD59: 6.37e-06 | DE59: 6.14e-06 | DF59: 5.93e-06 | DG59: 5.74e-06 | DH59: 5.52e-06 | DI59: 5.32e-06 | DJ59: 5.1e-06 | DK59: 4.92e-06 | DL59: 4.75e-06 | DM59: 4.55e-06
A60: ='Population Definitions'!$B$8 -> 10-19M | C60: Probability (per year) | F60: OR | G60: 0.00057044268 | H60: 0.00058118589 | I60: 0.00057414945 | J60: 0.00053585244 | K60: 0.00051222558 | L60: 0.00052239567 | M60: 0.00048447034 | N60: 0.00045290249 | O60: 0.00044577418 | P60: 0.00040294915 | Q60: 0.00038992199 | R60: 0.00039453631 | S60: 0.00037687401 | T60: 0.00034595472 | U60: 0.00032085838 | V60: 0.00030644119 | W60: 0.00027998514 | X60: 0.00030658014 | Y60: 0.00029393031 | Z60: 0.00027697006 | AA60: 0.00023587318 | AB60: 0.0002326664 | AC60: 0.00019888403 | AD60: 0.00019040657 | AE60: 0.00018222004 | AF60: 0.00020349726 | AG60: 0.00018366614 | AH60: 0.00021711804 | AI60: 0.0001840557 | AJ60: 0.00017884271 | AK60: 0.00015086492 | AL60: 0.00016245682 | AM60: 0.00015987198 | AN60: 0.00015667334 | AO60: 0.00015397886 | AP60: 0.00015101794 | AQ60: 0.00014863669 | AR60: 0.0001461468 | AS60: 0.00014355927 | AT60: 0.00014098289 | AU60: 0.00013815104 | AV60: 0.0001357449 | AW60: 0.00013294756 | AX60: 0.00012996264 | AY60: 0.00012638359 | AZ60: 0.00012319227 | BA60: 0.00011996857 | BB60: 0.00011695271 | BC60: 0.00011419451 | BD60: 0.00011177474 | BE60: 0.00010951923 | BF60: 0.00010753118 | BG60: 0.00010557299 | BH60: 0.00010342435 | BI60: 0.00010130591 | BJ60: 9.927322e-05 | BK60: 9.7321438e-05 | BL60: 9.5426997e-05 | BM60: 9.3602461e-05 | BN60: 9.1855351e-05 | BO60: 9.015028e-05 | BP60: 8.8654131e-05 | BQ60: 8.6847889e-05 | BR60: 8.5451142e-05 | BS60: 8.3920151e-05 | BT60: 8.2440357e-05 | BU60: 8.117808e-05 | BV60: 7.944244e-05 | BW60: 7.8382121e-05 | BX60: 7.6718589e-05 | BY60: 7.5391596e-05 | BZ60: 7.4080071e-05 | CA60: 7.2795206e-05 | CB60: 7.1509901e-05 | CC60: 7.0219959e-05 | CD60: 6.8646812e-05 | CE60: 6.7331159e-05 | CF60: 6.6035167e-05 | CG60: 6.4734588e-05 | CH60: 6.3195514e-05 | CI60: 6.1920063e-05 | CJ60: 6.0425481e-05 | CK60: 5.9194462e-05 | CL60: 5.7990574e-05 | CM60: 5.6822199e-05 | CN60: 5.5483036e-05 | CO60: 5.4200428e-05 | CP60: 5.3178801e-05 | CQ60: 5.2177439e-05 | CR60: 5.1017912e-05 | CS60: 4.9875354e-05 | CT60: 4.8767768e-05 | CU60: 4.769256e-05 | CV60: 4.6838828e-05 | CW60: 4.5648247e-05 | CX60: 4.4660693e-05 | CY60: 4.3884792e-05 | CZ60: 4.2963354e-05 | DA60: 4.2066489e-05 | DB60: 4.1024237e-05 | DC60: 4.0176699e-05 | DD60: 3.934494e-05 | DE60: 3.8366907e-05 | DF60: 3.7560475e-05 | DG60: 3.6622449e-05 | DH60: 3.5715741e-05 | DI60: 3.495636e-05 | DJ60: 3.4086161e-05 | DK60: 3.3239853e-05 | DL60: 3.2413702e-05 | DM60: 3.1599005e-05
A61: ='Population Definitions'!$B$9 -> 10-19F | C61: Probability (per year) | F61: OR | G61: 0.00020975695 | H61: 0.00021673194 | I61: 0.00023668264 | J61: 0.00021364646 | K61: 0.00020413139 | L61: 0.00019492358 | M61: 0.00021611922 | N61: 0.00018253313 | O61: 0.00019789501 | P61: 0.00019128571 | Q61: 0.00018327276 | R61: 0.00016269997 | S61: 0.00015975819 | T61: 0.00014023703 | U61: 0.00013828547 | V61: 0.00012033901 | W61: 0.00013988053 | X61: 0.00014725108 | Y61: 0.0001275538 | Z61: 0.00011518945 | AA61: 0.00012280725 | AB61: 0.00010150065 | AC61: 0.00010720312 | AD61: 9.706278e-05 | AE61: 9.9983266e-05 | AF61: 9.102385e-05 | AG61: 9.2049901e-05 | AH61: 0.00010505652 | AI61: 0.00010103987 | AJ61: 8.205446e-05 | AK61: 8.1941128e-05 | AL61: 9.4731575e-05 | AM61: 7.8381128e-05 | AN61: 7.6783114e-05 | AO61: 7.5096372e-05 | AP61: 7.3438958e-05 | AQ61: 7.1944978e-05 | AR61: 7.0462392e-05 | AS61: 6.8820539e-05 | AT61: 6.7204911e-05 | AU61: 6.5632147e-05 | AV61: 6.4328474e-05 | AW61: 6.2746155e-05 | AX61: 6.1131495e-05 | AY61: 5.9469706e-05 | AZ61: 5.7791498e-05 | BA61: 5.6185324e-05 | BB61: 5.4889305e-05 | BC61: 5.3448472e-05 | BD61: 5.2117425e-05 | BE61: 5.0851018e-05 | BF61: 4.9621015e-05 | BG61: 4.8221118e-05 | BH61: 4.7058487e-05 | BI61: 4.5920868e-05 | BJ61: 4.482382e-05 | BK61: 4.3760927e-05 | BL61: 4.2557969e-05 | BM61: 4.1562533e-05 | BN61: 4.0605165e-05 | BO61: 3.9512804e-05 | BP61: 3.8453647e-05 | BQ61: 3.7734712e-05 | BR61: 3.6734367e-05 | BS61: 3.591229e-05 | BT61: 3.4973136e-05 | BU61: 3.4066226e-05 | BV61: 3.3316391e-05 | BW61: 3.2456065e-05 | BX61: 3.1624413e-05 | BY61: 3.080923e-05 | BZ61: 3.0012925e-05 | CA61: 2.9360603e-05 | CB61: 2.8488661e-05 | CC61: 2.7745261e-05 | CD61: 2.7018739e-05 | CE61: 2.6298538e-05 | CF61: 2.5603607e-05 | CG61: 2.4914729e-05 | CH61: 2.4241819e-05 | CI61: 2.3496002e-05 | CJ61: 2.2764494e-05 | CK61: 2.2062677e-05 | CL61: 2.1378208e-05 | CM61: 2.0802985e-05 | CN61: 2.0169213e-05 | CO61: 1.9561368e-05 | CP61: 1.8901408e-05 | CQ61: 1.8409208e-05 | CR61: 1.7794217e-05 | CS61: 1.7335311e-05 | CT61: 1.675591e-05 | CU61: 1.6268108e-05 | CV61: 1.5668216e-05 | CW61: 1.521472e-05 | CX61: 1.4775599e-05 | CY61: 1.4234141e-05 | CZ61: 1.3830071e-05 | DA61: 1.3329441e-05 | DB61: 1.2848813e-05 | DC61: 1.2389491e-05 | DD61: 1.1948507e-05 | DE61: 1.1515533e-05 | DF61: 1.1101676e-05 | DG61: 1.0747114e-05 | DH61: 1.03172e-05 | DI61: 9.9517255e-06 | DJ61: 9.5200408e-06 | DK61: 9.1746205e-06 | DL61: 8.8491161e-06 | DM61: 8.4661931e-06
A62: ='Population Definitions'!$B$10 -> 20-29M | C62: Probability (per year) | F62: OR | G62: 0.0012641921 | H62: 0.0013642106 | I62: 0.0012768284 | J62: 0.0011360755 | K62: 0.0010644199 | L62: 0.0010949796 | M62: 0.0010473411 | N62: 0.00098283138 | O62: 0.00099995646 | P62: 0.00094649599 | Q62: 0.00096238759 | R62: 0.00091090668 | S62: 0.00089295993 | T62: 0.0007711976 | U62: 0.0007488923 | V62: 0.00073824604 | W62: 0.0006981631 | X62: 0.00068610076 | Y62: 0.00062019687 | Z62: 0.00059546638 | AA62: 0.0005277448 | AB62: 0.00053537589 | AC62: 0.0004924013 | AD62: 0.00045057257 | AE62: 0.00042548146 | AF62: 0.00042734457 | AG62: 0.00040849576 | AH62: 0.00046921281 | AI62: 0.00043877239 | AJ62: 0.0004244054 | AK62: 0.00043219918 | AL62: 0.00046074876 | AM62: 0.00036755131 | AN62: 0.00035923144 | AO62: 0.00035179978 | AP62: 0.00034386553 | AQ62: 0.00033737229 | AR62: 0.00033093428 | AS62: 0.00032460352 | AT62: 0.00031841492 | AU62: 0.00031176715 | AV62: 0.00030647947 | AW62: 0.00030075729 | AX62: 0.00029518758 | AY62: 0.00028917673 | AZ62: 0.00028438362 | BA62: 0.00027912067 | BB62: 0.00027393335 | BC62: 0.0002688339 | BD62: 0.00026381699 | BE62: 0.00025890054 | BF62: 0.00025453752 | BG62: 0.00025022473 | BH62: 0.00024548304 | BI62: 0.00024078292 | BJ62: 0.00023614699 | BK62: 0.00023161392 | BL62: 0.0002271873 | BM62: 0.00022287799 | BN62: 0.00021868142 | BO62: 0.00021458223 | BP62: 0.00021096639 | BQ62: 0.00020662014 | BR62: 0.00020313729 | BS62: 0.0001993315 | BT62: 0.0001956063 | BU62: 0.00019232116 | BV62: 0.00018801857 | BW62: 0.00018522077 | BX62: 0.00018109168 | BY62: 0.00017772326 | BZ62: 0.000174429 | CA62: 0.00017118699 | CB62: 0.00016801742 | CC62: 0.00016491454 | CD62: 0.00016125338 | CE62: 0.00015827411 | CF62: 0.00015535331 | CG62: 0.00015248774 | CH62: 0.00014911591 | CI62: 0.000146363 | CJ62: 0.00014312379 | CK62: 0.00014048418 | CL62: 0.00013789565 | CM62: 0.0001353478 | CN62: 0.0001323443 | CO62: 0.00012940083 | CP62: 0.00012700031 | CQ62: 0.00012464184 | CR62: 0.00012186554 | CS62: 0.00011914773 | CT62: 0.00011648917 | CU62: 0.00011389511 | CV62: 0.00011177749 | CW62: 0.00010887107 | CX62: 0.0001064493 | CY62: 0.00010448628 | CZ62: 0.00010216492 | DA62: 9.9904885e-05 | DB62: 9.7321218e-05 | DC62: 9.516819e-05 | DD62: 9.3060236e-05 | DE62: 9.0662829e-05 | DF62: 8.8657826e-05 | DG62: 8.6373237e-05 | DH62: 8.4153348e-05 | DI62: 8.2295654e-05 | DJ62: 8.0183947e-05 | DK62: 7.8121735e-05 | DL62: 7.6114457e-05 | DM62: 7.4158443e-05
A63: ='Population Definitions'!$B$11 -> 20-29F | C63: Probability (per year) | F63: OR | G63: 0.00037177995 | H63: 0.0003946375 | I63: 0.00037951068 | J63: 0.00038161041 | K63: 0.00036337863 | L63: 0.00035569874 | M63: 0.00035192053 | N63: 0.00031340956 | O63: 0.00031755371 | P63: 0.0002920648 | Q63: 0.00030355382 | R63: 0.00028529891 | S63: 0.00028180366 | T63: 0.00023672006 | U63: 0.00022112547 | V63: 0.00022924006 | W63: 0.00020475272 | X63: 0.00019979349 | Y63: 0.00018894668 | Z63: 0.00021466425 | AA63: 0.00017151852 | AB63: 0.00018552053 | AC63: 0.00017163787 | AD63: 0.00017729918 | AE63: 0.00016179968 | AF63: 0.00017157635 | AG63: 0.00017843796 | AH63: 0.0001831476 | AI63: 0.00015793661 | AJ63: 0.00015790731 | AK63: 0.00013838183 | AL63: 0.00014858305 | AM63: 0.00014572595 | AN63: 0.00014260803 | AO63: 0.00013932347 | AP63: 0.00013616018 | AQ63: 0.00013333094 | AR63: 0.00013053355 | AS63: 0.00012755619 | AT63: 0.0001246647 | AU63: 0.00012184821 | AV63: 0.00011957567 | AW63: 0.00011693433 | AX63: 0.00011439363 | AY63: 0.00011192079 | AZ63: 0.00010949302 | BA63: 0.00010711169 | BB63: 0.00010516715 | BC63: 0.00010284297 | BD63: 0.00010056724 | BE63: 9.8335575e-05 | BF63: 9.6140317e-05 | BG63: 9.3611824e-05 | BH63: 9.146731e-05 | BI63: 8.9325493e-05 | BJ63: 8.7215359e-05 | BK63: 8.5155252e-05 | BL63: 8.2849524e-05 | BM63: 8.0936283e-05 | BN63: 7.909942e-05 | BO63: 7.7022895e-05 | BP63: 7.5002108e-05 | BQ63: 7.3597592e-05 | BR63: 7.1670639e-05 | BS63: 7.0051926e-05 | BT63: 6.821768e-05 | BU63: 6.6437715e-05 | BV63: 6.4955276e-05 | BW63: 6.3265921e-05 | BX63: 6.1620135e-05 | BY63: 6.002952e-05 | BZ63: 5.8473187e-05 | CA63: 5.7179146e-05 | CB63: 5.549137e-05 | CC63: 5.4060187e-05 | CD63: 5.2670527e-05 | CE63: 5.1316892e-05 | CF63: 4.999671e-05 | CG63: 4.8711775e-05 | CH63: 4.7466156e-05 | CI63: 4.6073373e-05 | CJ63: 4.4720282e-05 | CK63: 4.3410836e-05 | CL63: 4.2133724e-05 | CM63: 4.1048629e-05 | CN63: 3.9834497e-05 | CO63: 3.8661824e-05 | CP63: 3.7371423e-05 | CQ63: 3.6395918e-05 | CR63: 3.518257e-05 | CS63: 3.4264416e-05 | CT63: 3.3120238e-05 | CU63: 3.2136188e-05 | CV63: 3.0937589e-05 | CW63: 3.0021218e-05 | CX63: 2.9132753e-05 | CY63: 2.8056166e-05 | CZ63: 2.7226491e-05 | DA63: 2.6222313e-05 | DB63: 2.5259257e-05 | DC63: 2.4331513e-05 | DD63: 2.3438852e-05 | DE63: 2.2576749e-05 | DF63: 2.1750995e-05 | DG63: 2.1035812e-05 | DH63: 2.0190176e-05 | DI63: 1.9450791e-05 | DJ63: 1.8597012e-05 | DK63: 1.7922984e-05 | DL63: 1.7264025e-05 | DM63: 1.6515258e-05
A64: ='Population Definitions'!$B$12 -> 30-39M | C64: Probability (per year) | F64: OR | G64: 0.0014952936 | H64: 0.0015880819 | I64: 0.0016303198 | J64: 0.0015749325 | K64: 0.0017097524 | L64: 0.0017504179 | M64: 0.0016629831 | N64: 0.0013758165 | O64: 0.0012682084 | P64: 0.0012045112 | Q64: 0.0011625848 | R64: 0.0011441115 | S64: 0.0010832399 | T64: 0.00098651941 | U64: 0.00091307266 | V64: 0.00087575231 | W64: 0.00087216689 | X64: 0.0008368436 | Y64: 0.00081265255 | Z64: 0.00076150218 | AA64: 0.00073630266 | AB64: 0.00069156202 | AC64: 0.00069875893 | AD64: 0.00065410801 | AE64: 0.00064350964 | AF64: 0.00065430217 | AG64: 0.00061918134 | AH64: 0.00066278567 | AI64: 0.00061746426 | AJ64: 0.00059096391 | AK64: 0.00062484883 | AL64: 0.00065921991 | AM64: 0.00053382603 | AN64: 0.0005218684 | AO64: 0.00051147495 | AP64: 0.00050046041 | AQ64: 0.00049156479 | AR64: 0.00048282542 | AS64: 0.00047391807 | AT64: 0.00046485205 | AU64: 0.00045508237 | AV64: 0.00044730735 | AW64: 0.00043909821 | AX64: 0.00043126854 | AY64: 0.00042290416 | AZ64: 0.0004162122 | BA64: 0.0004087021 | BB64: 0.00040100767 | BC64: 0.00039334344 | BD64: 0.00038590949 | BE64: 0.00037870186 | BF64: 0.00037249178 | BG64: 0.00036663889 | BH64: 0.0003603754 | BI64: 0.00035427202 | BJ64: 0.00034827476 | BK64: 0.00034229956 | BL64: 0.00033633179 | BM64: 0.00033037366 | BN64: 0.00032449054 | BO64: 0.00031869465 | BP64: 0.00031345455 | BQ64: 0.00030705265 | BR64: 0.00030173904 | BS64: 0.00029571153 | BT64: 0.00028966327 | BU64: 0.00028434928 | BV64: 0.00027766381 | BW64: 0.00027326696 | BX64: 0.00026711021 | BY64: 0.00026213137 | BZ64: 0.00025724891 | CA64: 0.0002524415 | CB64: 0.00024771994 | CC64: 0.00024306586 | CD64: 0.00023764149 | CE64: 0.00023321552 | CF64: 0.00022888852 | CG64: 0.0002246602 | CH64: 0.0002197113 | CI64: 0.0002156694 | CJ64: 0.00021091732 | CK64: 0.00020704632 | CL64: 0.00020325641 | CM64: 0.00019954368 | CN64: 0.00019518422 | CO64: 0.00019093088 | CP64: 0.00018745607 | CQ64: 0.00018405286 | CR64: 0.00018003383 | CS64: 0.00017610155 | CT64: 0.00017225076 | CU64: 0.00016847943 | CV64: 0.00016538774 | CW64: 0.00016113625 | CX64: 0.00015755544 | CY64: 0.00015460046 | CZ64: 0.00015112525 | DA64: 0.00014771412 | DB64: 0.00014383477 | DC64: 0.00014056255 | DD64: 0.0001373678 | DE64: 0.00013373384 | DF64: 0.0001306868 | DG64: 0.00012723826 | DH64: 0.00012389812 | DI64: 0.00012109922 | DJ64: 0.00011793795 | DK64: 0.00011485769 | DL64: 0.00011186984 | DM64: 0.00010896318
A65: ='Population Definitions'!$B$13 -> 30-39F | C65: Probability (per year) | F65: OR | G65: 0.00062767254 | H65: 0.00065362805 | I65: 0.00066555768 | J65: 0.00067234662 | K65: 0.00066958742 | L65: 0.00070060171 | M65: 0.00068105464 | N65: 0.00060187177 | O65: 0.00054899222 | P65: 0.00052415136 | Q65: 0.0005101514 | R65: 0.00050773984 | S65: 0.00048659498 | T65: 0.00045807424 | U65: 0.00041779717 | V65: 0.0004020541 | W65: 0.00039007789 | X65: 0.00037426413 | Y65: 0.00036950424 | Z65: 0.00035750482 | AA65: 0.00035525458 | AB65: 0.00035829013 | AC65: 0.00035159821 | AD65: 0.00034903078 | AE65: 0.00033477597 | AF65: 0.00032586495 | AG65: 0.00033796204 | AH65: 0.00034904765 | AI65: 0.00033602863 | AJ65: 0.00031415148 | AK65: 0.00029844221 | AL65: 0.00030215291 | AM65: 0.00028581021 | AN65: 0.00027990483 | AO65: 0.0002739821 | AP65: 0.00026825653 | AQ65: 0.00026321103 | AR65: 0.00025828682 | AS65: 0.00025271182 | AT65: 0.00024686074 | AU65: 0.00024094168 | AV65: 0.00023600642 | AW65: 0.0002304173 | AX65: 0.0002250569 | AY65: 0.00021995128 | AZ65: 0.00021515046 | BA65: 0.00021049897 | BB65: 0.00020655603 | BC65: 0.000201938 | BD65: 0.00019752484 | BE65: 0.00019323867 | BF65: 0.00018912448 | BG65: 0.00018460895 | BH65: 0.00018101147 | BI65: 0.00017753358 | BJ65: 0.00017409641 | BK65: 0.00017066091 | BL65: 0.00016660237 | BM65: 0.00016314722 | BN65: 0.00015972581 | BO65: 0.00015579408 | BP65: 0.00015187117 | BQ65: 0.00014904399 | BR65: 0.00014503828 | BS65: 0.00014146648 | BT65: 0.00013735054 | BU65: 0.00013339458 | BV65: 0.00013010428 | BW65: 0.00012651827 | BX65: 0.00012316299 | BY65: 0.0001199575 | BZ65: 0.00011683516 | CA65: 0.00011421554 | CB65: 0.00011081736 | CC65: 0.00010791587 | CD65: 0.00010510043 | CE65: 0.00010237816 | CF65: 9.9731063e-05 | CG65: 9.7163026e-05 | CH65: 9.4685549e-05 | CI65: 9.1917749e-05 | CJ65: 8.9236394e-05 | CK65: 8.6643125e-05 | CL65: 8.4133088e-05 | CM65: 8.2008744e-05 | CN65: 7.9639591e-05 | CO65: 7.7354132e-05 | CP65: 7.4849403e-05 | CQ65: 7.2968557e-05 | CR65: 7.0600681e-05 | CS65: 6.8825511e-05 | CT65: 6.659323e-05 | CU65: 6.4664021e-05 | CV65: 6.2321426e-05 | CW65: 6.0495597e-05 | CX65: 5.8709854e-05 | CY65: 5.654493e-05 | CZ65: 5.4847004e-05 | DA65: 5.280371e-05 | DB65: 5.0824778e-05 | DC65: 4.8918879e-05 | DD65: 4.7072894e-05 | DE65: 4.5302079e-05 | DF65: 4.3591018e-05 | DG65: 4.2107918e-05 | DH65: 4.0379918e-05 | DI65: 3.8877402e-05 | DJ65: 3.7149286e-05 | DK65: 3.5775881e-05 | DL65: 3.4451974e-05 | DM65: 3.2933186e-05
A66: ='Population Definitions'!$B$14 -> 40-49M | C66: Probability (per year) | F66: OR | G66: 0.0027463102 | H66: 0.0027624048 | I66: 0.0027528292 | J66: 0.002627427 | K66: 0.0026356626 | L66: 0.0025914317 | M66: 0.0024739515 | N66: 0.0024314437 | O66: 0.0023740845 | P66: 0.002310398 | Q66: 0.0022294898 | R66: 0.0022166915 | S66: 0.0021743415 | T66: 0.0020397063 | U66: 0.001973897 | V66: 0.0018810511 | W66: 0.0018878436 | X66: 0.0018396067 | Y66: 0.0017881003 | Z66: 0.0017320361 | AA66: 0.00165882 | AB66: 0.0016322472 | AC66: 0.0016110655 | AD66: 0.0015268277 | AE66: 0.0014830316 | AF66: 0.0015450807 | AG66: 0.001438318 | AH66: 0.0015457802 | AI66: 0.0014391196 | AJ66: 0.0014292706 | AK66: 0.0014871367 | AL66: 0.0014765116 | AM66: 0.0012987395 | AN66: 0.0012725988 | AO66: 0.0012473 | AP66: 0.0012189515 | AQ66: 0.0011954973 | AR66: 0.0011731504 | AS66: 0.0011509157 | AT66: 0.0011288521 | AU66: 0.0011055597 | AV66: 0.0010860519 | AW66: 0.001064803 | AX66: 0.0010452684 | AY66: 0.0010255614 | AZ66: 0.0010100115 | BA66: 0.00099324856 | BB66: 0.00097670956 | BC66: 0.00095927878 | BD66: 0.00094097021 | BE66: 0.0009229038 | BF66: 0.00090721311 | BG66: 0.00089263359 | BH66: 0.00087754377 | BI66: 0.0008630828 | BJ66: 0.00084875728 | BK66: 0.00083402927 | BL66: 0.00081842255 | BM66: 0.00080269956 | BN66: 0.00078756573 | BO66: 0.00077298066 | BP66: 0.00076058365 | BQ66: 0.00074667833 | BR66: 0.00073613485 | BS66: 0.00072464989 | BT66: 0.00071330342 | BU66: 0.0007030849 | BV66: 0.00068900583 | BW66: 0.00067963544 | BX66: 0.00066556146 | BY66: 0.00065398528 | BZ66: 0.00064218844 | CA66: 0.00063020913 | CB66: 0.00061788134 | CC66: 0.00060492128 | CD66: 0.00058965264 | CE66: 0.00057709838 | CF66: 0.00056503824 | CG66: 0.00055362634 | CH66: 0.00054104412 | CI66: 0.00053087393 | CJ66: 0.00051901622 | CK66: 0.00050920232 | CL66: 0.00049952285 | CM66: 0.00048999108 | CN66: 0.00047897482 | CO66: 0.00046825499 | CP66: 0.00045945793 | CQ66: 0.00045090354 | CR66: 0.00044095092 | CS66: 0.00043124644 | CT66: 0.00042170644 | CU66: 0.00041238397 | CV66: 0.00040479009 | CW66: 0.00039448678 | CX66: 0.00038586755 | CY66: 0.00037882344 | CZ66: 0.00037055003 | DA66: 0.00036244968 | DB66: 0.00035322357 | DC66: 0.00034547145 | DD66: 0.00033788821 | DE66: 0.00032924609 | DF66: 0.00032192655 | DG66: 0.00031356265 | DH66: 0.00030534085 | DI66: 0.00029835083 | DJ66: 0.00029039472 | DK66: 0.00028261458 | DL66: 0.00027500276 | DM66: 0.00026754951
A67: ='Population Definitions'!$B$15 -> 40-49F | C67: Probability (per year) | F67: OR | G67: 0.0014577577 | H67: 0.0014576013 | I67: 0.0013970561 | J67: 0.0013948155 | K67: 0.0013995641 | L67: 0.0014115587 | M67: 0.0013885708 | N67: 0.0013073614 | O67: 0.0013284876 | P67: 0.0012470731 | Q67: 0.001230322 | R67: 0.0012114521 | S67: 0.0011897671 | T67: 0.0011817077 | U67: 0.0011001674 | V67: 0.0010990059 | W67: 0.0010382029 | X67: 0.0010385931 | Y67: 0.0010082919 | Z67: 0.0010264601 | AA67: 0.0009933132 | AB67: 0.00098154447 | AC67: 0.00097633891 | AD67: 0.00094492227 | AE67: 0.00090075402 | AF67: 0.00092128557 | AG67: 0.00089919903 | AH67: 0.0009102928 | AI67: 0.00088582103 | AJ67: 0.00086858542 | AK67: 0.00087266483 | AL67: 0.00085728854 | AM67: 0.00080369893 | AN67: 0.00078889521 | AO67: 0.00077190498 | AP67: 0.00075421129 | AQ67: 0.0007383345 | AR67: 0.00072338304 | AS67: 0.00070732317 | AT67: 0.00069144275 | AU67: 0.0006762688 | AV67: 0.00066348175 | AW67: 0.00064841043 | AX67: 0.00063450571 | AY67: 0.00062171717 | AZ67: 0.0006093351 | BA67: 0.00059733764 | BB67: 0.00058763383 | BC67: 0.00057544748 | BD67: 0.00056259899 | BE67: 0.00054955149 | BF67: 0.00053674595 | BG67: 0.00052262895 | BH67: 0.00051082514 | BI67: 0.00049956458 | BJ67: 0.0004889746 | BK67: 0.0004786777 | BL67: 0.00046662478 | BM67: 0.00045645467 | BN67: 0.00044672054 | BO67: 0.00043569463 | BP67: 0.00042509835 | BQ67: 0.00041809591 | BR67: 0.00040865925 | BS67: 0.00040092509 | BT67: 0.00039188697 | BU67: 0.00038288714 | BV67: 0.00037521655 | BW67: 0.00036621378 | BX67: 0.00035730968 | BY67: 0.00034859186 | BZ67: 0.00033992028 | CA67: 0.00033238031 | CB67: 0.00032237595 | CC67: 0.00031334885 | CD67: 0.0003042989 | CE67: 0.0002956028 | CF67: 0.00028727807 | CG67: 0.00027940477 | CH67: 0.0002720049 | CI67: 0.00026398344 | CJ67: 0.00025619944 | CK67: 0.00024862406 | CL67: 0.00024124141 | CM67: 0.00023491014 | CN67: 0.00022794271 | CO67: 0.00022119849 | CP67: 0.00021390514 | CQ67: 0.00020837181 | CR67: 0.00020153425 | CS67: 0.00019634836 | CT67: 0.00018989799 | CU67: 0.00018432467 | CV67: 0.00017765474 | CW67: 0.00017246614 | CX67: 0.00016744971 | CY67: 0.00016140529 | CZ67: 0.00015669986 | DA67: 0.00015103784 | DB67: 0.00014555799 | DC67: 0.00014027398 | DD67: 0.00013518352 | DE67: 0.00013025854 | DF67: 0.00012549129 | DG67: 0.00012130801 | DH67: 0.00011637774 | DI67: 0.00011202893 | DJ67: 0.00010702973 | DK67: 0.0001029918 | DL67: 9.9088998e-05 | DM67: 9.4617629e-05
A68: ='Population Definitions'!$B$16 -> 50-59M | C68: Probability (per year) | F68: OR | G68: 0.0079077981 | H68: 0.0078088732 | I68: 0.0074216016 | J68: 0.0072168887 | K68: 0.0071471689 | L68: 0.006900656 | M68: 0.0066858392 | N68: 0.0065390304 | O68: 0.0063638824 | P68: 0.0062180643 | Q68: 0.0058852517 | R68: 0.0057540474 | S68: 0.0055210902 | T68: 0.0055356017 | U68: 0.0051737784 | V68: 0.0050683848 | W68: 0.0049632149 | X68: 0.0047598587 | Y68: 0.0046790821 | Z68: 0.004586613 | AA68: 0.0044159864 | AB68: 0.0043778083 | AC68: 0.0043115624 | AD68: 0.0041962467 | AE68: 0.0040874717 | AF68: 0.004118387 | AG68: 0.0039998592 | AH68: 0.0039825514 | AI68: 0.0038411863 | AJ68: 0.0037449634 | AK68: 0.0041104989 | AL68: 0.0041060371 | AM68: 0.0034892037 | AN68: 0.0034278453 | AO68: 0.0033691883 | AP68: 0.0033035273 | AQ68: 0.003251887 | AR68: 0.0032047587 | AS68: 0.0031600744 | AT68: 0.0031184714 | AU68: 0.0030734955 | AV68: 0.0030354385 | AW68: 0.0029875608 | AX68: 0.0029371524 | AY68: 0.0028786241 | AZ68: 0.0028272422 | BA68: 0.002772656 | BB68: 0.0027206794 | BC68: 0.0026688907 | BD68: 0.0026174873 | BE68: 0.0025676216 | BF68: 0.0025219871 | BG68: 0.0024765498 | BH68: 0.0024308722 | BI68: 0.0023888882 | BJ68: 0.0023483277 | BK68: 0.0023090513 | BL68: 0.0022702452 | BM68: 0.00222947 | BN68: 0.0021866214 | BO68: 0.0021442559 | BP68: 0.0021073746 | BQ68: 0.0020660898 | BR68: 0.0020343407 | BS68: 0.0020004837 | BT68: 0.0019668942 | BU68: 0.0019356733 | BV68: 0.0018924972 | BW68: 0.0018621733 | BX68: 0.0018203614 | BY68: 0.0017862335 | BZ68: 0.0017541803 | CA68: 0.0017247383 | CB68: 0.0016969077 | CC68: 0.0016699826 | CD68: 0.0016376853 | CE68: 0.001611021 | CF68: 0.0015838411 | CG68: 0.0015563815 | CH68: 0.0015237144 | CI68: 0.0014967489 | CJ68: 0.0014641943 | CK68: 0.0014363794 | CL68: 0.001407831 | CM68: 0.0013779766 | CN68: 0.0013428382 | CO68: 0.0013091746 | CP68: 0.0012814582 | CQ68: 0.0012552558 | CR68: 0.0012263299 | CS68: 0.0011987436 | CT68: 0.0011715729 | CU68: 0.0011448791 | CV68: 0.001122795 | CW68: 0.0010931327 | CX68: 0.0010681899 | CY68: 0.0010476731 | CZ68: 0.0010239915 | DA68: 0.0010009068 | DB68: 0.00097492918 | DC68: 0.00095307568 | DD68: 0.00093169724 | DE68: 0.00090752591 | DF68: 0.00088725683 | DG68: 0.00086432312 | DH68: 0.00084204673 | DI68: 0.00082338216 | DJ68: 0.00080212053 | DK68: 0.00078144547 | DL68: 0.000761309 | DM68: 0.00074156738
A69: ='Population Definitions'!$B$17 -> 50-59F | C69: Probability (per year) | F69: OR | G69: 0.0036712924 | H69: 0.0036164042 | I69: 0.0034872277 | J69: 0.0034478514 | K69: 0.0034053848 | L69: 0.0033568511 | M69: 0.0032998305 | N69: 0.0032047693 | O69: 0.0032004441 | P69: 0.0030182702 | Q69: 0.0029904805 | R69: 0.0029297528 | S69: 0.0029344789 | T69: 0.0029028445 | U69: 0.002754109 | V69: 0.0027066719 | W69: 0.0026495348 | X69: 0.0025863954 | Y69: 0.0025828997 | Z69: 0.0025874116 | AA69: 0.0024815016 | AB69: 0.0025147812 | AC69: 0.0024671012 | AD69: 0.0023886511 | AE69: 0.002341334 | AF69: 0.0024295206 | AG69: 0.0023087958 | AH69: 0.0023223593 | AI69: 0.0022636156 | AJ69: 0.0022075672 | AK69: 0.0023096879 | AL69: 0.0023260987 | AM69: 0.0020679282 | AN69: 0.0020346181 | AO69: 0.0019965341 | AP69: 0.0019578552 | AQ69: 0.0019242324 | AR69: 0.0018927921 | AS69: 0.0018596318 | AT69: 0.0018285145 | AU69: 0.0017985441 | AV69: 0.0017729324 | AW69: 0.0017390528 | AX69: 0.0017040812 | AY69: 0.0016675552 | AZ69: 0.0016298266 | BA69: 0.0015932182 | BB69: 0.0015637345 | BC69: 0.0015292387 | BD69: 0.0014951605 | BE69: 0.0014624821 | BF69: 0.0014301038 | BG69: 0.0013931514 | BH69: 0.0013632365 | BI69: 0.0013354666 | BJ69: 0.0013084961 | BK69: 0.0012823109 | BL69: 0.0012524486 | BM69: 0.0012262396 | BN69: 0.0011988604 | BO69: 0.0011671619 | BP69: 0.0011361406 | BQ69: 0.0011139334 | BR69: 0.0010850455 | BS69: 0.0010610239 | BT69: 0.0010347144 | BU69: 0.0010091434 | BV69: 0.00098693177 | BW69: 0.0009618872 | BX69: 0.0009378385 | BY69: 0.00091440484 | BZ69: 0.00089188007 | CA69: 0.00087366857 | CB69: 0.00085040497 | CC69: 0.00083081692 | CD69: 0.00081154314 | CE69: 0.00079243866 | CF69: 0.00077337859 | CG69: 0.00075443431 | CH69: 0.0007357066 | CI69: 0.00071489179 | CJ69: 0.00069436705 | CK69: 0.00067393747 | CL69: 0.00065349508 | CM69: 0.00063520516 | CN69: 0.00061474325 | CO69: 0.00059505374 | CP69: 0.00057420513 | CQ69: 0.00055840805 | CR69: 0.00053959165 | CS69: 0.00052539047 | CT69: 0.00050788183 | CU69: 0.00049263137 | CV69: 0.00047446791 | CW69: 0.0004601447 | CX69: 0.0004463019 | CY69: 0.00042983819 | CZ69: 0.00041697458 | DA69: 0.00040161419 | DB69: 0.00038683493 | DC69: 0.00037261428 | DD69: 0.00035890935 | DE69: 0.00034568884 | DF69: 0.00033298742 | DG69: 0.00032188987 | DH69: 0.00030894463 | DI69: 0.0002976199 | DJ69: 0.00028459017 | DK69: 0.00027410944 | DL69: 0.00026402613 | DM69: 0.0002524247
A70: ='Population Definitions'!$B$18 -> 60-69M | C70: Probability (per year) | F70: OR | G70: 0.021741668 | H70: 0.02148976 | I70: 0.020753451 | J70: 0.020281549 | K70: 0.019811276 | L70: 0.019221435 | M70: 0.018619677 | N70: 0.018080144 | O70: 0.017798143 | P70: 0.016873306 | Q70: 0.015909091 | R70: 0.015281609 | S70: 0.014739617 | T70: 0.014547231 | U70: 0.01381283 | V70: 0.013530628 | W70: 0.013016224 | X70: 0.012580854 | Y70: 0.012248078 | Z70: 0.012052923 | AA70: 0.011532341 | AB70: 0.011450349 | AC70: 0.011393244 | AD70: 0.011059978 | AE70: 0.010971622 | AF70: 0.011134327 | AG70: 0.010610388 | AH70: 0.010652257 | AI70: 0.010181061 | AJ70: 0.0099186965 | AK70: 0.01145712 | AL70: 0.011104122 | AM70: 0.0090238714 | AN70: 0.0088360534 | AO70: 0.0086606565 | AP70: 0.0084776763 | AQ70: 0.0083346304 | AR70: 0.0082010142 | AS70: 0.008078382 | AT70: 0.0079705917 | AU70: 0.0078553526 | AV70: 0.0077614 | AW70: 0.0076481574 | AX70: 0.0075302238 | AY70: 0.0073939034 | AZ70: 0.0072796059 | BA70: 0.0071592845 | BB70: 0.0070484875 | BC70: 0.0069426809 | BD70: 0.0068433143 | BE70: 0.0067475812 | BF70: 0.0066569228 | BG70: 0.0065567843 | BH70: 0.0064405538 | BI70: 0.0063181286 | BJ70: 0.0061912341 | BK70: 0.0060679182 | BL70: 0.0059500757 | BM70: 0.0058333025 | BN70: 0.0057175566 | BO70: 0.0056049773 | BP70: 0.0055022735 | BQ70: 0.0053818449 | BR70: 0.0052882931 | BS70: 0.0051928848 | BT70: 0.0051003889 | BU70: 0.0050193347 | BV70: 0.0049132792 | BW70: 0.004838289 | BX70: 0.004725702 | BY70: 0.0046313243 | BZ70: 0.0045411463 | CA70: 0.0044565166 | CB70: 0.0043765566 | CC70: 0.0042996808 | CD70: 0.0042087021 | CE70: 0.0041315649 | CF70: 0.0040506167 | CG70: 0.0039696484 | CH70: 0.0038775382 | CI70: 0.0038022326 | CJ70: 0.0037178799 | CK70: 0.0036518476 | CL70: 0.0035891842 | CM70: 0.0035286459 | CN70: 0.0034563135 | CO70: 0.0033841579 | CP70: 0.0033239277 | CQ70: 0.0032635213 | CR70: 0.0031917918 | CS70: 0.0031216148 | CT70: 0.0030508547 | CU70: 0.0029798181 | CV70: 0.0029191093 | CW70: 0.0028352691 | CX70: 0.0027619298 | CY70: 0.002701415 | CZ70: 0.0026337382 | DA70: 0.0025690768 | DB70: 0.0024989015 | DC70: 0.0024406011 | DD70: 0.0023835568 | DE70: 0.0023190787 | DF70: 0.0022644872 | DG70: 0.0022027379 | DH70: 0.0021428968 | DI70: 0.002092659 | DJ70: 0.0020360685 | DK70: 0.0019812568 | DL70: 0.0019282008 | DM70: 0.0018763636
A71: ='Population Definitions'!$B$19 -> 60-69F | C71: Probability (per year) | F71: OR | G71: 0.009737965 | H71: 0.0095357147 | I71: 0.00919987 | J71: 0.0090276593 | K71: 0.008815249 | L71: 0.0086176171 | M71: 0.0084591591 | N71: 0.0081747067 | O71: 0.0081421673 | P71: 0.0077600946 | Q71: 0.0074676259 | R71: 0.0072895607 | S71: 0.007074264 | T71: 0.0070657687 | U71: 0.0066501529 | V71: 0.0066430628 | W71: 0.0063714644 | X71: 0.0064044474 | Y71: 0.00619782 | Z71: 0.0061411194 | AA71: 0.0058350178 | AB71: 0.0059144405 | AC71: 0.0059861284 | AD71: 0.0058530604 | AE71: 0.0058369053 | AF71: 0.0059536144 | AG71: 0.0056708149 | AH71: 0.0058060639 | AI71: 0.0055959098 | AJ71: 0.005470466 | AK71: 0.005855108 | AL71: 0.005909562 | AM71: 0.0049867155 | AN71: 0.0048927612 | AO71: 0.0047896553 | AP71: 0.0046898936 | AQ71: 0.0046045857 | AR71: 0.0045237775 | AS71: 0.004440705 | AT71: 0.0043651423 | AU71: 0.0042924552 | AV71: 0.0042317081 | AW71: 0.0041549686 | AX71: 0.0040769484 | AY71: 0.0039962933 | AZ71: 0.0039148812 | BA71: 0.0038372966 | BB71: 0.0037771529 | BC71: 0.0037068415 | BD71: 0.003640598 | BE71: 0.0035767455 | BF71: 0.0035101562 | BG71: 0.0034275497 | BH71: 0.0033550342 | BI71: 0.0032798597 | BJ71: 0.0032025803 | BK71: 0.0031276659 | BL71: 0.0030460411 | BM71: 0.0029761113 | BN71: 0.0029071197 | BO71: 0.0028309645 | BP71: 0.0027560131 | BQ71: 0.0027008273 | BR71: 0.002631193 | BS71: 0.0025750079 | BT71: 0.0025115853 | BU71: 0.0024500788 | BV71: 0.0023985009 | BW71: 0.0023377066 | BX71: 0.0022753619 | BY71: 0.0022129901 | BZ71: 0.0021522044 | CA71: 0.0021011804 | CB71: 0.0020373303 | CC71: 0.0019833326 | CD71: 0.0019320536 | CE71: 0.0018823447 | CF71: 0.001832663 | CG71: 0.001784282 | CH71: 0.0017377658 | CI71: 0.0016864637 | CJ71: 0.0016372756 | CK71: 0.0015905657 | CL71: 0.0015460504 | CM71: 0.0015085908 | CN71: 0.0014664205 | CO71: 0.0014248662 | CP71: 0.0013789518 | CQ71: 0.0013436588 | CR71: 0.0012993219 | CS71: 0.0012656687 | CT71: 0.0012233284 | CU71: 0.0011858562 | CV71: 0.0011404555 | CW71: 0.0011035283 | CX71: 0.0010670701 | CY71: 0.0010245479 | CZ71: 0.0009913018 | DA71: 0.00095262969 | DB71: 0.00091607298 | DC71: 0.00088128841 | DD71: 0.00084782002 | DE71: 0.00081550303 | DF71: 0.00078436863 | DG71: 0.00075705529 | DH71: 0.00072540852 | DI71: 0.00069772186 | DJ71: 0.00066612656 | DK71: 0.00064072847 | DL71: 0.00061638851 | DM71: 0.00058850932
A72: ='Population Definitions'!$B$20 -> 70-79M | C72: Probability (per year) | F72: OR | G72: 0.054366597 | H72: 0.052958501 | I72: 0.050219957 | J72: 0.048812041 | K72: 0.047139419 | L72: 0.046145156 | M72: 0.045483165 | N72: 0.045397716 | O72: 0.046402675 | P72: 0.044874279 | Q72: 0.043164656 | R72: 0.041876359 | S72: 0.041004267 | T72: 0.040887744 | U72: 0.037759793 | V72: 0.037495669 | W72: 0.035514767 | X72: 0.034804661 | Y72: 0.033825671 | Z72: 0.032986264 | AA72: 0.031544217 | AB72: 0.03081182 | AC72: 0.030613051 | AD72: 0.029430518 | AE72: 0.028822356 | AF72: 0.029846459 | AG72: 0.028377544 | AH72: 0.02876054 | AI72: 0.027441408 | AJ72: 0.026756952 | AK72: 0.032376119 | AL72: 0.029909926 | AM72: 0.02423362 | AN72: 0.023954954 | AO72: 0.023670462 | AP72: 0.023295455 | AQ72: 0.022899137 | AR72: 0.022411532 | AS72: 0.021931141 | AT72: 0.021483625 | AU72: 0.021033911 | AV72: 0.02067755 | AW72: 0.020305818 | AX72: 0.019933803 | AY72: 0.019521018 | AZ72: 0.019190794 | BA72: 0.018856615 | BB72: 0.01854725 | BC72: 0.018265615 | BD72: 0.018022335 | BE72: 0.017793767 | BF72: 0.01758142 | BG72: 0.01735189 | BH72: 0.017079507 | BI72: 0.016792156 | BJ72: 0.016496751 | BK72: 0.016218431 | BL72: 0.015964931 | BM72: 0.015725191 | BN72: 0.015502036 | BO72: 0.015287408 | BP72: 0.015081541 | BQ72: 0.014799229 | BR72: 0.014555647 | BS72: 0.014269629 | BT72: 0.013971252 | BU72: 0.013705959 | BV72: 0.013383098 | BW72: 0.013157036 | BX72: 0.012840378 | BY72: 0.012578072 | BZ72: 0.012316903 | CA72: 0.012058604 | CB72: 0.011820969 | CC72: 0.011603421 | CD72: 0.011352959 | CE72: 0.011150756 | CF72: 0.010950433 | CG72: 0.010740399 | CH72: 0.010482179 | CI72: 0.010265577 | CJ72: 0.010023962 | CK72: 0.0098327832 | CL72: 0.0096543375 | CM72: 0.0094840375 | CN72: 0.009281324 | CO72: 0.0090751444 | CP72: 0.0088925689 | CQ72: 0.0087096348 | CR72: 0.0085021197 | CS72: 0.0083038312 | CT72: 0.0081163898 | CU72: 0.007942468 | CV72: 0.007807671 | CW72: 0.0076210312 | CX72: 0.0074656633 | CY72: 0.0073371366 | CZ72: 0.0071805583 | DA72: 0.0070230337 | DB72: 0.0068423055 | DC72: 0.0066902661 | DD72: 0.0065368852 | DE72: 0.0063587082 | DF72: 0.0062023893 | DG72: 0.0060178617 | DH72: 0.0058336583 | DI72: 0.0056792632 | DJ72: 0.0055109747 | DK72: 0.0053517522 | DL72: 0.005202971 | DM72: 0.0050603478
A73: ='Population Definitions'!$B$21 -> 70-79F | C73: Probability (per year) | F73: OR | G73: 0.030863481 | H73: 0.030026549 | I73: 0.028324053 | J73: 0.026989536 | K73: 0.025871019 | L73: 0.024816543 | M73: 0.024398455 | N73: 0.024508501 | O73: 0.024802554 | P73: 0.024077796 | Q73: 0.023178129 | R73: 0.022327789 | S73: 0.021765009 | T73: 0.022007631 | U73: 0.019894051 | V73: 0.019922579 | W73: 0.019169456 | X73: 0.018978723 | Y73: 0.018522463 | Z73: 0.018351145 | AA73: 0.017555747 | AB73: 0.017275464 | AC73: 0.017299726 | AD73: 0.016672531 | AE73: 0.016383614 | AF73: 0.017298208 | AG73: 0.016324765 | AH73: 0.016819511 | AI73: 0.01584469 | AJ73: 0.015649213 | AK73: 0.017931736 | AL73: 0.017223916 | AM73: 0.014235303 | AN73: 0.014094116 | AO73: 0.013905216 | AP73: 0.013686513 | AQ73: 0.013430051 | AR73: 0.013116541 | AS73: 0.012784781 | AT73: 0.012477774 | AU73: 0.012196814 | AV73: 0.011969499 | AW73: 0.011715254 | AX73: 0.011464516 | AY73: 0.011209989 | AZ73: 0.010965699 | BA73: 0.010741441 | BB73: 0.010567294 | BC73: 0.010372032 | BD73: 0.010199238 | BE73: 0.010034738 | BF73: 0.0098623577 | BG73: 0.0096510516 | BH73: 0.0094687339 | BI73: 0.0092778541 | BJ73: 0.0090835348 | BK73: 0.008900468 | BL73: 0.008700834 | BM73: 0.0085405136 | BN73: 0.0083918556 | BO73: 0.008220754 | BP73: 0.0080412682 | BQ73: 0.0079044098 | BR73: 0.0077057512 | BS73: 0.0075256916 | BT73: 0.0073124121 | BU73: 0.0071068442 | BV73: 0.0069378187 | BW73: 0.0067470313 | BX73: 0.0065593883 | BY73: 0.0063804027 | BZ73: 0.0062043987 | CA73: 0.0060517153 | CB73: 0.005869246 | CC73: 0.0057212877 | CD73: 0.0055784303 | CE73: 0.0054407072 | CF73: 0.0053063237 | CG73: 0.0051688551 | CH73: 0.0050254741 | CI73: 0.0048636243 | CJ73: 0.0047067015 | CK73: 0.0045565748 | CL73: 0.004412931 | CM73: 0.0042924177 | CN73: 0.004163931 | CO73: 0.004039767 | CP73: 0.0039018975 | CQ73: 0.0037962299 | CR73: 0.0036683387 | CS73: 0.003571372 | CT73: 0.003452974 | CU73: 0.0033540275 | CV73: 0.0032375551 | CW73: 0.0031486591 | CX73: 0.0030615785 | CY73: 0.0029537871 | CZ73: 0.0028691301 | DA73: 0.0027645557 | DB73: 0.0026626991 | DC73: 0.0025646513 | DD73: 0.0024687377 | DE73: 0.0023741193 | DF73: 0.002280452 | DG73: 0.0021949335 | DH73: 0.0020949283 | DI73: 0.0020076256 | DJ73: 0.0019106525 | DK73: 0.0018335053 | DL73: 0.0017615423 | DM73: 0.0016806029
A74: ='Population Definitions'!$B$22 -> 80-89M | C74: Probability (per year) | F74: OR | G74: 0.12774068 | H74: 0.12742034 | I74: 0.12174139 | J74: 0.12207066 | K74: 0.12002064 | L74: 0.1181319 | M74: 0.11665858 | N74: 0.11774406 | O74: 0.12130625 | P74: 0.12118303 | Q74: 0.11745627 | R74: 0.11249718 | S74: 0.10901488 | T74: 0.10986123 | U74: 0.097719734 | V74: 0.10042554 | W74: 0.097616566 | X74: 0.099470695 | Y74: 0.10032938 | Z74: 0.099771196 | AA74: 0.097499794 | AB74: 0.095740649 | AC74: 0.096776943 | AD74: 0.091871808 | AE74: 0.089122077 | AF74: 0.092936485 | AG74: 0.087649585 | AH74: 0.090273973 | AI74: 0.084399661 | AJ74: 0.079676852 | AK74: 0.093727559 | AL74: 0.085572781 | AM74: 0.078815086 | AN74: 0.078297229 | AO74: 0.078060394 | AP74: 0.077760748 | AQ74: 0.076947745 | AR74: 0.075404999 | AS74: 0.073778969 | AT74: 0.072191612 | AU74: 0.070574982 | AV74: 0.069927321 | AW74: 0.069946329 | AX74: 0.069910295 | AY74: 0.069558767 | AZ74: 0.069117587 | BA74: 0.068209809 | BB74: 0.066977936 | BC74: 0.065780052 | BD74: 0.064709677 | BE74: 0.063754426 | BF74: 0.06294146 | BG74: 0.06218258 | BH74: 0.061324783 | BI74: 0.060424113 | BJ74: 0.059583344 | BK74: 0.058858764 | BL74: 0.058230033 | BM74: 0.057712492 | BN74: 0.057356808 | BO74: 0.057055031 | BP74: 0.056741902 | BQ74: 0.056199191 | BR74: 0.055723719 | BS74: 0.055109158 | BT74: 0.054451274 | BU74: 0.053930797 | BV74: 0.053322762 | BW74: 0.053031581 | BX74: 0.052553371 | BY74: 0.052235569 | BZ74: 0.05181185 | CA74: 0.051247351 | CB74: 0.050598551 | CC74: 0.049855507 | CD74: 0.048918439 | CE74: 0.048138953 | CF74: 0.047417245 | CG74: 0.046688042 | CH74: 0.045835684 | CI74: 0.045124864 | CJ74: 0.044290216 | CK74: 0.043566564 | CL74: 0.042951928 | CM74: 0.042436709 | CN74: 0.041842021 | CO74: 0.041268581 | CP74: 0.040796476 | CQ74: 0.040251035 | CR74: 0.039527599 | CS74: 0.038817085 | CT74: 0.038159017 | CU74: 0.037578584 | CV74: 0.037162082 | CW74: 0.036585467 | CX74: 0.036099042 | CY74: 0.035660248 | CZ74: 0.035053528 | DA74: 0.034429662 | DB74: 0.033758764 | DC74: 0.033212457 | DD74: 0.032724392 | DE74: 0.032227057 | DF74: 0.031860824 | DG74: 0.031435042 | DH74: 0.031013176 | DI74: 0.030653557 | DJ74: 0.03019258 | DK74: 0.029713349 | DL74: 0.029236825 | DM74: 0.028762589
A75: ='Population Definitions'!$B$23 -> 80-89F | C75: Probability (per year) | F75: OR | G75: 0.09224193 | H75: 0.090895514 | I75: 0.086945769 | J75: 0.085871806 | K75: 0.084233342 | L75: 0.082385982 | M75: 0.080889803 | N75: 0.082224914 | O75: 0.084467877 | P75: 0.08455382 | Q75: 0.081887776 | R75: 0.07741246 | S75: 0.07457748 | T75: 0.075772962 | U75: 0.065203191 | V75: 0.067388513 | W75: 0.065656054 | X75: 0.067512314 | Y75: 0.068791567 | Z75: 0.068682114 | AA75: 0.066545896 | AB75: 0.065909301 | AC75: 0.067079976 | AD75: 0.063564164 | AE75: 0.061905123 | AF75: 0.066846811 | AG75: 0.061805679 | AH75: 0.064656243 | AI75: 0.060791041 | AJ75: 0.057346865 | AK75: 0.067373264 | AL75: 0.060529225 | AM75: 0.056728365 | AN75: 0.056387801 | AO75: 0.056144422 | AP75: 0.055962239 | AQ75: 0.055348767 | AR75: 0.054172344 | AS75: 0.052840605 | AT75: 0.051496815 | AU75: 0.050159268 | AV75: 0.049555749 | AW75: 0.049438398 | AX75: 0.04931182 | AY75: 0.049036425 | AZ75: 0.048581371 | BA75: 0.047839177 | BB75: 0.046953438 | BC75: 0.045967053 | BD75: 0.045091808 | BE75: 0.044326888 | BF75: 0.043605631 | BG75: 0.042830161 | BH75: 0.042158972 | BI75: 0.04145616 | BJ75: 0.040794222 | BK75: 0.040225011 | BL75: 0.039621151 | BM75: 0.039186622 | BN75: 0.038862856 | BO75: 0.038479239 | BP75: 0.038040385 | BQ75: 0.0377424 | BR75: 0.037221636 | BS75: 0.036736359 | BT75: 0.03613303 | BU75: 0.035585271 | BV75: 0.035194909 | BW75: 0.034758707 | BX75: 0.034385553 | BY75: 0.034040616 | BZ75: 0.033625356 | CA75: 0.033190854 | CB75: 0.032539528 | CC75: 0.031902828 | CD75: 0.031208256 | CE75: 0.03054423 | CF75: 0.029938566 | CG75: 0.029330887 | CH75: 0.028721511 | CI75: 0.028080837 | CJ75: 0.027441168 | CK75: 0.026795802 | CL75: 0.026230126 | CM75: 0.025804674 | CN75: 0.025334016 | CO75: 0.02488121 | CP75: 0.024379197 | CQ75: 0.02395797 | CR75: 0.023358027 | CS75: 0.022851372 | CT75: 0.022241383 | CU75: 0.021719242 | CV75: 0.0211225 | CW75: 0.020664706 | CX75: 0.020250284 | CY75: 0.01975203 | CZ75: 0.019335475 | DA75: 0.018832192 | DB75: 0.018361352 | DC75: 0.017907863 | DD75: 0.0174813 | DE75: 0.017097212 | DF75: 0.016748872 | DG75: 0.016457413 | DH75: 0.016086215 | DI75: 0.015750611 | DJ75: 0.015330995 | DK75: 0.014981446 | DL75: 0.014633012 | DM75: 0.014221466
A76: ='Population Definitions'!$B$24 -> 90+M | C76: Probability (per year) | F76: OR | G76: 0.27723841 | H76: 0.28588566 | I76: 0.28042471 | J76: 0.28090211 | K76: 0.28352809 | L76: 0.27848634 | M76: 0.27040251 | N76: 0.2755298 | O76: 0.27934455 | P76: 0.26956776 | Q76: 0.26537714 | R76: 0.26373682 | S76: 0.26005211 | T76: 0.27110743 | U76: 0.24459883 | V76: 0.2543819 | W76: 0.24836088 | X76: 0.25520491 | Y76: 0.2636506 | Z76: 0.26548026 | AA76: 0.26247116 | AB76: 0.25897533 | AC76: 0.25601949 | AD76: 0.24402667 | AE76: 0.23735737 | AF76: 0.25266171 | AG76: 0.24153672 | AH76: 0.25591665 | AI76: 0.24353851 | AJ76: 0.21840997 | AK76: 0.23887733 | AL76: 0.22742571 | AM76: 0.23178138 | AN76: 0.23075464 | AO76: 0.22972498 | AP76: 0.22877128 | AQ76: 0.22819232 | AR76: 0.22715367 | AS76: 0.22566126 | AT76: 0.22410006 | AU76: 0.22264202 | AV76: 0.22179211 | AW76: 0.22126363 | AX76: 0.22132946 | AY76: 0.22154882 | AZ76: 0.22203056 | BA76: 0.22051808 | BB76: 0.21749386 | BC76: 0.21491504 | BD76: 0.21282201 | BE76: 0.21100067 | BF76: 0.2106315 | BG76: 0.21134816 | BH76: 0.21158462 | BI76: 0.21112349 | BJ76: 0.2099343 | BK76: 0.20857008 | BL76: 0.20711781 | BM76: 0.20566556 | BN76: 0.20426179 | BO76: 0.20281333 | BP76: 0.20142531 | BQ76: 0.19979568 | BR76: 0.19840211 | BS76: 0.19687097 | BT76: 0.19556447 | BU76: 0.1946911 | BV76: 0.19371223 | BW76: 0.19344731 | BX76: 0.19311679 | BY76: 0.19318603 | BZ76: 0.19304138 | CA76: 0.19266151 | CB76: 0.19216485 | CC76: 0.191717 | CD76: 0.1910059 | CE76: 0.19064456 | CF76: 0.19054018 | CG76: 0.19051791 | CH76: 0.19052222 | CI76: 0.19076743 | CJ76: 0.19043325 | CK76: 0.18994767 | CL76: 0.1892267 | CM76: 0.1883523 | CN76: 0.18704923 | CO76: 0.18566049 | CP76: 0.1844842 | CQ76: 0.18312755 | CR76: 0.18139358 | CS76: 0.17966344 | CT76: 0.17791066 | CU76: 0.17626303 | CV76: 0.17523689 | CW76: 0.17410625 | CX76: 0.17322989 | CY76: 0.17249454 | CZ76: 0.1714978 | DA76: 0.17039312 | DB76: 0.16892105 | DC76: 0.16770215 | DD76: 0.166718 | DE76: 0.16585563 | DF76: 0.16529684 | DG76: 0.16442015 | DH76: 0.1635025 | DI76: 0.16267429 | DJ76: 0.16146106 | DK76: 0.16029913 | DL76: 0.15930284 | DM76: 0.15842002
A77: ='Population Definitions'!$B$25 -> 90+F | C77: Probability (per year) | F77: OR | G77: 0.24538519 | H77: 0.24402611 | I77: 0.23592296 | J77: 0.23464266 | K77: 0.2340967 | L77: 0.22877528 | M77: 0.21920092 | N77: 0.2264662 | O77: 0.22987992 | P77: 0.22510281 | Q77: 0.21789902 | R77: 0.21451053 | S77: 0.21521847 | T77: 0.22684748 | U77: 0.19892104 | V77: 0.21262066 | W77: 0.20405008 | X77: 0.21097305 | Y77: 0.2196296 | Z77: 0.22262949 | AA77: 0.21934745 | AB77: 0.21596576 | AC77: 0.21664781 | AD77: 0.20116952 | AE77: 0.19385399 | AF77: 0.21278003 | AG77: 0.19855697 | AH77: 0.21204991 | AI77: 0.20474127 | AJ77: 0.19422568 | AK77: 0.21264579 | AL77: 0.20094009 | AM77: 0.19937542 | AN77: 0.19890992 | AO77: 0.19812557 | AP77: 0.1975154 | AQ77: 0.19703616 | AR77: 0.19602616 | AS77: 0.1944376 | AT77: 0.19273028 | AU77: 0.19128427 | AV77: 0.19040914 | AW77: 0.18977547 | AX77: 0.18974837 | AY77: 0.19011633 | AZ77: 0.19064501 | BA77: 0.18934066 | BB77: 0.18658292 | BC77: 0.18396755 | BD77: 0.18175489 | BE77: 0.17976286 | BF77: 0.17908841 | BG77: 0.17932592 | BH77: 0.17954505 | BI77: 0.17911698 | BJ77: 0.17793301 | BK77: 0.1767438 | BL77: 0.1753604 | BM77: 0.17408116 | BN77: 0.17282355 | BO77: 0.17131087 | BP77: 0.16967438 | BQ77: 0.16841117 | BR77: 0.16680738 | BS77: 0.16542794 | BT77: 0.16412269 | BU77: 0.16314281 | BV77: 0.16256669 | BW77: 0.16203101 | BX77: 0.16189563 | BY77: 0.16194921 | BZ77: 0.16184647 | CA77: 0.16177726 | CB77: 0.16128021 | CC77: 0.16099456 | CD77: 0.16065909 | CE77: 0.16041803 | CF77: 0.16041752 | CG77: 0.16051245 | CH77: 0.16087708 | CI77: 0.16112144 | CJ77: 0.16104197 | CK77: 0.160594 | CL77: 0.15991804 | CM77: 0.15927438 | CN77: 0.15818554 | CO77: 0.15695073 | CP77: 0.15556009 | CQ77: 0.1542492 | CR77: 0.1524336 | CS77: 0.15094945 | CT77: 0.149179 | CU77: 0.14767017 | CV77: 0.14626264 | CW77: 0.14546248 | CX77: 0.14477373 | CY77: 0.14376992 | CZ77: 0.1430232 | DA77: 0.14198166 | DB77: 0.14071926 | DC77: 0.1392644 | DD77: 0.13783568 | DE77: 0.13659777 | DF77: 0.13535452 | DG77: 0.13412082 | DH77: 0.13276961 | DI77: 0.1316646 | DJ77: 0.13028137 | DK77: 0.1292276 | DL77: 0.12838069 | DM77: 0.12749398
A79: Age/sex specific years life remaining | B79: Provenance | C79: Units | D79: Uncertainty | E79: Constant | G79: 1990 | H79: 1991 | I79: 1992 | J79: 1993 | K79: 1994 | L79: 1995 | M79: 1996 | N79: 1997 | O79: 1998 | P79: 1999 | Q79: 2000 | R79: 2001 | S79: 2002 | T79: 2003 | U79: 2004 | V79: 2005 | W79: 2006 | X79: 2007 | Y79: 2008 | Z79: 2009 | AA79: 2010 | AB79: 2011 | AC79: 2012 | AD79: 2013 | AE79: 2014 | AF79: 2015 | AG79: 2016 | AH79: 2017 | AI79: 2018 | AJ79: 2019 | AK79: 2020 | AL79: 2021 | AM79: 2022 | AN79: 2023 | AO79: 2024 | AP79: 2025 | AQ79: 2026 | AR79: 2027 | AS79: 2028 | AT79: 2029 | AU79: 2030 | AV79: 2031 | AW79: 2032 | AX79: 2033 | AY79: 2034 | AZ79: 2035 | BA79: 2036 | BB79: 2037 | BC79: 2038 | BD79: 2039 | BE79: 2040 | BF79: 2041 | BG79: 2042 | BH79: 2043 | BI79: 2044 | BJ79: 2045 | BK79: 2046 | BL79: 2047 | BM79: 2048 | BN79: 2049 | BO79: 2050 | BP79: 2051 | BQ79: 2052 | BR79: 2053 | BS79: 2054 | BT79: 2055 | BU79: 2056 | BV79: 2057 | BW79: 2058 | BX79: 2059 | BY79: 2060 | BZ79: 2061 | CA79: 2062 | CB79: 2063 | CC79: 2064 | CD79: 2065 | CE79: 2066 | CF79: 2067 | CG79: 2068 | CH79: 2069 | CI79: 2070 | CJ79: 2071 | CK79: 2072 | CL79: 2073 | CM79: 2074 | CN79: 2075 | CO79: 2076 | CP79: 2077 | CQ79: 2078 | CR79: 2079 | CS79: 2080 | CT79: 2081 | CU79: 2082 | CV79: 2083 | CW79: 2084 | CX79: 2085 | CY79: 2086 | CZ79: 2087 | DA79: 2088 | DB79: 2089 | DC79: 2090 | DD79: 2091 | DE79: 2092 | DF79: 2093 | DG79: 2094 | DH79: 2095 | DI79: 2096 | DJ79: 2097 | DK79: 2098 | DL79: 2099 | DM79: 2100
A80: ='Population Definitions'!$B$2 -> 0-0M | C80: Number | F80: OR | G80: 73.635 | H80: 73.5925 | I80: 73.9749 | J80: 74.3611 | K80: 74.5618 | L80: 74.7776 | M80: 75.1856 | N80: 75.5387 | O80: 75.6419 | P80: 76.0581 | Q80: 76.5328 | R80: 76.7959 | S80: 77.0751 | T80: 77.32 | U80: 78.0585 | V80: 78.1657 | W80: 78.5657 | X80: 78.749 | Y80: 78.9485 | Z80: 79.1425 | AA80: 79.5431 | AB80: 79.7083 | AC80: 79.8117 | AD80: 80.2107 | AE80: 80.4987 | AF80: 80.2293 | AG80: 80.7379 | AH80: 80.4499 | AI80: 80.9483 | AJ80: 81.357 | AK80: 80.0355 | AL80: 80.5189 | AM80: 81.9744 | AN80: 82.1455 | AO80: 82.3019 | AP80: 82.4714 | AQ80: 82.6123 | AR80: 82.7528 | AS80: 82.8926 | AT80: 83.0319 | AU80: 83.1841 | AV80: 83.3086 | AW80: 83.4461 | AX80: 83.583 | AY80: 83.7326 | AZ80: 83.8551 | BA80: 83.9901 | BB80: 84.1245 | BC80: 84.2584 | BD80: 84.3917 | BE80: 84.5243 | BF80: 84.6436 | BG80: 84.7624 | BH80: 84.8933 | BI80: 85.0235 | BJ80: 85.1531 | BK80: 85.2821 | BL80: 85.4104 | BM80: 85.5378 | BN80: 85.6646 | BO80: 85.7909 | BP80: 85.9047 | BQ80: 86.0414 | BR80: 86.1536 | BS80: 86.277 | BT80: 86.3999 | BU80: 86.5105 | BV80: 86.6551 | BW80: 86.7528 | BX80: 86.8955 | BY80: 87.0149 | BZ80: 87.1332 | CA80: 87.2508 | CB80: 87.3679 | CC80: 87.4841 | CD80: 87.6213 | CE80: 87.7358 | CF80: 87.8498 | CG80: 87.9628 | CH80: 88.0963 | CI80: 88.208 | CJ80: 88.3392 | CK80: 88.4492 | CL80: 88.5584 | CM80: 88.6665 | CN80: 88.7941 | CO80: 88.9207 | CP80: 89.0265 | CQ80: 89.1311 | CR80: 89.2549 | CS80: 89.3772 | CT80: 89.4987 | CU80: 89.6194 | CV80: 89.7199 | CW80: 89.8569 | CX80: 89.9741 | CY80: 90.072 | CZ80: 90.1871 | DA80: 90.3014 | DB80: 90.4323 | DC80: 90.5442 | DD80: 90.6548 | DE80: 90.7818 | DF80: 90.8904 | DG80: 91.0148 | DH80: 91.1379 | DI80: 91.243 | DJ80: 91.3636 | DK80: 91.4826 | DL80: 91.6001 | DM80: 91.7167
A81: ='Population Definitions'!$B$3 -> 0-0F | C81: Number | F81: OR | G81: 80.2526 | H81: 80.3022 | I81: 80.6599 | J81: 80.8289 | K81: 81.0683 | L81: 81.3347 | M81: 81.5421 | N81: 81.7772 | O81: 81.822 | P81: 82.1906 | Q81: 82.4961 | R81: 82.7852 | S81: 82.9572 | T81: 82.8742 | U81: 83.7606 | V81: 83.6728 | W81: 84.0521 | X81: 84.0432 | Y81: 84.1361 | Z81: 84.176 | AA81: 84.5189 | AB81: 84.5534 | AC81: 84.5098 | AD81: 84.9077 | AE81: 85.1166 | AF81: 84.6547 | AG81: 85.1802 | AH81: 84.8565 | AI81: 85.2678 | AJ81: 85.6027 | AK81: 84.6905 | AL81: 85.0955 | AM81: 85.9999 | AN81: 86.1276 | AO81: 86.266 | AP81: 86.4035 | AQ81: 86.5288 | AR81: 86.6535 | AS81: 86.7884 | AT81: 86.9224 | AU81: 87.0556 | AV81: 87.1663 | AW81: 87.2979 | AX81: 87.4285 | AY81: 87.5584 | AZ81: 87.6872 | BA81: 87.8152 | BB81: 87.9218 | BC81: 88.0482 | BD81: 88.1737 | BE81: 88.2984 | BF81: 88.4221 | BG81: 88.5647 | BH81: 88.6865 | BI81: 88.8075 | BJ81: 88.9276 | BK81: 89.0468 | BL81: 89.184 | BM81: 89.3011 | BN81: 89.4174 | BO81: 89.5513 | BP81: 89.684 | BQ81: 89.7794 | BR81: 89.9098 | BS81: 90.0214 | BT81: 90.1497 | BU81: 90.2768 | BV81: 90.3857 | BW81: 90.5104 | BX81: 90.634 | BY81: 90.7566 | BZ81: 90.8777 | CA81: 90.9814 | CB81: 91.1166 | CC81: 91.2343 | CD81: 91.3509 | CE81: 91.4661 | CF81: 91.5804 | CG81: 91.6934 | CH81: 91.8054 | CI81: 91.9312 | CJ81: 92.0553 | CK81: 92.1781 | CL81: 92.2996 | CM81: 92.405 | CN81: 92.5236 | CO81: 92.6409 | CP81: 92.7703 | CQ81: 92.8708 | CR81: 92.9973 | CS81: 93.0954 | CT81: 93.2187 | CU81: 93.3279 | CV81: 93.4605 | CW81: 93.5664 | CX81: 93.6711 | CY81: 93.7986 | CZ81: 93.9003 | DA81: 94.0244 | DB81: 94.1468 | DC81: 94.2671 | DD81: 94.3855 | DE81: 94.5023 | DF81: 94.6172 | DG81: 94.7198 | DH81: 94.8421 | DI81: 94.9519 | DJ81: 95.0806 | DK81: 95.1868 | DL81: 95.2913 | DM81: 95.4139
A82: ='Population Definitions'!$B$4 -> 1-4M | C82: Number | F82: OR | G82: 73.3061 | H82: 73.2795 | I82: 73.6625 | J82: 73.9228 | K82: 74.0929 | L82: 74.2984 | M82: 74.6663 | N82: 74.9824 | O82: 75.0734 | P82: 75.4844 | Q82: 75.902 | R82: 76.1794 | S82: 76.4515 | T82: 76.622 | U82: 77.3773 | V82: 77.4678 | W82: 77.8686 | X82: 78.0274 | Y82: 78.2339 | Z82: 78.4358 | AA82: 78.818 | AB82: 78.971 | AC82: 79.0612 | AD82: 79.4766 | AE82: 79.7382 | AF82: 79.4744 | AG82: 79.9798 | AH82: 79.695 | AI82: 80.1973 | AJ82: 80.5658 | AK82: 79.2355 | AL82: 79.7149 | AM82: 81.1596 | AN82: 81.3246 | AO82: 81.4756 | AP82: 81.6395 | AQ82: 81.776 | AR82: 81.9122 | AS82: 82.0479 | AT82: 82.1831 | AU82: 82.3311 | AV82: 82.4523 | AW82: 82.5863 | AX82: 82.7197 | AY82: 82.8657 | AZ82: 82.9852 | BA82: 83.1172 | BB82: 83.2486 | BC82: 83.3796 | BD82: 83.51 | BE82: 83.6399 | BF82: 83.7569 | BG82: 83.8735 | BH82: 84.0019 | BI82: 84.1298 | BJ82: 84.2571 | BK82: 84.3838 | BL82: 84.5099 | BM82: 84.6352 | BN82: 84.76 | BO82: 84.8844 | BP82: 84.9964 | BQ82: 85.131 | BR82: 85.2417 | BS82: 85.3633 | BT82: 85.4845 | BU82: 85.5937 | BV82: 85.7363 | BW82: 85.8328 | BX82: 85.9736 | BY82: 86.0915 | BZ82: 86.2085 | CA82: 86.3246 | CB82: 86.4404 | CC82: 86.5554 | CD82: 86.6909 | CE82: 86.8041 | CF82: 86.917 | CG82: 87.0288 | CH82: 87.1609 | CI82: 87.2715 | CJ82: 87.4014 | CK82: 87.5103 | CL82: 87.6185 | CM82: 87.7255 | CN82: 87.8519 | CO82: 87.9774 | CP82: 88.0822 | CQ82: 88.186 | CR82: 88.3087 | CS82: 88.4298 | CT82: 88.5503 | CU82: 88.6701 | CV82: 88.7697 | CW82: 88.9055 | CX82: 89.0218 | CY82: 89.119 | CZ82: 89.2332 | DA82: 89.3466 | DB82: 89.4766 | DC82: 89.5876 | DD82: 89.6974 | DE82: 89.8235 | DF82: 89.9313 | DG82: 90.0548 | DH82: 90.177 | DI82: 90.2814 | DJ82: 90.4012 | DK82: 90.5194 | DL82: 90.6361 | DM82: 90.7519
A83: ='Population Definitions'!$B$5 -> 1-4F | C83: Number | F83: OR | G83: 79.8308 | H83: 79.9065 | I83: 80.241 | J83: 80.3434 | K83: 80.5356 | L83: 80.7703 | M83: 81.0212 | N83: 81.1922 | O83: 81.2364 | P83: 81.5732 | Q83: 81.8471 | R83: 82.14 | S83: 82.2861 | T83: 82.1713 | U83: 83.0592 | V83: 82.9478 | W83: 83.3073 | X83: 83.3017 | Y83: 83.3933 | Z83: 83.4416 | AA83: 83.7629 | AB83: 83.7949 | AC83: 83.7487 | AD83: 84.1188 | AE83: 84.3308 | AF83: 83.8787 | AG83: 84.4022 | AH83: 84.0836 | AI83: 84.4892 | AJ83: 84.7891 | AK83: 83.87 | AL83: 84.2712 | AM83: 85.1725 | AN83: 85.2949 | AO83: 85.4277 | AP83: 85.5599 | AQ83: 85.6805 | AR83: 85.8007 | AS83: 85.931 | AT83: 86.0605 | AU83: 86.1893 | AV83: 86.2966 | AW83: 86.4242 | AX83: 86.551 | AY83: 86.6772 | AZ83: 86.8024 | BA83: 86.927 | BB83: 87.0309 | BC83: 87.1541 | BD83: 87.2766 | BE83: 87.3983 | BF83: 87.5193 | BG83: 87.6587 | BH83: 87.7779 | BI83: 87.8964 | BJ83: 88.0141 | BK83: 88.131 | BL83: 88.2655 | BM83: 88.3805 | BN83: 88.4948 | BO83: 88.6263 | BP83: 88.7567 | BQ83: 88.8506 | BR83: 88.9789 | BS83: 89.0888 | BT83: 89.2151 | BU83: 89.3403 | BV83: 89.4477 | BW83: 89.5706 | BX83: 89.6925 | BY83: 89.8135 | BZ83: 89.9331 | CA83: 90.0354 | CB83: 90.169 | CC83: 90.2853 | CD83: 90.4004 | CE83: 90.5143 | CF83: 90.6274 | CG83: 90.7392 | CH83: 90.85 | CI83: 90.9745 | CJ83: 91.0972 | CK83: 91.2188 | CL83: 91.3391 | CM83: 91.4435 | CN83: 91.561 | CO83: 91.6772 | CP83: 91.8055 | CQ83: 91.9051 | CR83: 92.0305 | CS83: 92.1278 | CT83: 92.2501 | CU83: 92.3584 | CV83: 92.4899 | CW83: 92.595 | CX83: 92.6989 | CY83: 92.8255 | CZ83: 92.9264 | DA83: 93.0497 | DB83: 93.1712 | DC83: 93.2907 | DD83: 93.4082 | DE83: 93.5242 | DF83: 93.6384 | DG83: 93.7405 | DH83: 93.862 | DI83: 93.9711 | DJ83: 94.099 | DK83: 94.2046 | DL83: 94.3085 | DM83: 94.4304
A84: ='Population Definitions'!$B$6 -> 5-9M | C84: Number | F84: OR | G84: 69.3949 | H84: 69.3727 | I84: 69.7597 | J84: 70.0326 | K84: 70.1849 | L84: 70.3864 | M84: 70.7532 | N84: 71.0615 | O84: 71.1415 | P84: 71.5441 | Q84: 71.9585 | R84: 72.2465 | S84: 72.5196 | T84: 72.6758 | U84: 73.4296 | V84: 73.5223 | W84: 73.9204 | X84: 74.0748 | Y84: 74.2845 | Z84: 74.4841 | AA84: 74.8635 | AB84: 75.0151 | AC84: 75.1045 | AD84: 75.5249 | AE84: 75.7787 | AF84: 75.5133 | AG84: 76.0111 | AH84: 75.7403 | AI84: 76.2428 | AJ84: 76.6116 | AK84: 75.2795 | AL84: 75.7581 | AM84: 77.1952 | AN84: 77.3592 | AO84: 77.5092 | AP84: 77.6721 | AQ84: 77.8078 | AR84: 77.9432 | AS84: 78.0781 | AT84: 78.2126 | AU84: 78.3598 | AV84: 78.4804 | AW84: 78.6138 | AX84: 78.7466 | AY84: 78.8918 | AZ84: 79.0109 | BA84: 79.1422 | BB84: 79.273 | BC84: 79.4035 | BD84: 79.5334 | BE84: 79.6628 | BF84: 79.7794 | BG84: 79.8956 | BH84: 80.0235 | BI84: 80.1509 | BJ84: 80.2778 | BK84: 80.404 | BL84: 80.5297 | BM84: 80.6546 | BN84: 80.779 | BO84: 80.903 | BP84: 81.0148 | BQ84: 81.1489 | BR84: 81.2593 | BS84: 81.3806 | BT84: 81.5014 | BU84: 81.6104 | BV84: 81.7526 | BW84: 81.8489 | BX84: 81.9893 | BY84: 82.1069 | BZ84: 82.2236 | CA84: 82.3394 | CB84: 82.455 | CC84: 82.5697 | CD84: 82.7049 | CE84: 82.8179 | CF84: 82.9305 | CG84: 83.0421 | CH84: 83.1739 | CI84: 83.2842 | CJ84: 83.4138 | CK84: 83.5225 | CL84: 83.6306 | CM84: 83.7374 | CN84: 83.8635 | CO84: 83.9887 | CP84: 84.0934 | CQ84: 84.197 | CR84: 84.3195 | CS84: 84.4404 | CT84: 84.5606 | CU84: 84.6802 | CV84: 84.7797 | CW84: 84.9153 | CX84: 85.0314 | CY84: 85.1285 | CZ84: 85.2425 | DA84: 85.3557 | DB84: 85.4854 | DC84: 85.5963 | DD84: 85.7059 | DE84: 85.8318 | DF84: 85.9394 | DG84: 86.0628 | DH84: 86.1848 | DI84: 86.2891 | DJ84: 86.4086 | DK84: 86.5267 | DL84: 86.6433 | DM84: 86.7589
A85: ='Population Definitions'!$B$7 -> 5-9F | C85: Number | F85: OR | G85: 75.9145 | H85: 76.0028 | I85: 76.3348 | J85: 76.459 | K85: 76.6403 | L85: 76.8629 | M85: 77.1013 | N85: 77.2974 | O85: 77.297 | P85: 77.6316 | Q85: 77.9113 | R85: 78.2027 | S85: 78.3474 | T85: 78.2245 | U85: 79.1113 | V85: 78.9916 | W85: 79.3546 | X85: 79.3458 | Y85: 79.4398 | Z85: 79.4826 | AA85: 79.8089 | AB85: 79.8335 | AC85: 79.7906 | AD85: 80.1559 | AE85: 80.3688 | AF85: 79.9199 | AG85: 80.4362 | AH85: 80.1208 | AI85: 80.5274 | AJ85: 80.824 | AK85: 79.9037 | AL85: 80.3043 | AM85: 81.2056 | AN85: 81.3271 | AO85: 81.4588 | AP85: 81.5901 | AQ85: 81.7099 | AR85: 81.8293 | AS85: 81.9586 | AT85: 82.0873 | AU85: 82.2154 | AV85: 82.322 | AW85: 82.4489 | AX85: 82.575 | AY85: 82.7005 | AZ85: 82.8251 | BA85: 82.949 | BB85: 83.0524 | BC85: 83.1751 | BD85: 83.297 | BE85: 83.4181 | BF85: 83.5385 | BG85: 83.6773 | BH85: 83.7961 | BI85: 83.9141 | BJ85: 84.0314 | BK85: 84.1478 | BL85: 84.2818 | BM85: 84.3964 | BN85: 84.5102 | BO85: 84.6413 | BP85: 84.7713 | BQ85: 84.8649 | BR85: 84.9928 | BS85: 85.1023 | BT85: 85.2283 | BU85: 85.3531 | BV85: 85.4602 | BW85: 85.5828 | BX85: 85.7044 | BY85: 85.825 | BZ85: 85.9443 | CA85: 86.0464 | CB85: 86.1796 | CC85: 86.2956 | CD85: 86.4105 | CE85: 86.5241 | CF85: 86.6369 | CG85: 86.7484 | CH85: 86.859 | CI85: 86.9833 | CJ85: 87.1057 | CK85: 87.2271 | CL85: 87.3471 | CM85: 87.4514 | CN85: 87.5686 | CO85: 87.6846 | CP85: 87.8126 | CQ85: 87.9121 | CR85: 88.0372 | CS85: 88.1344 | CT85: 88.2564 | CU85: 88.3646 | CV85: 88.4958 | CW85: 88.6008 | CX85: 88.7046 | CY85: 88.8309 | CZ85: 88.9318 | DA85: 89.0548 | DB85: 89.1762 | DC85: 89.2955 | DD85: 89.4128 | DE85: 89.5287 | DF85: 89.6427 | DG85: 89.7446 | DH85: 89.866 | DI85: 89.975 | DJ85: 90.1027 | DK85: 90.2082 | DL85: 90.312 | DM85: 90.4338
A86: ='Population Definitions'!$B$8 -> 10-19M | C86: Number | F86: OR | G86: 61.762821 | H86: 61.714652 | I86: 62.078747 | J86: 62.36425 | K86: 62.524198 | L86: 62.769888 | M86: 63.153699 | N86: 63.476298 | O86: 63.567333 | P86: 63.983061 | Q86: 64.428334 | R86: 64.743264 | S86: 65.069645 | T86: 65.22633 | U86: 65.974708 | V86: 66.057808 | W86: 66.430767 | X86: 66.565513 | Y86: 66.757282 | Z86: 66.966139 | AA86: 67.354165 | AB86: 67.52983 | AC86: 67.624932 | AD86: 68.061409 | AE86: 68.315099 | AF86: 68.043283 | AG86: 68.536308 | AH86: 68.260324 | AI86: 68.758913 | AJ86: 69.125737 | AK86: 67.792026 | AL86: 68.267124 | AM86: 69.695588 | AN86: 69.834198 | AO86: 69.955799 | AP86: 70.090251 | AQ86: 70.20133 | AR86: 70.317454 | AS86: 70.438391 | AT86: 70.560378 | AU86: 70.695903 | AV86: 70.812259 | AW86: 70.947899 | AX86: 71.092678 | AY86: 71.265642 | AZ86: 71.421462 | BA86: 71.584101 | BB86: 71.740854 | BC86: 71.889669 | BD86: 72.026626 | BE86: 72.157611 | BF86: 72.2765 | BG86: 72.395204 | BH86: 72.526399 | BI86: 72.658139 | BJ86: 72.78754 | BK86: 72.914737 | BL86: 73.040363 | BM86: 73.163666 | BN86: 73.284626 | BO86: 73.405067 | BP86: 73.513512 | BQ86: 73.643345 | BR86: 73.748227 | BS86: 73.863207 | BT86: 73.976622 | BU86: 74.077178 | BV86: 74.211497 | BW86: 74.299575 | BX86: 74.431675 | BY86: 74.541621 | BZ86: 74.650602 | CA86: 74.759146 | CB86: 74.869124 | CC86: 74.980204 | CD86: 75.114406 | CE86: 75.229144 | CF86: 75.345146 | CG86: 75.461801 | CH86: 75.600306 | CI86: 75.718592 | CJ86: 75.856924 | CK86: 75.975215 | CL86: 76.092557 | CM86: 76.207865 | CN86: 76.340056 | CO86: 76.469357 | CP86: 76.576976 | CQ86: 76.68273 | CR86: 76.806179 | CS86: 76.92801 | CT86: 77.049201 | CU86: 77.169126 | CV86: 77.267417 | CW86: 77.401111 | CX86: 77.5156 | CY86: 77.609374 | CZ86: 77.718793 | DA86: 77.827797 | DB86: 77.953031 | DC86: 78.058275 | DD86: 78.163168 | DE86: 78.28534 | DF86: 78.3898 | DG86: 78.510536 | DH86: 78.629544 | DI86: 78.731421 | DJ86: 78.849114 | DK86: 78.964635 | DL86: 79.078649 | DM86: 79.193644
A87: ='Population Definitions'!$B$9 -> 10-19F | C87: Number | F87: OR | G87: 68.253375 | H87: 68.301089 | I87: 68.622795 | J87: 68.763016 | K87: 68.957977 | L87: 69.213337 | M87: 69.48506 | N87: 69.687332 | O87: 69.697247 | P87: 70.054488 | Q87: 70.360055 | R87: 70.673312 | S87: 70.862673 | T87: 70.760438 | U87: 71.643063 | V87: 71.5173 | W87: 71.854911 | X87: 71.826345 | Y87: 71.899959 | Z87: 71.954683 | AA87: 72.293087 | AB87: 72.34151 | AC87: 72.311101 | AD87: 72.683015 | AE87: 72.9065 | AF87: 72.448651 | AG87: 72.969596 | AH87: 72.657213 | AI87: 73.057137 | AJ87: 73.349723 | AK87: 72.42382 | AL87: 72.822264 | AM87: 73.703819 | AN87: 73.798835 | AO87: 73.901056 | AP87: 74.004033 | AQ87: 74.099507 | AR87: 74.199172 | AS87: 74.314257 | AT87: 74.431369 | AU87: 74.547697 | AV87: 74.648086 | AW87: 74.776119 | AX87: 74.914064 | AY87: 75.065803 | AZ87: 75.225637 | BA87: 75.38151 | BB87: 75.511474 | BC87: 75.652641 | BD87: 75.78244 | BE87: 75.905965 | BF87: 76.028686 | BG87: 76.169794 | BH87: 76.291674 | BI87: 76.413852 | BJ87: 76.533553 | BK87: 76.650868 | BL87: 76.78472 | BM87: 76.897721 | BN87: 77.008248 | BO87: 77.13583 | BP87: 77.262597 | BQ87: 77.351916 | BR87: 77.47423 | BS87: 77.577441 | BT87: 77.695811 | BU87: 77.812245 | BV87: 77.911528 | BW87: 78.025877 | BX87: 78.139227 | BY87: 78.25216 | BZ87: 78.363752 | CA87: 78.458483 | CB87: 78.586075 | CC87: 78.698575 | CD87: 78.812406 | CE87: 78.927815 | CF87: 79.044072 | CG87: 79.160632 | CH87: 79.278008 | CI87: 79.410063 | CJ87: 79.541335 | CK87: 79.672186 | CL87: 79.801427 | CM87: 79.914095 | CN87: 80.037463 | CO87: 80.157484 | CP87: 80.288428 | CQ87: 80.390138 | CR87: 80.516336 | CS87: 80.614437 | CT87: 80.737593 | CU87: 80.846227 | CV87: 80.976246 | CW87: 81.079539 | CX87: 81.181806 | CY87: 81.304821 | CZ87: 81.40095 | DA87: 81.519805 | DB87: 81.636644 | DC87: 81.750225 | DD87: 81.862819 | DE87: 81.974933 | DF87: 82.085804 | DG87: 82.185035 | DH87: 82.303491 | DI87: 82.410177 | DJ87: 82.536128 | DK87: 82.639224 | DL87: 82.740467 | DM87: 82.861746
A88: ='Population Definitions'!$B$10 -> 20-29M | C88: Number | F88: OR | G88: 52.453104 | H88: 52.420607 | I88: 52.76972 | J88: 52.991388 | K88: 53.105102 | L88: 53.329041 | M88: 53.642787 | N88: 53.904582 | O88: 53.944688 | P88: 54.273684 | Q88: 54.650121 | R88: 54.908937 | S88: 55.178996 | T88: 55.278068 | U88: 56.022597 | V88: 56.120295 | W88: 56.521455 | X88: 56.711943 | Y88: 56.92643 | Z88: 57.148634 | AA88: 57.515924 | AB88: 57.69728 | AC88: 57.775979 | AD88: 58.197066 | AE88: 58.434198 | AF88: 58.172536 | AG88: 58.648871 | AH88: 58.401701 | AI88: 58.883054 | AJ88: 59.258617 | AK88: 57.917905 | AL88: 58.417616 | AM88: 59.849984 | AN88: 60.000915 | AO88: 60.133643 | AP88: 60.2798 | AQ88: 60.407018 | AR88: 60.547831 | AS88: 60.693357 | AT88: 60.834422 | AU88: 60.983736 | AV88: 61.098667 | AW88: 61.213637 | AX88: 61.32018 | AY88: 61.4359 | AZ88: 61.525963 | BA88: 61.631626 | BB88: 61.741943 | BC88: 61.856935 | BD88: 61.972773 | BE88: 62.088944 | BF88: 62.199563 | BG88: 62.316293 | BH88: 62.453689 | BI88: 62.6057 | BJ88: 62.765695 | BK88: 62.919959 | BL88: 63.068603 | BM88: 63.209258 | BN88: 63.338724 | BO88: 63.462683 | BP88: 63.575374 | BQ88: 63.710228 | BR88: 63.822448 | BS88: 63.946522 | BT88: 64.068496 | BU88: 64.177096 | BV88: 64.317522 | BW88: 64.411304 | BX88: 64.546926 | BY88: 64.659882 | BZ88: 64.772166 | CA88: 64.882671 | CB88: 64.991763 | CC88: 65.099174 | CD88: 65.225754 | CE88: 65.329555 | CF88: 65.433477 | CG88: 65.535906 | CH88: 65.658335 | CI88: 65.760166 | CJ88: 65.880961 | CK88: 65.981497 | CL88: 66.083021 | CM88: 66.185241 | CN88: 66.308959 | CO88: 66.43442 | CP88: 66.54116 | CQ88: 66.648377 | CR88: 66.775967 | CS88: 66.903097 | CT88: 67.030403 | CU88: 67.15779 | CV88: 67.265311 | CW88: 67.407517 | CX88: 67.528252 | CY88: 67.628424 | CZ88: 67.74419 | DA88: 67.858503 | DB88: 67.988129 | DC88: 68.098944 | DD88: 68.20867 | DE88: 68.333769 | DF88: 68.439411 | DG88: 68.560081 | DH88: 68.679584 | DI88: 68.779953 | DJ88: 68.894169 | DK88: 69.00733 | DL88: 69.118727 | DM88: 69.22809
A89: ='Population Definitions'!$B$11 -> 20-29F | C89: Number | F89: OR | G89: 58.661427 | H89: 58.713746 | I89: 59.032321 | J89: 59.143982 | K89: 59.302188 | L89: 59.518758 | M89: 59.758033 | N89: 59.896266 | O89: 59.862885 | P89: 60.141711 | Q89: 60.377438 | R89: 60.61837 | S89: 60.75261 | T89: 60.602265 | U89: 61.489123 | V89: 61.384905 | W89: 61.77349 | X89: 61.787633 | Y89: 61.885084 | Z89: 61.96222 | AA89: 62.300371 | AB89: 62.3471 | AC89: 62.320245 | AD89: 62.687369 | AE89: 62.895975 | AF89: 62.431927 | AG89: 62.946019 | AH89: 62.628241 | AI89: 63.017684 | AJ89: 63.317168 | AK89: 62.412762 | AL89: 62.845497 | AM89: 63.754793 | AN89: 63.888256 | AO89: 64.025919 | AP89: 64.154098 | AQ89: 64.269272 | AR89: 64.390968 | AS89: 64.522652 | AT89: 64.648157 | AU89: 64.771929 | AV89: 64.870369 | AW89: 64.978647 | AX89: 65.078085 | AY89: 65.174 | AZ89: 65.270263 | BA89: 65.369527 | BB89: 65.453001 | BC89: 65.560759 | BD89: 65.670362 | BE89: 65.779079 | BF89: 65.89227 | BG89: 66.030768 | BH89: 66.159803 | BI89: 66.301882 | BJ89: 66.451791 | BK89: 66.597764 | BL89: 66.755921 | BM89: 66.887233 | BN89: 67.007779 | BO89: 67.140256 | BP89: 67.271545 | BQ89: 67.366878 | BR89: 67.496864 | BS89: 67.609803 | BT89: 67.73725 | BU89: 67.862138 | BV89: 67.968507 | BW89: 68.088895 | BX89: 68.20659 | BY89: 68.323238 | BZ89: 68.438751 | CA89: 68.536195 | CB89: 68.663326 | CC89: 68.772577 | CD89: 68.879619 | CE89: 68.984552 | CF89: 69.089293 | CG89: 69.192195 | CH89: 69.294282 | CI89: 69.410305 | CJ89: 69.524624 | CK89: 69.638206 | CL89: 69.75215 | CM89: 69.852302 | CN89: 69.967806 | CO89: 70.084695 | CP89: 70.215092 | CQ89: 70.31871 | CR89: 70.449419 | CS89: 70.553511 | CT89: 70.683149 | CU89: 70.799743 | CV89: 70.939005 | CW89: 71.051416 | CX89: 71.160422 | CY89: 71.29001 | CZ89: 71.393254 | DA89: 71.517922 | DB89: 71.639747 | DC89: 71.759535 | DD89: 71.87743 | DE89: 71.993335 | DF89: 72.105862 | DG89: 72.205744 | DH89: 72.325286 | DI89: 72.430759 | DJ89: 72.553561 | DK89: 72.654701 | DL89: 72.753874 | DM89: 72.869803
A90: ='Population Definitions'!$B$12 -> 30-39M | C90: Number | F90: OR | G90: 43.135816 | H90: 43.211327 | I90: 43.568617 | J90: 43.766124 | K90: 43.893883 | L90: 44.141848 | M90: 44.449741 | N90: 44.668324 | O90: 44.710614 | P90: 45.01386 | Q90: 45.388062 | R90: 45.617074 | S90: 45.859009 | T90: 45.887086 | U90: 46.614585 | V90: 46.690218 | W90: 47.045111 | X90: 47.181519 | Y90: 47.316103 | Z90: 47.45208 | AA90: 47.723507 | AB90: 47.845419 | AC90: 47.871506 | AD90: 48.270656 | AE90: 48.515022 | AF90: 48.292535 | AG90: 48.793782 | AH90: 48.599901 | AI90: 49.079662 | AJ90: 49.452222 | AK90: 48.113415 | AL90: 48.644477 | AM90: 50.046895 | AN90: 50.212603 | AO90: 50.352682 | AP90: 50.501661 | AQ90: 50.6218 | AR90: 50.742051 | AS90: 50.873589 | AT90: 51.017157 | AU90: 51.173631 | AV90: 51.299359 | AW90: 51.427379 | AX90: 51.545887 | AY90: 51.671697 | AZ90: 51.773268 | BA90: 51.894006 | BB90: 52.027863 | BC90: 52.166405 | BD90: 52.300498 | BE90: 52.430055 | BF90: 52.539118 | BG90: 52.635872 | BH90: 52.736252 | BI90: 52.833252 | BJ90: 52.929791 | BK90: 53.029288 | BL90: 53.133357 | BM90: 53.241576 | BN90: 53.350734 | BO90: 53.460506 | BP90: 53.565257 | BQ90: 53.697827 | BR90: 53.816277 | BS90: 53.959894 | BT90: 54.111114 | BU90: 54.245872 | BV90: 54.407821 | BW90: 54.518491 | BX90: 54.661407 | BY90: 54.777422 | BZ90: 54.893189 | CA90: 55.008309 | CB90: 55.123857 | CC90: 55.239611 | CD90: 55.373779 | CE90: 55.484733 | CF90: 55.594503 | CG90: 55.701881 | CH90: 55.827363 | CI90: 55.931792 | CJ90: 56.055199 | CK90: 56.157426 | CL90: 56.257945 | CM90: 56.356582 | CN90: 56.472897 | CO90: 56.587579 | CP90: 56.682735 | CQ90: 56.776444 | CR90: 56.888577 | CS90: 56.999813 | CT90: 57.110393 | CU90: 57.220722 | CV90: 57.313183 | CW90: 57.442486 | CX90: 57.555287 | CY90: 57.65202 | CZ90: 57.76681 | DA90: 57.882293 | DB90: 58.015507 | DC90: 58.131331 | DD90: 58.246712 | DE90: 58.378711 | DF90: 58.492776 | DG90: 58.621296 | DH90: 58.746472 | DI90: 58.852514 | DJ90: 58.972535 | DK90: 59.090374 | DL90: 59.20572 | DM90: 59.32011
A91: ='Population Definitions'!$B$13 -> 30-39F | C91: Number | F91: OR | G91: 48.939972 | H91: 49.068381 | I91: 49.420183 | J91: 49.558749 | K91: 49.742073 | L91: 49.975817 | M91: 50.22437 | N91: 50.346362 | O91: 50.312185 | P91: 50.581934 | Q91: 50.819911 | R91: 51.043756 | S91: 51.16468 | T91: 50.984269 | U91: 51.853848 | V91: 51.726991 | W91: 52.075051 | X91: 52.045654 | Y91: 52.090559 | Z91: 52.109658 | AA91: 52.363872 | AB91: 52.361395 | AC91: 52.290897 | AD91: 52.650175 | AE91: 52.866064 | AF91: 52.439841 | AG91: 52.996057 | AH91: 52.710508 | AI91: 53.108362 | AJ91: 53.407519 | AK91: 52.48599 | AL91: 52.918446 | AM91: 53.825008 | AN91: 53.949744 | AO91: 54.071177 | AP91: 54.189571 | AQ91: 54.294196 | AR91: 54.397224 | AS91: 54.520703 | AT91: 54.658732 | AU91: 54.804267 | AV91: 54.929829 | AW91: 55.070733 | AX91: 55.207159 | AY91: 55.337226 | AZ91: 55.457723 | BA91: 55.57592 | BB91: 55.680764 | BC91: 55.804538 | BD91: 55.922363 | BE91: 56.038368 | BF91: 56.149497 | BG91: 56.268896 | BH91: 56.361011 | BI91: 56.44951 | BJ91: 56.538519 | BK91: 56.63047 | BL91: 56.743942 | BM91: 56.84358 | BN91: 56.94512 | BO91: 57.063435 | BP91: 57.185842 | BQ91: 57.279493 | BR91: 57.416484 | BS91: 57.54872 | BT91: 57.705221 | BU91: 57.857635 | BV91: 57.987526 | BW91: 58.125304 | BX91: 58.252409 | BY91: 58.373512 | BZ91: 58.493322 | CA91: 58.596315 | CB91: 58.730471 | CC91: 58.848884 | CD91: 58.964522 | CE91: 59.077414 | CF91: 59.188776 | CG91: 59.297463 | CH91: 59.403775 | CI91: 59.523305 | CJ91: 59.6413 | CK91: 59.757286 | CL91: 59.870821 | CM91: 59.968126 | CN91: 60.07719 | CO91: 60.184248 | CP91: 60.303664 | CQ91: 60.394592 | CR91: 60.510877 | CS91: 60.600015 | CT91: 60.713823 | CU91: 60.814256 | CV91: 60.939148 | CW91: 61.039979 | CX91: 61.141861 | CY91: 61.268606 | CZ91: 61.371684 | DA91: 61.498193 | DB91: 61.624492 | DC91: 61.749885 | DD91: 61.874097 | DE91: 61.9976 | DF91: 62.119003 | DG91: 62.227571 | DH91: 62.353413 | DI91: 62.465171 | DJ91: 62.594521 | DK91: 62.701266 | DL91: 62.805262 | DM91: 62.926974
A92: ='Population Definitions'!$B$14 -> 40-49M | C92: Number | F92: OR | G92: 33.86405 | H92: 33.948005 | I92: 34.243159 | J92: 34.340568 | K92: 34.446664 | L92: 34.661715 | M92: 34.939863 | N92: 35.123602 | O92: 35.194832 | P92: 35.551969 | Q92: 35.979813 | R92: 36.262907 | S92: 36.520064 | T92: 36.534866 | U92: 37.263661 | V92: 37.330455 | W92: 37.698836 | X92: 37.835579 | Y92: 37.962938 | Z92: 38.082907 | AA92: 38.338321 | AB92: 38.437775 | AC92: 38.452377 | AD92: 38.812313 | AE92: 39.029338 | AF92: 38.779448 | AG92: 39.237341 | AH92: 39.025763 | AI92: 39.439689 | AJ92: 39.750374 | AK92: 38.360988 | AL92: 38.857759 | AM92: 40.176666 | AN92: 40.326164 | AO92: 40.476812 | AP92: 40.651029 | AQ92: 40.798122 | AR92: 40.939001 | AS92: 41.081786 | AT92: 41.226102 | AU92: 41.379549 | AV92: 41.511777 | AW92: 41.657809 | AX92: 41.790959 | AY92: 41.923475 | AZ92: 42.028426 | BA92: 42.141906 | BB92: 42.25524 | BC92: 42.379788 | BD92: 42.515878 | BE92: 42.652349 | BF92: 42.771452 | BG92: 42.880832 | BH92: 42.992213 | BI92: 43.0986 | BJ92: 43.205379 | BK92: 43.318864 | BL92: 43.44511 | BM92: 43.575479 | BN92: 43.701487 | BO92: 43.823301 | BP92: 43.925763 | BQ92: 44.037394 | BR92: 44.119297 | BS92: 44.208718 | BT92: 44.297751 | BU92: 44.379203 | BV92: 44.496933 | BW92: 44.576257 | BX92: 44.698715 | BY92: 44.800611 | BZ92: 44.90827 | CA92: 45.021198 | CB92: 45.142512 | CC92: 45.27711 | CD92: 45.439163 | CE92: 45.575148 | CF92: 45.705962 | CG92: 45.829035 | CH92: 45.961186 | CI92: 46.068189 | CJ92: 46.194072 | CK92: 46.300355 | CL92: 46.406743 | CM92: 46.512961 | CN92: 46.635982 | CO92: 46.756773 | CP92: 46.857057 | CQ92: 46.954934 | CR92: 47.069453 | CS92: 47.182227 | CT92: 47.294681 | CU92: 47.405635 | CV92: 47.496461 | CW92: 47.620982 | CX92: 47.725969 | CY92: 47.811955 | CZ92: 47.914712 | DA92: 48.016343 | DB92: 48.133914 | DC92: 48.233895 | DD92: 48.332885 | DE92: 48.447722 | DF92: 48.546768 | DG92: 48.662716 | DH92: 48.779708 | DI92: 48.882119 | DJ92: 49.000753 | DK92: 49.119386 | DL92: 49.238096 | DM92: 49.356972
A93: ='Population Definitions'!$B$15 -> 40-49F | C93: Number | F93: OR | G93: 39.369851 | H93: 39.492398 | I93: 39.769409 | J93: 39.836153 | K93: 39.936028 | L93: 40.131629 | M93: 40.373044 | N93: 40.515532 | O93: 40.535579 | P93: 40.863933 | Q93: 41.164145 | R93: 41.441634 | S93: 41.590022 | T93: 41.424774 | U93: 42.298428 | V93: 42.180598 | W93: 42.526703 | X93: 42.501165 | Y93: 42.543956 | Z93: 42.559086 | AA93: 42.816758 | AB93: 42.808789 | AC93: 42.721933 | AD93: 43.063322 | AE93: 43.249918 | AF93: 42.789508 | AG93: 43.316415 | AH93: 42.997702 | AI93: 43.348235 | AJ93: 43.585904 | AK93: 42.596177 | AL93: 42.987826 | AM93: 43.8556 | AN93: 43.968972 | AO93: 44.10599 | AP93: 44.255631 | AQ93: 44.391965 | AR93: 44.519565 | AS93: 44.659053 | AT93: 44.799893 | AU93: 44.93473 | AV93: 45.051848 | AW93: 45.192112 | AX93: 45.319013 | AY93: 45.432421 | AZ93: 45.542504 | BA93: 45.649378 | BB93: 45.735534 | BC93: 45.850559 | BD93: 45.979731 | BE93: 46.116107 | BF93: 46.252532 | BG93: 46.402446 | BH93: 46.529453 | BI93: 46.650159 | BJ93: 46.761731 | BK93: 46.870794 | BL93: 47.003203 | BM93: 47.117241 | BN93: 47.225395 | BO93: 47.349115 | BP93: 47.467815 | BQ93: 47.542103 | BR93: 47.64164 | BS93: 47.720955 | BT93: 47.817224 | BU93: 47.916137 | BV93: 48.002271 | BW93: 48.108496 | BX93: 48.216321 | BY93: 48.323306 | BZ93: 48.433876 | CA93: 48.534673 | CB93: 48.675059 | CC93: 48.811766 | CD93: 48.955369 | CE93: 49.09477 | CF93: 49.228427 | CG93: 49.353508 | CH93: 49.468258 | CI93: 49.591397 | CJ93: 49.712739 | CK93: 49.83311 | CL93: 49.952874 | CM93: 50.058318 | CN93: 50.174873 | CO93: 50.288819 | CP93: 50.413605 | CQ93: 50.509345 | CR93: 50.628642 | CS93: 50.720468 | CT93: 50.836909 | CU93: 50.938825 | CV93: 51.062269 | CW93: 51.159362 | CX93: 51.254249 | CY93: 51.370505 | CZ93: 51.46242 | DA93: 51.57567 | DB93: 51.687345 | DC93: 51.797525 | DD93: 51.905945 | DE93: 52.013242 | DF93: 52.120428 | DG93: 52.217566 | DH93: 52.336056 | DI93: 52.444903 | DJ93: 52.57365 | DK93: 52.682085 | DL93: 52.790264 | DM93: 52.91719
A94: ='Population Definitions'!$B$16 -> 50-59M | C94: Number | F94: OR | G94: 24.802107 | H94: 24.905466 | I94: 25.258718 | J94: 25.358152 | K94: 25.470942 | L94: 25.642976 | M94: 25.886481 | N94: 26.066916 | O94: 26.130733 | P94: 26.504801 | Q94: 26.961389 | R94: 27.225509 | S94: 27.390042 | T94: 27.291763 | U94: 27.931483 | V94: 27.918322 | W94: 28.290314 | X94: 28.46206 | Y94: 28.634353 | Z94: 28.80639 | AA94: 29.103645 | AB94: 29.24785 | AC94: 29.288457 | AD94: 29.65188 | AE94: 29.883682 | AF94: 29.664176 | AG94: 30.096426 | AH94: 29.923593 | AI94: 30.310947 | AJ94: 30.618421 | AK94: 29.231204 | AL94: 29.723162 | AM94: 30.973417 | AN94: 31.096054 | AO94: 31.216896 | AP94: 31.355675 | AQ94: 31.464494 | AR94: 31.561744 | AS94: 31.652989 | AT94: 31.735984 | AU94: 31.825872 | AV94: 31.903846 | AW94: 32.009298 | AX94: 32.124704 | AY94: 32.264258 | AZ94: 32.392168 | BA94: 32.528786 | BB94: 32.659224 | BC94: 32.791593 | BD94: 32.925343 | BE94: 33.056284 | BF94: 33.179047 | BG94: 33.303441 | BH94: 33.426221 | BI94: 33.536794 | BJ94: 33.643824 | BK94: 33.747609 | BL94: 33.851215 | BM94: 33.965157 | BN94: 34.090447 | BO94: 34.216237 | BP94: 34.325967 | BQ94: 34.446465 | BR94: 34.537047 | BS94: 34.633202 | BT94: 34.729838 | BU94: 34.822829 | BV94: 34.95853 | BW94: 35.057857 | BX94: 35.193073 | BY94: 35.304054 | BZ94: 35.406457 | CA94: 35.496778 | CB94: 35.579633 | CC94: 35.658987 | CD94: 35.757096 | CE94: 35.838543 | CF94: 35.924514 | CG94: 36.014389 | CH94: 36.124064 | CI94: 36.215218 | CJ94: 36.330406 | CK94: 36.432535 | CL94: 36.542534 | CM94: 36.665205 | CN94: 36.81322 | CO94: 36.955563 | CP94: 37.074505 | CQ94: 37.185817 | CR94: 37.304609 | CS94: 37.417274 | CT94: 37.530056 | CU94: 37.642484 | CV94: 37.737205 | CW94: 37.866083 | CX94: 37.975548 | CY94: 38.06627 | CZ94: 38.171606 | DA94: 38.275015 | DB94: 38.392205 | DC94: 38.491854 | DD94: 38.590727 | DE94: 38.703771 | DF94: 38.799062 | DG94: 38.908264 | DH94: 39.015254 | DI94: 39.105111 | DJ94: 39.209734 | DK94: 39.312642 | DL94: 39.414242 | DM94: 39.515647
A95: ='Population Definitions'!$B$17 -> 50-59F | C95: Number | F95: OR | G95: 29.890327 | H95: 30.029643 | I95: 30.346759 | J95: 30.450973 | K95: 30.560864 | L95: 30.74027 | M95: 30.96059 | N95: 31.083723 | O95: 31.124841 | P95: 31.461563 | Q95: 31.814045 | R95: 32.08064 | S95: 32.148903 | T95: 31.89883 | U95: 32.684212 | V95: 32.505386 | W95: 32.835017 | X95: 32.857308 | Y95: 32.956467 | Z95: 33.05531 | AA95: 33.357444 | AB95: 33.394578 | AC95: 33.334242 | AD95: 33.690455 | AE95: 33.88165 | AF95: 33.44148 | AG95: 33.970294 | AH95: 33.662861 | AI95: 34.014016 | AJ95: 34.238477 | AK95: 33.246039 | AL95: 33.631731 | AM95: 34.466945 | AN95: 34.555795 | AO95: 34.664124 | AP95: 34.77818 | AQ95: 34.875238 | AR95: 34.962241 | AS95: 35.052948 | AT95: 35.133928 | AU95: 35.209758 | AV95: 35.277716 | AW95: 35.380706 | AX95: 35.49349 | AY95: 35.619419 | AZ95: 35.757345 | BA95: 35.892209 | BB95: 36.00027 | BC95: 36.128352 | BD95: 36.257594 | BE95: 36.381022 | BF95: 36.506221 | BG95: 36.652067 | BH95: 36.767447 | BI95: 36.869534 | BJ95: 36.968459 | BK95: 37.064145 | BL95: 37.174884 | BM95: 37.278077 | BN95: 37.395204 | BO95: 37.536013 | BP95: 37.676553 | BQ95: 37.779722 | BR95: 37.910657 | BS95: 38.019312 | BT95: 38.134806 | BU95: 38.247726 | BV95: 38.350673 | BW95: 38.468194 | BX95: 38.57983 | BY95: 38.689602 | BZ95: 38.794226 | CA95: 38.873661 | CB95: 38.974528 | CC95: 39.05682 | CD95: 39.139354 | CE95: 39.224283 | CF95: 39.312917 | CG95: 39.405322 | CH95: 39.499496 | CI95: 39.606428 | CJ95: 39.716675 | CK95: 39.832589 | CL95: 39.956752 | CM95: 40.07883 | CN95: 40.221069 | CO95: 40.359099 | CP95: 40.503645 | CQ95: 40.614175 | CR95: 40.739658 | CS95: 40.834002 | CT95: 40.951798 | CU95: 41.056576 | CV95: 41.183988 | CW95: 41.287515 | CX95: 41.388425 | CY95: 41.509399 | CZ95: 41.605475 | DA95: 41.721372 | DB95: 41.834299 | DC95: 41.945208 | DD95: 42.05453 | DE95: 42.16159 | DF95: 42.265946 | DG95: 42.358014 | DH95: 42.467838 | DI95: 42.565149 | DJ95: 42.680962 | DK95: 42.775273 | DL95: 42.868017 | DM95: 42.978663
A96: ='Population Definitions'!$B$18 -> 60-69M | C96: Number | F96: OR | G96: 16.970548 | H96: 17.042355 | I96: 17.318531 | J96: 17.377464 | K96: 17.508727 | L96: 17.671919 | M96: 17.856372 | N96: 17.967174 | O96: 17.947554 | P96: 18.250802 | Q96: 18.598788 | R96: 18.844464 | S96: 19.007974 | T96: 18.937306 | U96: 19.518531 | V96: 19.45723 | W96: 19.80403 | X96: 19.930711 | Y96: 20.099242 | Z96: 20.283222 | AA96: 20.586858 | AB96: 20.710039 | AC96: 20.663806 | AD96: 20.932856 | AE96: 21.083583 | AF96: 20.824109 | AG96: 21.229879 | AH96: 21.100886 | AI96: 21.516193 | AJ96: 21.86416 | AK96: 20.610779 | AL96: 21.169478 | AM96: 22.286509 | AN96: 22.420308 | AO96: 22.549177 | AP96: 22.684386 | AQ96: 22.789176 | AR96: 22.885412 | AS96: 22.970883 | AT96: 23.040458 | AU96: 23.114033 | AV96: 23.174031 | AW96: 23.252475 | AX96: 23.338002 | AY96: 23.442456 | AZ96: 23.532935 | BA96: 23.626866 | BB96: 23.709771 | BC96: 23.787015 | BD96: 23.856485 | BE96: 23.921683 | BF96: 23.987356 | BG96: 24.06839 | BH96: 24.168457 | BI96: 24.280618 | BJ96: 24.403046 | BK96: 24.523009 | BL96: 24.637205 | BM96: 24.752925 | BN96: 24.870028 | BO96: 24.984747 | BP96: 25.092751 | BQ96: 25.220478 | BR96: 25.317747 | BS96: 25.412735 | BT96: 25.504459 | BU96: 25.583991 | BV96: 25.690833 | BW96: 25.771218 | BX96: 25.898517 | BY96: 26.008265 | BZ96: 26.112245 | CA96: 26.206804 | CB96: 26.292879 | CC96: 26.374276 | CD96: 26.473401 | CE96: 26.561112 | CF96: 26.661036 | CG96: 26.764673 | CH96: 26.88137 | CI96: 26.976858 | CJ96: 27.080903 | CK96: 27.156751 | CL96: 27.225148 | CM96: 27.289982 | CN96: 27.371069 | CO96: 27.454762 | CP96: 27.526128 | CQ96: 27.601236 | CR96: 27.693668 | CS96: 27.785623 | CT96: 27.883547 | CU96: 27.986733 | CV96: 28.081338 | CW96: 28.219725 | CX96: 28.349313 | CY96: 28.458326 | CZ96: 28.576998 | DA96: 28.688737 | DB96: 28.805016 | DC96: 28.900872 | DD96: 28.996383 | DE96: 29.105991 | DF96: 29.200876 | DG96: 29.310349 | DH96: 29.417252 | DI96: 29.507745 | DJ96: 29.610578 | DK96: 29.710965 | DL96: 29.808719 | DM96: 29.90569
A97: ='Population Definitions'!$B$19 -> 60-69F | C97: Number | F97: OR | G97: 21.058208 | H97: 21.17478 | I97: 21.458003 | J97: 21.576259 | K97: 21.721683 | L97: 21.928471 | M97: 22.135911 | N97: 22.190618 | O97: 22.188455 | P97: 22.426118 | Q97: 22.727028 | R97: 22.987839 | S97: 23.11003 | T97: 22.877466 | U97: 23.640242 | V97: 23.420763 | W97: 23.729635 | X97: 23.740445 | Y97: 23.855578 | Z97: 23.984686 | AA97: 24.310267 | AB97: 24.357685 | AC97: 24.21689 | AD97: 24.490013 | AE97: 24.607695 | AF97: 24.143711 | AG97: 24.642952 | AH97: 24.389917 | AI97: 24.784814 | AJ97: 25.070827 | AK97: 24.153185 | AL97: 24.6005 | AM97: 25.373117 | AN97: 25.477183 | AO97: 25.595374 | AP97: 25.709985 | AQ97: 25.804617 | AR97: 25.891634 | AS97: 25.977673 | AT97: 26.048538 | AU97: 26.114141 | AV97: 26.169948 | AW97: 26.248485 | AX97: 26.33263 | AY97: 26.426122 | AZ97: 26.524953 | BA97: 26.616622 | BB97: 26.682017 | BC97: 26.758219 | BD97: 26.824997 | BE97: 26.886766 | BF97: 26.958899 | BG97: 27.062796 | BH97: 27.160337 | BI97: 27.270644 | BJ97: 27.392739 | BK97: 27.511838 | BL97: 27.637751 | BM97: 27.749903 | BN97: 27.863342 | BO97: 27.986254 | BP97: 28.110893 | BQ97: 28.208666 | BR97: 28.323373 | BS97: 28.410285 | BT97: 28.50884 | BU97: 28.604132 | BV97: 28.683343 | BW97: 28.785837 | BX97: 28.901968 | BY97: 29.024993 | BZ97: 29.14763 | CA97: 29.251709 | CB97: 29.379031 | CC97: 29.486251 | CD97: 29.584469 | CE97: 29.680106 | CF97: 29.781518 | CG97: 29.882004 | CH97: 29.976937 | CI97: 30.082769 | CJ97: 30.183356 | CK97: 30.273943 | CL97: 30.356167 | CM97: 30.422003 | CN97: 30.500609 | CO97: 30.58176 | CP97: 30.677841 | CQ97: 30.753904 | CR97: 30.855219 | CS97: 30.931887 | CT97: 31.035637 | CU97: 31.133752 | CV97: 31.261892 | CW97: 31.379284 | CX97: 31.503506 | CY97: 31.645086 | CZ97: 31.759098 | DA97: 31.886165 | DB97: 32.002592 | DC97: 32.112535 | DD97: 32.220889 | DE97: 32.328174 | DF97: 32.43454 | DG97: 32.531067 | DH97: 32.643894 | DI97: 32.74415 | DJ97: 32.860965 | DK97: 32.956411 | DL97: 33.048855 | DM97: 33.157883
A98: ='Population Definitions'!$B$20 -> 70-79M | C98: Number | F98: OR | G98: 10.445341 | H98: 10.555459 | I98: 10.907979 | J98: 11.066104 | K98: 11.277847 | L98: 11.431604 | M98: 11.523264 | N98: 11.504877 | O98: 11.371323 | P98: 11.497548 | Q98: 11.698545 | R98: 11.865477 | S98: 11.958379 | T98: 11.837076 | U98: 12.404182 | V98: 12.309376 | W98: 12.580029 | X98: 12.604047 | Y98: 12.683795 | Z98: 12.800585 | AA98: 13.005212 | AB98: 13.120256 | AC98: 13.097311 | AD98: 13.357029 | AE98: 13.497033 | AF98: 13.218782 | AG98: 13.566017 | AH98: 13.428903 | AI98: 13.812587 | AJ98: 14.174283 | AK98: 13.147502 | AL98: 13.675434 | AM98: 14.401719 | AN98: 14.438705 | AO98: 14.480694 | AP98: 14.546297 | AQ98: 14.627814 | AR98: 14.740241 | AS98: 14.853235 | AT98: 14.958464 | AU98: 15.06301 | AV98: 15.146312 | AW98: 15.232647 | AX98: 15.321017 | AY98: 15.422151 | AZ98: 15.503849 | BA98: 15.584336 | BB98: 15.65689 | BC98: 15.719805 | BD98: 15.768213 | BE98: 15.810972 | BF98: 15.85238 | BG98: 15.901526 | BH98: 15.964954 | BI98: 16.036473 | BJ98: 16.113322 | BK98: 16.183982 | BL98: 16.244524 | BM98: 16.299565 | BN98: 16.347392 | BO98: 16.391598 | BP98: 16.438133 | BQ98: 16.513563 | BR98: 16.583022 | BS98: 16.671239 | BT98: 16.768962 | BU98: 16.857176 | BV98: 16.962035 | BW98: 17.039251 | BX98: 17.147074 | BY98: 17.238185 | BZ98: 17.331644 | CA98: 17.426332 | CB98: 17.510004 | CC98: 17.582718 | CD98: 17.666503 | CE98: 17.733297 | CF98: 17.800382 | CG98: 17.877086 | CH98: 17.978143 | CI98: 18.065543 | CJ98: 18.161192 | CK98: 18.234366 | CL98: 18.299313 | CM98: 18.359936 | CN98: 18.434704 | CO98: 18.515606 | CP98: 18.594443 | CQ98: 18.67684 | CR98: 18.768988 | CS98: 18.856674 | CT98: 18.936928 | CU98: 19.006466 | CV98: 19.055414 | CW98: 19.127265 | CX98: 19.185724 | CY98: 19.234179 | CZ98: 19.299313 | DA98: 19.368459 | DB98: 19.450913 | DC98: 19.52092 | DD98: 19.596453 | DE98: 19.689443 | DF98: 19.777521 | DG98: 19.890336 | DH98: 20.009645 | DI98: 20.11157 | DJ98: 20.220451 | DK98: 20.322224 | DL98: 20.413848 | DM98: 20.500733
A99: ='Population Definitions'!$B$21 -> 70-79F | C99: Number | F99: OR | G99: 12.999261 | H99: 13.174295 | I99: 13.578061 | J99: 13.859725 | K99: 14.125046 | L99: 14.345808 | M99: 14.479097 | N99: 14.381061 | O99: 14.257242 | P99: 14.336761 | Q99: 14.548572 | R99: 14.772144 | S99: 14.85067 | T99: 14.617939 | U99: 15.376058 | V99: 15.173891 | W99: 15.434152 | X99: 15.398075 | Y99: 15.429303 | Z99: 15.510618 | AA99: 15.727027 | AB99: 15.797575 | AC99: 15.710498 | AD99: 15.997248 | AE99: 16.117419 | AF99: 15.632183 | AG99: 16.092202 | AH99: 15.853267 | AI99: 16.232389 | AJ99: 16.544323 | AK99: 15.727082 | AL99: 16.211956 | AM99: 16.727058 | AN99: 16.746219 | AO99: 16.784425 | AP99: 16.838521 | AQ99: 16.918953 | AR99: 17.032823 | AS99: 17.155412 | AT99: 17.267876 | AU99: 17.36859 | AV99: 17.450557 | AW99: 17.540617 | AX99: 17.631231 | AY99: 17.726929 | AZ99: 17.818998 | BA99: 17.900457 | BB99: 17.961041 | BC99: 18.026374 | BD99: 18.077289 | BE99: 18.12323 | BF99: 18.176029 | BG99: 18.247662 | BH99: 18.311498 | BI99: 18.384115 | BJ99: 18.462051 | BK99: 18.533062 | BL99: 18.60739 | BM99: 18.663365 | BN99: 18.710313 | BO99: 18.765369 | BP99: 18.83052 | BQ99: 18.885954 | BR99: 18.975635 | BS99: 19.065252 | BT99: 19.178646 | BU99: 19.289146 | BV99: 19.379324 | BW99: 19.483279 | BX99: 19.588574 | BY99: 19.688576 | BZ99: 19.790175 | CA99: 19.882966 | CB99: 19.987081 | CC99: 20.066772 | CD99: 20.14349 | CE99: 20.217136 | CF99: 20.289543 | CG99: 20.370871 | CH99: 20.465771 | CI99: 20.578607 | CJ99: 20.691065 | CK99: 20.798998 | CL99: 20.902696 | CM99: 20.989312 | CN99: 21.07817 | CO99: 21.164753 | CP99: 21.267221 | CQ99: 21.34791 | CR99: 21.444085 | CS99: 21.517441 | CT99: 21.606864 | CU99: 21.676636 | CV99: 21.757638 | CW99: 21.815517 | CX99: 21.873823 | CY99: 21.953921 | CZ99: 22.018135 | DA99: 22.105301 | DB99: 22.193942 | DC99: 22.281247 | DD99: 22.372033 | DE99: 22.468534 | DF99: 22.573184 | DG99: 22.680451 | DH99: 22.811916 | DI99: 22.930428 | DJ99: 23.060137 | DK99: 23.164577 | DL99: 23.258677 | DM99: 23.363605
A100: ='Population Definitions'!$B$22 -> 80-89M | C100: Number | F100: OR | G100: 6.1588514 | H100: 6.1417621 | I100: 6.3186906 | J100: 6.3063737 | K100: 6.3605354 | L100: 6.4259648 | M100: 6.4924088 | N100: 6.4365284 | O100: 6.3126866 | P100: 6.3395592 | Q100: 6.4580862 | R100: 6.6269106 | S100: 6.7623544 | T100: 6.7000575 | U100: 7.229044 | V100: 7.0879568 | W100: 7.222101 | X100: 7.1304118 | Y100: 7.0815283 | Z100: 7.1003461 | AA100: 7.1837847 | AB100: 7.2467232 | AC100: 7.196855 | AD100: 7.406175 | AE100: 7.537033 | AF100: 7.3124781 | AG100: 7.5707564 | AH100: 7.4037205 | AI100: 7.6923482 | AJ100: 8.0657642 | AK100: 7.3843909 | AL100: 7.7661745 | AM100: 7.9897502 | AN100: 8.0151978 | AO100: 8.0260343 | AP100: 8.0393531 | AQ100: 8.0803288 | AR100: 8.1613957 | AS100: 8.2485216 | AT100: 8.3351499 | AU100: 8.4249495 | AV100: 8.4609923 | AW100: 8.4583751 | AX100: 8.4581658 | AY100: 8.4758278 | AZ100: 8.4992958 | BA100: 8.5510375 | BB100: 8.6235542 | BC100: 8.695287 | BD100: 8.7599949 | BE100: 8.8183035 | BF100: 8.8684728 | BG100: 8.9156173 | BH100: 8.9696885 | BI100: 9.027369 | BJ100: 9.0817834 | BK100: 9.1287553 | BL100: 9.1695351 | BM100: 9.2026341 | BN100: 9.2241386 | BO100: 9.2415403 | BP100: 9.2600084 | BQ100: 9.2946281 | BR100: 9.3254583 | BS100: 9.3666618 | BT100: 9.4117053 | BU100: 9.4469345 | BV100: 9.4874981 | BW100: 9.5052427 | BX100: 9.5354273 | BY100: 9.5536651 | BZ100: 9.5808253 | CA100: 9.6202096 | CB100: 9.6674113 | CC100: 9.7236136 | CD100: 9.7964242 | CE100: 9.8579224 | CF100: 9.9149836 | CG100: 9.9737086 | CH100: 10.043296 | CI100: 10.102218 | CJ100: 10.172505 | CK100: 10.234774 | CL100: 10.286978 | CM100: 10.329882 | CN100: 10.379631 | CO100: 10.427837 | CP100: 10.467775 | CQ100: 10.516031 | CR100: 10.582566 | CS100: 10.648927 | CT100: 10.710472 | CU100: 10.764135 | CV100: 10.801554 | CW100: 10.854095 | CX100: 10.898691 | CY100: 10.940256 | CZ100: 11.000922 | DA100: 11.064777 | DB100: 11.133591 | DC100: 11.189873 | DD100: 11.239366 | DE100: 11.288521 | DF100: 11.322901 | DG100: 11.363297 | DH100: 11.403518 | DI100: 11.438017 | DJ100: 11.484836 | DK100: 11.535153 | DL100: 11.585891 | DM100: 11.637066
A101: ='Population Definitions'!$B$23 -> 80-89F | C101: Number | F101: OR | G101: 7.4066285 | H101: 7.4593706 | I101: 7.6625482 | J101: 7.7147241 | K101: 7.7738676 | L101: 7.8783794 | M101: 7.9942248 | N101: 7.8782954 | O101: 7.749756 | P101: 7.7606291 | Q101: 7.9103361 | R101: 8.1386415 | S101: 8.2843777 | T101: 8.1748865 | U101: 8.9164515 | V101: 8.691943 | W101: 8.8556832 | X101: 8.7143471 | Y101: 8.6089007 | Z101: 8.5983356 | AA101: 8.7212982 | AB101: 8.7458003 | AC101: 8.6489638 | AD101: 8.9091804 | AE101: 9.0388809 | AF101: 8.6378757 | AG101: 9.0168084 | AH101: 8.766707 | AI101: 9.0268399 | AJ101: 9.3288599 | AK101: 8.6574843 | AL101: 9.1124051 | AM101: 9.3126775 | AN101: 9.3327714 | AO101: 9.3445697 | AP101: 9.351036 | AQ101: 9.3919643 | AR101: 9.4787961 | AS101: 9.5793406 | AT101: 9.6830489 | AU101: 9.7884521 | AV101: 9.8342968 | AW101: 9.8373715 | AX101: 9.8405173 | AY101: 9.8561856 | AZ101: 9.8877711 | BA101: 9.9458009 | BB101: 10.019715 | BC101: 10.102882 | BD101: 10.177009 | BE101: 10.241769 | BF101: 10.303244 | BG101: 10.369736 | BH101: 10.428184 | BI101: 10.490877 | BJ101: 10.55027 | BK101: 10.600692 | BL101: 10.653925 | BM101: 10.690935 | BN101: 10.715862 | BO101: 10.745603 | BP101: 10.78168 | BQ101: 10.805545 | BR101: 10.851692 | BS101: 10.896286 | BT101: 10.95362 | BU101: 11.004955 | BV101: 11.039433 | BW101: 11.077708 | BX101: 11.108109 | BY101: 11.134692 | BZ101: 11.170835 | CA101: 11.212745 | CB101: 11.279905 | CC101: 11.349224 | CD101: 11.428421 | CE101: 11.50496 | CF101: 11.574407 | CG101: 11.645664 | CH101: 11.718712 | CI101: 11.795581 | CJ101: 11.874164 | CK101: 11.955549 | CL101: 12.02564 | CM101: 12.076434 | CN101: 12.132903 | CO101: 12.187373 | CP101: 12.24878 | CQ101: 12.302902 | CR101: 12.385244 | CS101: 12.458289 | CT101: 12.547041 | CU101: 12.6238 | CV101: 12.711771 | CW101: 12.779627 | CX101: 12.840076 | CY101: 12.91364 | CZ101: 12.977685 | DA101: 13.056349 | DB101: 13.129914 | DC101: 13.20158 | DD101: 13.268905 | DE101: 13.327541 | DF101: 13.378708 | DG101: 13.419804 | DH101: 13.475652 | DI101: 13.527082 | DJ101: 13.595691 | DK101: 13.6544 | DL101: 13.714509 | DM101: 13.787512
A102: ='Population Definitions'!$B$24 -> 90+M | C102: Number | F102: OR | G102: 3.3884911 | H102: 3.2969704 | I102: 3.3530911 | J102: 3.3466075 | K102: 3.3186586 | L102: 3.3684125 | M102: 3.4522195 | N102: 3.3944327 | O102: 3.3531484 | P102: 3.4561031 | Q102: 3.5009412 | R102: 3.5149739 | S102: 3.5564226 | T102: 3.4348585 | U102: 3.7442612 | V102: 3.6268075 | W102: 3.7050485 | X102: 3.6291419 | Y102: 3.5428364 | Z102: 3.5299001 | AA102: 3.5610367 | AB102: 3.5924688 | AC102: 3.6162155 | AD102: 3.7502957 | AE102: 3.8259601 | AF102: 3.6380536 | AG102: 3.7749273 | AH102: 3.6019146 | AI102: 3.7485591 | AJ102: 4.0825409 | AK102: 3.8110123 | AL102: 3.9624614 | AM102: 3.9020662 | AN102: 3.9181674 | AO102: 3.9336022 | AP102: 3.9483772 | AQ102: 3.9586015 | AR102: 3.9739289 | AS102: 3.9940391 | AT102: 4.0148571 | AU102: 4.0355349 | AV102: 4.0492068 | AW102: 4.0595316 | AX102: 4.0633466 | AY102: 4.0658315 | AZ102: 4.0647217 | BA102: 4.085734 | BB102: 4.1236488 | BC102: 4.1576336 | BD102: 4.1867488 | BE102: 4.2129469 | BF102: 4.2211288 | BG102: 4.2156989 | BH102: 4.216363 | BI102: 4.2254567 | BJ102: 4.2431455 | BK102: 4.2648385 | BL102: 4.289029 | BM102: 4.3124956 | BN102: 4.3344965 | BO102: 4.3562585 | BP102: 4.376577 | BQ102: 4.4007278 | BR102: 4.4214888 | BS102: 4.4449342 | BT102: 4.4658761 | BU102: 4.4811698 | BV102: 4.4993287 | BW102: 4.5066495 | BX102: 4.5165454 | BY102: 4.5206628 | BZ102: 4.5278409 | CA102: 4.5383005 | CB102: 4.5506804 | CC102: 4.5630429 | CD102: 4.5798829 | CE102: 4.5907483 | CF102: 4.5977658 | CG102: 4.6034642 | CH102: 4.6095582 | CI102: 4.6115211 | CJ102: 4.6224718 | CK102: 4.6352986 | CL102: 4.6515571 | CM102: 4.6704102 | CN102: 4.6961133 | CO102: 4.7220811 | CP102: 4.7434091 | CQ102: 4.766933 | CR102: 4.7966341 | CS102: 4.8261808 | CT102: 4.8566253 | CU102: 4.8861891 | CV102: 4.9056579 | CW102: 4.9283141 | CX102: 4.9464736 | CY102: 4.9615713 | CZ102: 4.9816826 | DA102: 5.0047546 | DB102: 5.0351228 | DC102: 5.0608084 | DD102: 5.0827711 | DE102: 5.1035179 | DF102: 5.1180143 | DG102: 5.1378087 | DH102: 5.1586368 | DI102: 5.1780089 | DJ102: 5.205731 | DK102: 5.2330958 | DL102: 5.2576266 | DM102: 5.2799489
A103: ='Population Definitions'!$B$25 -> 90+F | C103: Number | F103: OR | G103: 3.7352965 | H103: 3.7531879 | I103: 3.858586 | J103: 3.8757525 | K103: 3.8818209 | L103: 3.9537385 | M103: 4.0896888 | N103: 3.9851333 | O103: 3.9380905 | P103: 4.0033806 | Q103: 4.1074094 | R103: 4.1542429 | S103: 4.1457229 | T103: 3.9796979 | U103: 4.4082183 | V103: 4.1918841 | W103: 4.3357582 | X103: 4.2396124 | Y103: 4.1238366 | Z103: 4.0911083 | AA103: 4.1389822 | AB103: 4.1808091 | AC103: 4.1578595 | AD103: 4.3865906 | AE103: 4.5007449 | AF103: 4.1930657 | AG103: 4.4230608 | AH103: 4.2075582 | AI103: 4.3186861 | AJ103: 4.4871184 | AK103: 4.2028045 | AL103: 4.3877498 | AM103: 4.4174682 | AN103: 4.4291868 | AO103: 4.4448232 | AP103: 4.4576375 | AQ103: 4.4683868 | AR103: 4.4865626 | AS103: 4.5127479 | AT103: 4.5403625 | AU103: 4.5654128 | AV103: 4.5822108 | AW103: 4.5959207 | AX103: 4.6009897 | AY103: 4.6006181 | AZ103: 4.5983489 | BA103: 4.6212405 | BB103: 4.6641831 | BC103: 4.7075972 | BD103: 4.7462299 | BE103: 4.7821037 | BF103: 4.7964915 | BG103: 4.7960108 | BH103: 4.7953894 | BI103: 4.8046624 | BJ103: 4.8255297 | BK103: 4.8503188 | BL103: 4.8817027 | BM103: 4.9095374 | BN103: 4.93521 | BO103: 4.9639654 | BP103: 4.9940082 | BQ103: 5.0163863 | BR103: 5.0464049 | BS103: 5.0730484 | BT103: 5.1000851 | BU103: 5.1220433 | BV103: 5.1369044 | BW103: 5.1518467 | BX103: 5.1602012 | BY103: 5.1659282 | BZ103: 5.1749445 | CA103: 5.1830045 | CB103: 5.2002706 | CC103: 5.2144354 | CD103: 5.2296375 | CE103: 5.2422323 | CF103: 5.2501568 | CG103: 5.2559771 | CH103: 5.2569777 | CI103: 5.2603989 | CJ103: 5.2701092 | CK103: 5.2874624 | CL103: 5.3093553 | CM103: 5.3310398 | CN103: 5.3614334 | CO103: 5.3926731 | CP103: 5.4257078 | CQ103: 5.4551009 | CR103: 5.4948318 | CS103: 5.5264996 | CT103: 5.5659224 | CU103: 5.601066 | CV103: 5.6354424 | CW103: 5.6561945 | CX103: 5.6753094 | CY103: 5.701862 | CZ103: 5.7220416 | DA103: 5.7517682 | DB103: 5.7877716 | DC103: 5.8280365 | DD103: 5.8676444 | DE103: 5.9032013 | DF103: 5.9379431 | DG103: 5.9700494 | DH103: 6.0055592 | DI103: 6.0358589 | DJ103: 6.0753699 | DK103: 6.1070268 | DL103: 6.1341988 | DM103: 6.1648898
...

Sheet Calibration Data
