Workbook

Sheet pop_size
A1: year | B1: atsi_0-14_M | C1: atsi_15-64_M | D1: atsi_65+_M | E1: atsi_0-14_F | F1: atsi_15-64_F | G1: atsi_65+_F | H1: ausb_0-14_M | I1: ausb_15-64_M | J1: ausb_65+_M | K1: ausb_0-14_F | L1: ausb_15-64_F | M1: ausb_65+_F | N1: lros_0-14_M | O1: lros_15-64_M | P1: lros_65+_M | Q1: lros_0-14_F | R1: lros_15-64_F | S1: lros_65+_F | T1: hros_0-14_M | U1: hros_15-64_M | V1: hros_65+_M | W1: hros_0-14_F | X1: hros_15-64_F | Y1: hros_65+_F
A2: 1980 | B2: 72972.052 | C2: 116088.45 | D2: 5988.7512 | E2: 69603.985 | F2: 118350.93 | G2: 7189.2122 | H2: 1452404.6 | I2: 3764777.2 | J2: 468654.75 | K2: 1388056.1 | L2: 3667192.8 | M2: 645824.08 | N2: 196602.97 | O2: 509614.42 | P2: 63438.873 | Q2: 187892.5 | R2: 496405.03 | S2: 87421.182 | T2: 175621.34 | U2: 455227.96 | V2: 56668.626 | W2: 167840.46 | X2: 443428.29 | Y2: 78091.523
A3: 1981 | B3: 74700.102 | C3: 118837.54 | D3: 6130.5707 | E3: 71252.275 | F3: 121153.59 | G3: 7359.4597 | H3: 1452907.2 | I3: 3821257.2 | J3: 481223.1 | K3: 1389285.4 | L3: 3723910.3 | M3: 663335.02 | N3: 196896.36 | O3: 517852.51 | P3: 65214.818 | Q3: 188274.41 | R3: 504660.18 | S3: 89894.423 | T3: 180054.37 | U3: 473556.78 | V3: 59636.515 | W3: 172169.91 | X3: 461492.88 | Y3: 82205.092
A4: 1982 | B4: 76469.074 | C4: 121651.72 | D4: 6275.7486 | E4: 72939.599 | F4: 124022.63 | G4: 7533.739 | H4: 1460296.2 | I4: 3901273.2 | J4: 495385.53 | K4: 1394592.2 | L4: 3796412.8 | M4: 683671.53 | N4: 195683.48 | O4: 522780.74 | P4: 66382.948 | Q4: 186878.98 | R4: 508729.18 | S4: 91613.76 | T4: 183184.29 | U4: 489388.37 | V4: 62142.77 | W4: 174942.18 | X4: 476234.35 | Y4: 85761.976
A5: 1983 | B5: 78279.936 | C5: 124532.56 | D5: 6424.3645 | E5: 74666.88 | F5: 126959.61 | G5: 7712.1453 | H5: 1460639.4 | I5: 3962636.4 | J5: 506071.69 | K5: 1392632.6 | L5: 3852537.1 | M5: 700575.73 | N5: 194699.33 | O5: 528208.84 | P5: 67458.004 | Q5: 185634.2 | R5: 513532.89 | S5: 93384.873 | T5: 186577.29 | U5: 506174.18 | V5: 64643.939 | W5: 177890.32 | X5: 492110.45 | Y5: 89489.247
A6: 1984 | B6: 80133.682 | C6: 127481.61 | D6: 6576.4997 | E6: 76435.065 | F6: 129966.14 | G6: 7894.7764 | H6: 1451566 | I6: 4021474.6 | J6: 517663.48 | K6: 1383189.1 | L6: 3908308.4 | M6: 717313.79 | N6: 192442.11 | O6: 533149.07 | P6: 68629.503 | Q6: 183377.02 | R6: 518146.01 | S6: 95098.246 | T6: 188777.24 | U6: 522995.76 | V6: 67322.521 | W6: 179884.78 | X6: 508278.42 | Y6: 93287.192
A7: 1985 | B7: 82031.326 | C7: 130500.5 | D7: 6732.2377 | E7: 78245.122 | F7: 133043.86 | G7: 8081.7324 | H7: 1446087.2 | I7: 4089197 | J7: 534179.26 | K7: 1377602.3 | L7: 3971935.6 | M7: 737943.04 | N7: 189496.19 | O7: 535851 | P7: 69999.193 | Q7: 180521.89 | R7: 520484.98 | S7: 96700.53 | T7: 190284.28 | U7: 538079.52 | V7: 70290.31 | W7: 181272.66 | X7: 522649.61 | Y7: 97102.694
A8: 1986 | B8: 83973.908 | C8: 133590.88 | D8: 6891.6636 | E8: 80098.043 | F8: 136194.47 | G8: 8273.1158 | H8: 1433391.7 | I8: 4161696.3 | J8: 555514.82 | K8: 1363146.1 | L8: 4038549.8 | M8: 763039.64 | N8: 186760.77 | O8: 542239.48 | P8: 72379.637 | Q8: 177608.26 | R8: 526194.37 | S8: 99418.648 | T8: 191973.59 | U8: 557374.33 | V8: 74399.879 | W8: 182565.61 | X8: 540881.37 | Y8: 102193.6
A9: 1987 | B9: 85962.492 | C9: 136754.44 | D9: 7054.865 | E9: 81994.843 | F9: 139419.69 | G9: 8469.0312 | H9: 1421970.8 | I9: 4219668.7 | J9: 574485.2 | K9: 1351305.9 | L9: 4102453.5 | M9: 783840.12 | N9: 185809.04 | O9: 551384.45 | P9: 75068.027 | Q9: 176575.24 | R9: 536067.93 | S9: 102424.45 | T9: 196751.64 | U9: 583856.38 | V9: 79488.906 | W9: 186974.05 | X9: 567637.85 | Y9: 108456.39
A10: 1988 | B10: 87998.168 | C10: 139992.92 | D10: 7221.9311 | E10: 83936.561 | F10: 142721.28 | G10: 8669.5862 | H10: 1420052.3 | I10: 4279944.9 | J10: 590782.42 | K10: 1348718.3 | L10: 4165898.2 | M10: 802978.39 | N10: 186017.52 | O10: 560644.65 | P10: 77388.614 | Q10: 176673.23 | R10: 545705.29 | S10: 105184.89 | T10: 202914 | U10: 611569.55 | V10: 84418.036 | W10: 192720.95 | X10: 595273.21 | Y10: 114739.13
A11: 1989 | B11: 90082.051 | C11: 143308.09 | D11: 7392.9535 | E11: 85924.261 | F11: 146101.06 | G11: 8874.8905 | H11: 1423456.6 | I11: 4338465.6 | J11: 608880.09 | K11: 1351792.4 | L11: 4227244.8 | M11: 822357.54 | N11: 186846.22 | O11: 569477.08 | P11: 79923.018 | Q11: 177439.41 | R11: 554877.99 | S11: 107944.56 | T11: 209974.15 | U11: 639967.28 | V11: 89815.934 | W11: 199402.96 | X11: 623561.1 | Y11: 121306
A12: 1990 | B12: 92215.282 | C12: 146701.76 | D12: 7568.0258 | E12: 87959.032 | F12: 149560.88 | G12: 9085.0566 | H12: 1428942.1 | I12: 4385355 | J12: 623969.63 | K12: 1355842.5 | L12: 4277507 | M12: 838001.42 | N12: 187871.8 | O12: 576569.58 | P12: 82037.124 | Q12: 178260.94 | R12: 562390.15 | S12: 110177.2 | T12: 217514.85 | U12: 667542.68 | V12: 94981.219 | W12: 206387.56 | X12: 651125.96 | Y12: 127561.33
A13: 1991 | B13: 94399.03 | C13: 150175.81 | D13: 7747.2441 | E13: 90041.988 | F13: 153102.63 | G13: 9300.1996 | H13: 1432689.8 | I13: 4406603.7 | J13: 642098.94 | K13: 1358154.2 | L13: 4307893.6 | M13: 856493.42 | N13: 189677.4 | O13: 583401.34 | P13: 85009.092 | Q13: 179809.45 | R13: 570332.86 | S13: 113393.32 | T13: 226264.79 | U13: 695935.21 | V13: 101406.73 | W13: 214493.38 | X13: 680345.92 | Y13: 135266.06
... A92: 2070 | B92: 329639.76 | C92: 678914.61 | D92: 102592.16 | E92: 315300.42 | F92: 656787.58 | G92: 118118.43 | H92: 2292106.3 | I92: 7273395.2 | J92: 2158656 | K92: 2166183.2 | L92: 6865537.2 | M92: 2525367.1 | N92: 124602.04 | O92: 1581293 | P92: 921925.82 | Q92: 121518.66 | R92: 1676266.5 | S92: 1043186.6 | T92: 185936.91 | U92: 2335569.2 | V92: 1347693.1 | W92: 181362.74 | X92: 2476936.7 | Y92: 1524231.8

Sheet births
A1: year | B1: atsi_0-14_M | C1: atsi_0-14_F | D1: ausb_0-14_M | E1: ausb_0-14_F
A2: 1980 | B2: 6835.2126 | C2: 6173.4697 | D2: 109133.44 | E2: 103425.05
A3: 1981 | B3: 6926.9106 | C3: 6273.1418 | D3: 114283.75 | E3: 108437.33
A4: 1982 | B4: 7119.9612 | C4: 6468.9815 | D4: 116104.22 | E4: 110151.8
A5: 1983 | B5: 7131.4365 | C5: 6542.4244 | D5: 117448.79 | E5: 111490.63
A6: 1984 | B6: 7217.0019 | C6: 6643.5456 | D6: 112557.08 | E6: 107534.49
A7: 1985 | B7: 7487.0767 | C7: 6897.6582 | D7: 119339.24 | E7: 113650
A8: 1986 | B8: 7533.3927 | C8: 6956.6833 | D8: 117391.38 | E8: 111547.54
A9: 1987 | B9: 7678.8913 | C9: 7083.9449 | D9: 117624.89 | E9: 111646.8
A10: 1988 | B10: 7865.6839 | C10: 7260.6641 | D10: 118359.73 | E10: 112711.63
A11: 1989 | B11: 7993.2615 | C11: 7423.5842 | D11: 120456.94 | E11: 114862.49
A12: 1990 | B12: 8097.0758 | C12: 7514.7268 | D12: 127119.43 | E12: 119960.49
A13: 1991 | B13: 8167.5572 | C13: 7635.9766 | D13: 123816.7 | E13: 117664.31
... A92: 2070 | B92: 26699.917 | C92: 27413.817 | D92: 165612.35 | E92: 154872.69

Sheet acm
A1: year | B1: atsi_0-14_M | C1: atsi_15-64_M | D1: atsi_65+_M | E1: atsi_0-14_F | F1: atsi_15-64_F | G1: atsi_65+_F | H1: ausb_0-14_M | I1: ausb_15-64_M | J1: ausb_65+_M | K1: ausb_0-14_F | L1: ausb_15-64_F | M1: ausb_65+_F | N1: lros_0-14_M | O1: lros_15-64_M | P1: lros_65+_M | Q1: lros_0-14_F | R1: lros_15-64_F | S1: lros_65+_F | T1: hros_0-14_M | U1: hros_15-64_M | V1: hros_65+_M | W1: hros_0-14_F | X1: hros_15-64_F | Y1: hros_65+_F
A2: 1980 | B2: 0.0038359782 | C2: 0.011525069 | D2: 0.099922152 | E2: 0.0025232059 | F2: 0.0064874715 | G2: 0.08468833 | H2: 0.0010123049 | I2: 0.0042088105 | J2: 0.062070201 | K2: 0.00077611156 | L2: 0.002038452 | M2: 0.044217344 | N2: 0.0010123049 | O2: 0.0042088105 | P2: 0.062070201 | Q2: 0.00077611156 | R2: 0.002038452 | S2: 0.044217344 | T2: 0.0010123049 | U2: 0.0042088105 | V2: 0.062070201 | W2: 0.00077611156 | X2: 0.002038452 | Y2: 0.044217344
A3: 1981 | B3: 0.0036881981 | C3: 0.011079567 | D3: 0.098913273 | E3: 0.0023799845 | F3: 0.0062894202 | G3: 0.083013999 | H3: 0.0009719286 | I3: 0.00404689 | J3: 0.061445597 | K3: 0.00072835288 | L3: 0.0019767354 | M3: 0.043345182 | N3: 0.0009719286 | O3: 0.00404689 | P3: 0.061445597 | Q3: 0.00072835288 | R3: 0.0019767354 | S3: 0.043345182 | T3: 0.0009719286 | U3: 0.00404689 | V3: 0.061445597 | W3: 0.00072835288 | X3: 0.0019767354 | Y3: 0.043345182
A4: 1982 | B4: 0.0039114424 | C4: 0.011041482 | D4: 0.10155462 | E4: 0.0024765334 | F4: 0.006405641 | G4: 0.086442485 | H4: 0.0010466145 | I4: 0.0040124181 | J4: 0.06308857 | K4: 0.00075800073 | L4: 0.0020187818 | M4: 0.045137784 | N4: 0.0010466145 | O4: 0.0040124181 | P4: 0.06308857 | Q4: 0.00075800073 | R4: 0.0020187818 | S4: 0.045137784 | T4: 0.0010466145 | U4: 0.0040124181 | V4: 0.06308857 | W4: 0.00075800073 | X4: 0.0020187818 | Y4: 0.045137784
A5: 1983 | B5: 0.0034697208 | C5: 0.010406774 | D5: 0.094781554 | E5: 0.0023616523 | F5: 0.0061798909 | G5: 0.080930403 | H5: 0.00092479267 | I5: 0.003798668 | J5: 0.058880666 | K5: 0.00072981101 | L5: 0.0019407273 | M5: 0.042260297 | N5: 0.00092479267 | O5: 0.003798668 | P5: 0.058880666 | Q5: 0.00072981101 | R5: 0.0019407273 | S5: 0.042260297 | T5: 0.00092479267 | U5: 0.003798668 | V5: 0.058880666 | W5: 0.00072981101 | X5: 0.0019407273 | Y5: 0.042260297
A6: 1984 | B6: 0.0033018756 | C6: 0.0099457308 | D6: 0.093095342 | E6: 0.0020886842 | F6: 0.0059541261 | G6: 0.08047393 | H6: 0.00088630596 | I6: 0.0036241594 | J6: 0.057833326 | K6: 0.00065696165 | L6: 0.001853224 | M6: 0.042022423 | N6: 0.00088630596 | O6: 0.0036241594 | P6: 0.057833326 | Q6: 0.00065696165 | R6: 0.001853224 | S6: 0.042022423 | T6: 0.00088630596 | U6: 0.0036241594 | V6: 0.057833326 | W6: 0.00065696165 | X6: 0.001853224 | Y6: 0.042022423
A7: 1985 | B7: 0.0035616708 | C7: 0.010312167 | D7: 0.097557109 | E7: 0.002358059 | F7: 0.0061539272 | G7: 0.086552752 | H7: 0.00096383295 | I7: 0.0037225997 | J7: 0.060608029 | K7: 0.00074651933 | L7: 0.0019009221 | M7: 0.045198468 | N7: 0.00096383295 | O7: 0.0037225997 | P7: 0.060608029 | Q7: 0.00074651933 | R7: 0.0019009221 | S7: 0.045198468 | T7: 0.00096383295 | U7: 0.0037225997 | V7: 0.060608029 | W7: 0.00074651933 | X7: 0.0019009221 | Y7: 0.045198468
A8: 1986 | B8: 0.0032027247 | C8: 0.0098845057 | D8: 0.091214435 | E8: 0.0020816415 | F8: 0.0058891872 | G8: 0.080977876 | H8: 0.00087690073 | I8: 0.0035326791 | J8: 0.056673361 | K8: 0.0006680504 | L8: 0.0017985897 | M8: 0.042290967 | N8: 0.00087690073 | O8: 0.0035326791 | P8: 0.056673361 | Q8: 0.0006680504 | R8: 0.0017985897 | S8: 0.042290967 | T8: 0.00087690073 | U8: 0.0035326791 | V8: 0.056673361 | W8: 0.0006680504 | X8: 0.0017985897 | Y8: 0.042290967
A9: 1987 | B9: 0.0031203287 | C9: 0.0096865502 | D9: 0.091392303 | E9: 0.001927632 | F9: 0.0057215101 | G9: 0.080803836 | H9: 0.00085771225 | I9: 0.0034389603 | J9: 0.056788542 | K9: 0.00062392681 | L9: 0.00173147 | M9: 0.042202458 | N9: 0.00085771225 | O9: 0.0034389603 | P9: 0.056788542 | Q9: 0.00062392681 | R9: 0.00173147 | S9: 0.042202458 | T9: 0.00085771225 | U9: 0.0034389603 | V9: 0.056788542 | W9: 0.00062392681 | X9: 0.00173147 | Y9: 0.042202458
A10: 1988 | B10: 0.0030460667 | C10: 0.0097892814 | D10: 0.090991049 | E10: 0.0020287958 | F10: 0.0057691348 | G10: 0.080074391 | H10: 0.00084243523 | I10: 0.003429755 | J10: 0.05654197 | K10: 0.00065869371 | L10: 0.0017301366 | M10: 0.041822942 | N10: 0.00084243523 | O10: 0.003429755 | P10: 0.05654197 | Q10: 0.00065869371 | R10: 0.0017301366 | S10: 0.041822942 | T10: 0.00084243523 | U10: 0.003429755 | V10: 0.05654197 | W10: 0.00065869371 | X10: 0.0017301366 | Y10: 0.041822942
A11: 1989 | B11: 0.0028131076 | C11: 0.0094311513 | D11: 0.092833188 | E11: 0.0019311731 | F11: 0.0056038973 | G11: 0.082723438 | H11: 0.00077932619 | I11: 0.003297357 | J11: 0.0576902 | K11: 0.00062885776 | L11: 0.0016762476 | M11: 0.043207958 | N11: 0.00077932619 | O11: 0.003297357 | P11: 0.0576902 | Q11: 0.00062885776 | R11: 0.0016762476 | S11: 0.043207958 | T11: 0.00077932619 | U11: 0.003297357 | V11: 0.0576902 | W11: 0.00062885776 | X11: 0.0016762476 | Y11: 0.043207958
A12: 1990 | B12: 0.0029624128 | C12: 0.0090793931 | D12: 0.086538471 | E12: 0.0019455167 | F12: 0.0053039051 | G12: 0.078205056 | H12: 0.00081327859 | I12: 0.0031656703 | J12: 0.053779927 | K12: 0.00063193332 | L12: 0.0015816257 | M12: 0.0408477 | N12: 0.00081327859 | O12: 0.0031656703 | P12: 0.053779927 | Q12: 0.00063193332 | R12: 0.0015816257 | S12: 0.0408477 | T12: 0.00081327859 | U12: 0.0031656703 | V12: 0.053779927 | W12: 0.00063193332 | X12: 0.0015816257 | Y12: 0.0408477
A13: 1991 | B13: 0.0024944735 | C13: 0.0086850334 | D13: 0.084231975 | E13: 0.0016814597 | F13: 0.0052267144 | G13: 0.07593501 | H13: 0.00068998272 | I13: 0.0030284733 | J13: 0.052349622 | K13: 0.00054928482 | L13: 0.0015514373 | M13: 0.039663103 | N13: 0.00068998272 | O13: 0.0030284733 | P13: 0.052349622 | Q13: 0.00054928482 | R13: 0.0015514373 | S13: 0.039663103 | T13: 0.00068998272 | U13: 0.0030284733 | V13: 0.052349622 | W13: 0.00054928482 | X13: 0.0015514373 | Y13: 0.039663103
... A92: 2070 | B92: 0.00052117403 | C92: 0.0041800548 | D92: 0.062219314 | E92: 0.0005358676 | F92: 0.0028174493 | G92: 0.07185354 | H92: 0.00022026226 | I92: 0.0016884921 | J92: 0.038346521 | K92: 0.00018859651 | L92: 0.0010496017 | M92: 0.03509351 | N92: 0.00022026226 | O92: 0.0016884921 | P92: 0.038346521 | Q92: 0.00018859651 | R92: 0.0010496017 | S92: 0.03509351 | T92: 0.00022026226 | U92: 0.0016884921 | V92: 0.038346521 | W92: 0.00018859651 | X92: 0.0010496017 | Y92: 0.03509351

Sheet migration
A1: year | B1: atsi_0-14_M | C1: atsi_15-64_M | D1: atsi_65+_M | E1: atsi_0-14_F | F1: atsi_15-64_F | G1: atsi_65+_F | H1: ausb_0-14_M | I1: ausb_15-64_M | J1: ausb_65+_M | K1: ausb_0-14_F | L1: ausb_15-64_F | M1: ausb_65+_F | N1: lros_0-14_M | O1: lros_15-64_M | P1: lros_65+_M | Q1: lros_0-14_F | R1: lros_15-64_F | S1: lros_65+_F | T1: hros_0-14_M | U1: hros_15-64_M | V1: hros_65+_M | W1: hros_0-14_F | X1: hros_15-64_F | Y1: hros_65+_F
A2: 1980 | B2: 0 | C2: 0 | D2: 0 | E2: 0 | F2: 0 | G2: 0 | H2: -0.0056634319 | I2: 0.014719513 | J2: -0.089104877 | K2: -0.0049210938 | L2: 0.01374764 | M2: -0.056218641 | N2: 0.069171292 | O2: 0.019654968 | P2: -0.11076414 | Q2: 0.069475379 | R2: 0.018434554 | S2: -0.069449436 | T2: 0.092920933 | U2: 0.043752568 | V2: -0.086386021 | W2: 0.093237832 | X2: 0.04254317 | Y2: -0.045064282
A3: 1981 | B3: 0 | C3: 0 | D3: 0 | E3: 0 | F3: 0 | G3: 0 | H3: -0.0047119279 | I3: 0.019563199 | J3: -0.085467972 | K3: -0.0054291687 | L3: 0.017130346 | M3: -0.052677833 | N3: 0.061478589 | O3: 0.01321574 | P3: -0.11916033 | Q3: 0.059983353 | R3: 0.010168144 | S3: -0.077876663 | T3: 0.085021815 | U3: 0.037130333 | V3: -0.095046855 | W3: 0.083496929 | X3: 0.034048298 | Y3: -0.053734428
A4: 1982 | B4: 0 | C4: 0 | D4: 0 | E4: 0 | F4: 0 | G4: 0 | H4: -0.0091778096 | I4: 0.015711092 | J4: -0.089103225 | K4: -0.010294573 | L4: 0.013746219 | M4: -0.05475506 | N4: 0.062684012 | O4: 0.014441378 | P4: -0.11759733 | Q4: 0.060763781 | R4: 0.011971703 | S4: -0.074354274 | T4: 0.086235619 | U4: 0.038357806 | V4: -0.093543335 | W4: 0.084276766 | X4: 0.035865868 | Y4: -0.050226011
A5: 1983 | B5: 0 | C5: 0 | D5: 0 | E5: 0 | F5: 0 | G5: 0 | H5: -0.015090538 | I5: 0.015125182 | J5: -0.09037711 | K5: -0.015417502 | L5: 0.013733404 | M5: -0.056561034 | N5: 0.055998081 | O5: 0.013577931 | P5: -0.11950768 | Q5: 0.055237153 | R5: 0.011824865 | S5: -0.076869799 | T5: 0.079382519 | U5: 0.037457929 | V5: -0.095438092 | W5: 0.078608202 | X5: 0.035696117 | Y5: -0.052776999
A6: 1984 | B6: 0 | C6: 0 | D6: 0 | E6: 0 | F6: 0 | G6: 0 | H6: -0.010900488 | I6: 0.016949417 | J6: -0.082744182 | K6: -0.011451792 | L6: 0.015475041 | M6: -0.051822048 | N6: 0.052244912 | O6: 0.0096284439 | P6: -0.11642172 | Q6: 0.051753939 | R6: 0.0077733444 | S6: -0.077342202 | T6: 0.075536168 | U6: 0.033401659 | V6: -0.092296306 | W6: 0.075039007 | X6: 0.031533461 | Y6: -0.05329033
A7: 1985 | B7: 0 | C7: 0 | D7: 0 | E7: 0 | F7: 0 | G7: 0 | H7: -0.018750045 | I7: 0.018118065 | J7: -0.071936337 | K7: -0.020258562 | L7: 0.016275509 | M7: -0.043840151 | N7: 0.053195242 | O7: 0.017069004 | P7: -0.096762791 | Q7: 0.051273122 | R7: 0.014748011 | S7: -0.06125396 | T7: 0.076508287 | U7: 0.04100552 | V7: -0.072303875 | W7: 0.074545841 | X7: 0.03866199 | Y7: -0.036934561
A8: 1986 | B8: 0 | C8: 0 | D8: 0 | E8: 0 | F8: 0 | G8: 0 | H8: -0.017656553 | I8: 0.015425307 | J8: -0.076305803 | K8: -0.018337108 | L8: 0.015914754 | M8: -0.049648561 | N8: 0.062447598 | O8: 0.022436193 | P8: -0.093473808 | Q8: 0.061518468 | R8: 0.023060445 | S8: -0.059793066 | T8: 0.092432687 | U8: 0.053083163 | V8: -0.062215695 | W8: 0.09148185 | X8: 0.053764646 | Y8: -0.028743184
A9: 1987 | B9: 0 | C9: 0 | D9: 0 | E9: 0 | F9: 0 | G9: 0 | H9: -0.01303702 | I9: 0.015963123 | J9: -0.077595412 | K9: -0.013589619 | L9: 0.015946927 | M9: -0.05061026 | N9: 0.068646384 | O9: 0.02276766 | P9: -0.095926595 | Q9: 0.067845509 | R9: 0.022750027 | S9: -0.061691259 | T9: 0.098844908 | U9: 0.053438939 | V9: -0.06482943 | W9: 0.098026927 | X9: 0.053457004 | Y9: -0.030713611
A10: 1988 | B10: 0 | C10: 0 | D10: 0 | E10: 0 | F10: 0 | G10: 0 | H10: -0.010552337 | I10: 0.015687052 | J10: -0.073741364 | K10: -0.010962371 | L10: 0.015599966 | M10: -0.050039368 | N10: 0.071964075 | O10: 0.022064344 | P10: -0.09182239 | Q10: 0.071662085 | R10: 0.021955566 | S10: -0.061642106 | T10: 0.1023029 | U10: 0.052744445 | V10: -0.060628968 | W10: 0.10199733 | X10: 0.052667528 | Y10: -0.030645394
A11: 1989 | B11: 0 | C11: 0 | D11: 0 | E11: 0 | F11: 0 | G11: 0 | H11: -0.010418744 | I11: 0.013475242 | J11: -0.074806399 | K11: -0.011478892 | L11: 0.013487602 | M11: -0.051830008 | N11: 0.072934876 | O11: 0.018878333 | P11: -0.093991026 | Q11: 0.071925461 | R11: 0.018895901 | S11: -0.064618834 | T11: 0.10335848 | U11: 0.049512699 | V11: -0.062933135 | W11: 0.10232308 | X11: 0.049563066 | Y11: -0.033735487
A12: 1990 | B12: 0 | C12: 0 | D12: 0 | E12: 0 | F12: 0 | G12: 0 | H12: -0.014690276 | I12: 0.008793431 | J12: -0.072345068 | K12: -0.015169555 | L12: 0.0097796293 | M12: -0.050398092 | N12: 0.077090765 | O12: 0.018291699 | P12: -0.085696817 | Q12: 0.075985317 | R12: 0.01957342 | S12: -0.057572253 | T12: 0.10770683 | U12: 0.048975635 | V12: -0.054273623 | W12: 0.10657336 | X12: 0.050326319 | Y12: -0.026362445
A13: 1991 | B13: 0 | C13: 0 | D13: 0 | E13: 0 | F13: 0 | G13: 0 | H13: -0.016155523 | I13: 0.0058121928 | J13: -0.075346338 | K13: -0.015752019 | L13: 0.0062852988 | M13: -0.054692192 | N13: 0.091071096 | O13: 0.033068714 | P13: -0.071119375 | Q13: 0.091826981 | R13: 0.033715712 | S13: -0.044634645 | T13: 0.10783815 | U13: 0.049884916 | V13: -0.053952896 | W13: 0.10860872 | X13: 0.050555946 | Y13: -0.027577196
... A91: 2069 | B91: 0 | C91: 0 | D91: 0 | E91: 0 | F91: 0 | G91: 0 | H91: -0.0028691378 | I91: 0.0083332835 | J91: -0.034056231 | K91: -0.0021862059 | L91: 0.0076794354 | M91: -0.02582682 | N91: 0.062950456 | O91: 0.023217328 | P91: 0.003097833 | Q91: 0.063092632 | R91: 0.023493761 | S91: 0.0028070108 | T91: 0.063299744 | U91: 0.023588915 | V91: 0.0031804219 | W91: 0.063432675 | X91: 0.023858967 | Y91: 0.0028832216

Sheet aging
A1: year | B1: atsi_0-14_M | C1: atsi_15-64_M | D1: atsi_0-14_F | E1: atsi_15-64_F | F1: ausb_0-14_M | G1: ausb_15-64_M | H1: ausb_0-14_F | I1: ausb_15-64_F | J1: lros_0-14_M | K1: lros_15-64_M | L1: lros_0-14_F | M1: lros_15-64_F | N1: hros_0-14_M | O1: hros_15-64_M | P1: hros_0-14_F | Q1: hros_15-64_F
A2: 1980 | B2: 0.066151954 | C2: 0.0063764174 | D2: 0.062490015 | E2: 0.0065828799 | F2: =1/15 -> 0.066666667 | G2: =1/40 -> 0.025 | H2: =1/15 -> 0.066666667 | I2: =1/40 -> 0.025 | J2: =1/15 -> 0.066666667 | K2: =1/40 -> 0.025 | L2: =1/15 -> 0.066666667 | M2: =1/40 -> 0.025 | N2: =1/15 -> 0.066666667 | O2: =1/40 -> 0.025 | P2: =1/15 -> 0.066666667 | Q2: =1/40 -> 0.025
A3: 1981 | B3: 0.065360423 | C3: 0.0063243715 | D3: 0.061980321 | E3: 0.0064811729 | F3: =1/15 -> 0.066666667 | G3: =1/40 -> 0.025 | H3: =1/15 -> 0.066666667 | I3: =1/40 -> 0.025 | J3: =1/15 -> 0.066666667 | K3: =1/40 -> 0.025 | L3: =1/15 -> 0.066666667 | M3: =1/40 -> 0.025 | N3: =1/15 -> 0.066666667 | O3: =1/40 -> 0.025 | P3: =1/15 -> 0.066666667 | Q3: =1/40 -> 0.025
A4: 1982 | B4: 0.065516608 | C4: 0.0064606328 | D4: 0.062532056 | E4: 0.0066894358 | F4: =1/15 -> 0.066666667 | G4: =1/40 -> 0.025 | H4: =1/15 -> 0.066666667 | I4: =1/40 -> 0.025 | J4: =1/15 -> 0.066666667 | K4: =1/40 -> 0.025 | L4: =1/15 -> 0.066666667 | M4: =1/40 -> 0.025 | N4: =1/15 -> 0.066666667 | O4: =1/40 -> 0.025 | P4: =1/15 -> 0.066666667 | Q4: =1/40 -> 0.025
A5: 1983 | B5: 0.063951016 | C5: 0.0061112251 | D5: 0.061578875 | E5: 0.0063546051 | F5: =1/15 -> 0.066666667 | G5: =1/40 -> 0.025 | H5: =1/15 -> 0.066666667 | I5: =1/40 -> 0.025 | J5: =1/15 -> 0.066666667 | K5: =1/40 -> 0.025 | L5: =1/15 -> 0.066666667 | M5: =1/40 -> 0.025 | N5: =1/15 -> 0.066666667 | O5: =1/40 -> 0.025 | P5: =1/15 -> 0.066666667 | Q5: =1/40 -> 0.025
A6: 1984 | B6: 0.063079174 | C6: 0.0060242371 | D6: 0.061147848 | E6: 0.0063268767 | F6: =1/15 -> 0.066666667 | G6: =1/40 -> 0.025 | H6: =1/15 -> 0.066666667 | I6: =1/40 -> 0.025 | J6: =1/15 -> 0.066666667 | K6: =1/40 -> 0.025 | L6: =1/15 -> 0.066666667 | M6: =1/40 -> 0.025 | N6: =1/15 -> 0.066666667 | O6: =1/40 -> 0.025 | P6: =1/15 -> 0.066666667 | Q6: =1/40 -> 0.025
A7: 1985 | B7: 0.064028297 | C7: 0.00625441 | D7: 0.062115445 | E7: 0.006696134 | F7: =1/15 -> 0.066666667 | G7: =1/40 -> 0.025 | H7: =1/15 -> 0.066666667 | I7: =1/40 -> 0.025 | J7: =1/15 -> 0.066666667 | K7: =1/40 -> 0.025 | L7: =1/15 -> 0.066666667 | M7: =1/40 -> 0.025 | N7: =1/15 -> 0.066666667 | O7: =1/40 -> 0.025 | P7: =1/15 -> 0.066666667 | Q7: =1/40 -> 0.025
A8: 1986 | B8: 0.062827409 | C8: 0.0059272052 | D8: 0.061089481 | E8: 0.0063574888 | F8: =1/15 -> 0.066666667 | G8: =1/40 -> 0.025 | H8: =1/15 -> 0.066666667 | I8: =1/40 -> 0.025 | J8: =1/15 -> 0.066666667 | K8: =1/40 -> 0.025 | L8: =1/15 -> 0.066666667 | M8: =1/40 -> 0.025 | N8: =1/15 -> 0.066666667 | O8: =1/40 -> 0.025 | P8: =1/15 -> 0.066666667 | Q8: =1/40 -> 0.025
A9: 1987 | B9: 0.062527087 | C9: 0.005936381 | D9: 0.060786395 | E9: 0.0063469168 | F9: =1/15 -> 0.066666667 | G9: =1/40 -> 0.025 | H9: =1/15 -> 0.066666667 | I9: =1/40 -> 0.025 | J9: =1/15 -> 0.066666667 | K9: =1/40 -> 0.025 | L9: =1/15 -> 0.066666667 | M9: =1/40 -> 0.025 | N9: =1/15 -> 0.066666667 | O9: =1/40 -> 0.025 | P9: =1/15 -> 0.066666667 | Q9: =1/40 -> 0.025
A10: 1988 | B10: 0.062657587 | C10: 0.0059156812 | D10: 0.060792031 | E10: 0.0063026068 | F10: =1/15 -> 0.066666667 | G10: =1/40 -> 0.025 | H10: =1/15 -> 0.066666667 | I10: =1/40 -> 0.025 | J10: =1/15 -> 0.066666667 | K10: =1/40 -> 0.025 | L10: =1/15 -> 0.066666667 | M10: =1/40 -> 0.025 | N10: =1/15 -> 0.066666667 | O10: =1/40 -> 0.025 | P10: =1/15 -> 0.066666667 | Q10: =1/40 -> 0.025
A11: 1989 | B11: 0.062239035 | C11: 0.0060107132 | D11: 0.060784683 | E11: 0.0064635228 | F11: =1/15 -> 0.066666667 | G11: =1/40 -> 0.025 | H11: =1/15 -> 0.066666667 | I11: =1/40 -> 0.025 | J11: =1/15 -> 0.066666667 | K11: =1/40 -> 0.025 | L11: =1/15 -> 0.066666667 | M11: =1/40 -> 0.025 | N11: =1/15 -> 0.066666667 | O11: =1/40 -> 0.025 | P11: =1/15 -> 0.066666667 | Q11: =1/40 -> 0.025
A12: 1990 | B12: 0.061162834 | C12: 0.0056859823 | D12: 0.059807901 | E12: 0.0061890543 | F12: =1/15 -> 0.066666667 | G12: =1/40 -> 0.025 | H12: =1/15 -> 0.066666667 | I12: =1/40 -> 0.025 | J12: =1/15 -> 0.066666667 | K12: =1/40 -> 0.025 | L12: =1/15 -> 0.066666667 | M12: =1/40 -> 0.025 | N12: =1/15 -> 0.066666667 | O12: =1/40 -> 0.025 | P12: =1/15 -> 0.066666667 | Q12: =1/40 -> 0.025
A13: 1991 | B13: 0.06034617 | C13: 0.0055669952 | D13: 0.059442183 | E13: 0.0060511606 | F13: =1/15 -> 0.066666667 | G13: =1/40 -> 0.025 | H13: =1/15 -> 0.066666667 | I13: =1/40 -> 0.025 | J13: =1/15 -> 0.066666667 | K13: =1/40 -> 0.025 | L13: =1/15 -> 0.066666667 | M13: =1/40 -> 0.025 | N13: =1/15 -> 0.066666667 | O13: =1/40 -> 0.025 | P13: =1/15 -> 0.066666667 | Q13: =1/40 -> 0.025
... A92: 2070 | B92: 0.06511022 | C92: 0.012116053 | D92: 0.071027502 | E92: 0.015998995 | F92: =1/15 -> 0.066666667 | G92: =1/40 -> 0.025 | H92: =1/15 -> 0.066666667 | I92: =1/40 -> 0.025 | J92: =1/15 -> 0.066666667 | K92: =1/40 -> 0.025 | L92: =1/15 -> 0.066666667 | M92: =1/40 -> 0.025 | N92: =1/15 -> 0.066666667 | O92: =1/40 -> 0.025 | P92: =1/15 -> 0.066666667 | Q92: =1/40 -> 0.025

Sheet calib_vals
A1: year | B1: total_pop
A2: 1980 | B2: =SUM(pop_size!B2:Y2) -> 14695356
A3: 1981 | B3: =SUM(pop_size!B3:Y3) -> 14923260
A4: 1982 | B4: =SUM(pop_size!B4:Y4) -> 15184247
A5: 1983 | B5: =SUM(pop_size!B5:Y5) -> 15393472
A6: 1984 | B6: =SUM(pop_size!B6:Y6) -> 15579391
A7: 1985 | B7: =SUM(pop_size!B7:Y7) -> 15788312
A8: 1986 | B8: =SUM(pop_size!B8:Y8) -> 16018350
A9: 1987 | B9: =SUM(pop_size!B9:Y9) -> 16263874
A10: 1988 | B10: =SUM(pop_size!B10:Y10) -> 16532164
A11: 1989 | B11: =SUM(pop_size!B11:Y11) -> 16814416
A12: 1990 | B12: =SUM(pop_size!B12:Y12) -> 17065128
A13: 1991 | B13: =SUM(pop_size!B13:Y13) -> 17284036
... A92: 2070 | B92: =SUM(pop_size!B92:Y92) -> 39003121
