Workbook

Sheet Notes
A1: Regions | B1: Correct as of
A2: Included countries have complete demography data (population, deaths, births, and migration) within the UN Population Prospects 2022 update
A3: WHO Regions: A total of 194 member states make up six geo-political WHO world regions. (https://www.who.int/countries) African WHO region (AFR) WHO region of the Americas (AMR; formerly PAHO) Eastern Mediterranean WHO region (EMR) European WHO region (EUR) South-East Asia WHO region (SEAR) Western Pacific WHO region (WPR) Not a WHO member state (999) | B3: 45055
A4: World Bank Income Classification: (https://blogs.worldbank.org/opendata/new-world-bank-country-classifications-income-level-2022-2023) Atlas method using Gross Net Income (GNI) per capita. Low Income represents GNI per capita <1045, Lower-middle 1046-4095, Upper Middle 4096-12,695, and High >12695 (US$). 999 indicates no income classification for a given setting. | B4: 45055
A5: GBD Regions and Super Regions As used in the 2019 Global Burden of Disease study, aggregation of countries was based upon GBD input data (location heirachy). 999 indicates no data on GBD region for a given setting. | B5: 45055
A6: Sustainable Development Goal (SDG), Geographic Regions and Subregions: World Population Prospects 2022 Revision (UN DESA); July 2022 Countries and areas are grouped into eight Sustainable Development Goal (SDG) regions as defined by the United Nations Statistics Division and used for The Sustainable Development Goals Report (https://unstats.un.org/sdgs/indicators/regional-groups/). These regions are further divided into 21 geographic subregions. | B6: 45055
A7: VIMC Indicates whether country was included for the initial VIMC modelling analyses. Taken from Toor J et al 2020 (eLife). Can be used to run mock analyses (and test) prior to commencement of VIMC 2.0.
A11: http://situatedlaboratories.net/who-hepB-dashboard/src/#global-strategies

Sheet settings
A1: ISO3 Alpha-code | B1: Location code | C1: country_full | D1: location | E1: who_reg | F1: wb_inc | G1: gbd_reg | H1: gbd_sreg | I1: sdg_reg | J1: geog_reg | K1: sub_reg | L1: vimc
A2: AFG | B2: 4 | C2: Afghanistan | D2: Afghanistan | E2: EMR | F2: Low income | G2: North Africa and Middle East | H2: North Africa and Middle East | I2: Central and Southern Asia | J2: Asia | K2: Southern Asia | L2: =IF(ISERROR(VLOOKUP(A2,VIMC_1!$A$1:$B$112,2,FALSE)), "N", "Y") -> Y
A3: ALB | B3: 8 | C3: Albania | D3: Albania | E3: EUR | F3: Upper middle income | G3: Central Europe | H3: Central Europe, Eastern Europe and Central Asia | I3: Europe and Northern America | J3: Europe | K3: Southern Europe | L3: =IF(ISERROR(VLOOKUP(A3,VIMC_1!$A$1:$B$112,2,FALSE)), "N", "Y") -> Y
A4: DZA | B4: 12 | C4: Algeria | D4: Algeria | E4: AFR | F4: Lower middle income | G4: North Africa and Middle East | H4: North Africa and Middle East | I4: Northern Africa and Western Asia | J4: Africa | K4: Northern Africa | L4: =IF(ISERROR(VLOOKUP(A4,VIMC_1!$A$1:$B$112,2,FALSE)), "N", "Y") -> Y
A5: ASM | B5: 16 | C5: American Samoa | D5: American Samoa | E5: Missing | F5: Upper middle income | G5: Missing | H5: Missing | I5: Oceania (excluding Australia and New Zealand) | J5: Oceania | K5: Polynesia | L5: =IF(ISERROR(VLOOKUP(A5,VIMC_1!$A$1:$B$112,2,FALSE)), "N", "Y") -> N
A6: AND | B6: 20 | C6: Andorra | D6: Andorra | E6: EUR | F6: High income | G6: Western Europe | H6: High Income | I6: Europe and Northern America | J6: Europe | K6: Southern Europe | L6: =IF(ISERROR(VLOOKUP(A6,VIMC_1!$A$1:$B$112,2,FALSE)), "N", "Y") -> N
A7: AGO | B7: 24 | C7: Angola | D7: Angola | E7: AFR | F7: Lower middle income | G7: Central Sub-Saharan Africa | H7: Sub-Saharan Africa | I7: Sub-Saharan Africa | J7: Africa | K7: Middle Africa | L7: =IF(ISERROR(VLOOKUP(A7,VIMC_1!$A$1:$B$112,2,FALSE)), "N", "Y") -> Y
A8: AIA | B8: 660 | C8: Anguilla | D8: Missing | E8: Missing | F8: Missing | G8: Missing | H8: Missing | I8: Latin America and the Caribbean | J8: Latin America and the Caribbean | K8: Caribbean | L8: =IF(ISERROR(VLOOKUP(A8,VIMC_1!$A$1:$B$112,2,FALSE)), "N", "Y") -> N
A9: ATG | B9: 28 | C9: Antigua and Barbuda | D9: Antigua and Barbuda | E9: AMR | F9: High income | G9: Caribbean | H9: Latin America and Caribbean | I9: Latin America and the Caribbean | J9: Latin America and the Caribbean | K9: Caribbean | L9: =IF(ISERROR(VLOOKUP(A9,VIMC_1!$A$1:$B$112,2,FALSE)), "N", "Y") -> N
A10: ARG | B10: 32 | C10: Argentina | D10: Argentina | E10: AMR | F10: Upper middle income | G10: Southern Latin America | H10: High Income | I10: Latin America and the Caribbean | J10: Latin America and the Caribbean | K10: South America | L10: =IF(ISERROR(VLOOKUP(A10,VIMC_1!$A$1:$B$112,2,FALSE)), "N", "Y") -> N
A11: ARM | B11: 51 | C11: Armenia | D11: Armenia | E11: EUR | F11: Upper middle income | G11: Central Asia | H11: Central Europe, Eastern Europe and Central Asia | I11: Northern Africa and Western Asia | J11: Asia | K11: Western Asia | L11: =IF(ISERROR(VLOOKUP(A11,VIMC_1!$A$1:$B$112,2,FALSE)), "N", "Y") -> Y
A12: ABW | B12: 533 | C12: Aruba | D12: Missing | E12: Missing | F12: High income | G12: Missing | H12: Missing | I12: Latin America and the Caribbean | J12: Latin America and the Caribbean | K12: Caribbean | L12: =IF(ISERROR(VLOOKUP(A12,VIMC_1!$A$1:$B$112,2,FALSE)), "N", "Y") -> N
A13: AUS | B13: 36 | C13: Australia | D13: Australia | E13: WPR | F13: High income | G13: Australasia | H13: High Income | I13: Australia/New Zealand | J13: Oceania | K13: Australia/New Zealand | L13: =IF(ISERROR(VLOOKUP(A13,VIMC_1!$A$1:$B$112,2,FALSE)), "N", "Y") -> N
... A238: ZWE | B238: 716 | C238: Zimbabwe | D238: Zimbabwe | E238: AFR | F238: Lower middle income | G238: Southern Sub-Saharan Africa | H238: Sub-Saharan Africa | I238: Sub-Saharan Africa | J238: Africa | K238: Eastern Africa | L238: =IF(ISERROR(VLOOKUP(A238,VIMC_1!$A$1:$B$112,2,FALSE)), "N", "Y") -> Y

Sheet VIMC_1
A1: AFG | B1: Afghanistan | C1: TRUE | D1: TRUE
A2: AGO | B2: Angola | C2: TRUE | D2: TRUE
A3: ALB | B3: Albania | C3: FALSE | D3: TRUE
A4: ARM | B4: Armenia | C4: TRUE | D4: TRUE
A5: AZE | B5: Azerbaijan | C5: TRUE | D5: TRUE
A6: BDI | B6: Burundi | C6: TRUE | D6: TRUE
A7: BEN | B7: Benin | C7: TRUE | D7: TRUE
A8: BFA | B8: Burkina Faso | C8: TRUE | D8: TRUE
A9: BGD | B9: Bangladesh | C9: TRUE | D9: TRUE
A10: BIH | B10: Bosnia and Herzegovina | C10: FALSE | D10: TRUE
A11: BLR | B11: Belarus | C11: FALSE | D11: FALSE
A12: BLZ | B12: Belize | C12: FALSE | D12: TRUE
... A112: ZWE | B112: Zimbabwe | C112: TRUE | D112: TRUE
